cand_id,name,first,last,party,state,incumbent,fec_id,strength
C-0001,Mary Peltola,Mary,Peltola,DEM,AK,0,,10.77
C-0002,Dan Sullivan,Dan,Sullivan,REP,AK,1,,-2.1
C-0003,Everett Wess,Everett,Wess,DEM,AL,0,,0.0
C-0004,Barry Moore,Barry,Moore,REP,AL,0,,1.39
C-0005,Hallie Shoffner,Hallie,Shoffner,DEM,AR,0,,0.0
C-0006,Tom Cotton,Tom,Cotton,REP,AR,1,,0.0
C-0007,John Hickenlooper,John,Hickenlooper,DEM,CO,1,,2.83
C-0008,Mark Baisley,Mark,Baisley,REP,CO,0,,0.0
C-0009,Chris Coons,Chris,Coons,DEM,DE,1,,0.0
C-0010,Michael Katz,Michael,Katz,REP,DE,0,,0.0
C-0011,Alexander Vindman,Alexander,Vindman,DEM,FL,0,,0.0
C-0012,Ashley Moody,Ashley,Moody,REP,FL,1,,0.0
C-0013,Jon Ossoff,Jon,Ossoff,DEM,GA,1,,7.59
C-0014,Mike Collins,Mike,Collins,REP,GA,0,,0.0
C-0015,Josh Turek,Josh,Turek,DEM,IA,0,,0.0
C-0016,Ashley Hinson,Ashley,Hinson,REP,IA,0,,-1.4
C-0017,David Roth,David,Roth,DEM,ID,0,,-1.96
C-0018,Jim Risch,Jim,Risch,REP,ID,1,,0.0
C-0019,Juliana Stratton,Juliana,Stratton,DEM,IL,0,,0.0
C-0020,Don Tracy,Don,Tracy,REP,IL,0,,0.0
C-0021,Adam Hamilton,Adam,Hamilton,DEM,KS,0,,0.0
C-0022,Roger Marshall,Roger,Marshall,REP,KS,1,,0.87
C-0023,Charles Booker,Charles,Booker,DEM,KY,0,,0.0
C-0024,Andy Barr,Andy,Barr,REP,KY,0,,-7.29
C-0025,Gary Crockett,Gary,Crockett,DEM,LA,0,,0.0
C-0026,Julia Letlow,Julia,Letlow,REP,LA,0,,-10.65
C-0027,Ed Markey,Ed,Markey,DEM,MA,1,,0.0
C-0028,John Deaton,John,Deaton,REP,MA,0,,0.0
C-0029,Graham Platner,Graham,Platner,DEM,ME,0,,0.0
C-0030,Susan Collins,Susan,Collins,REP,ME,1,,-17.83
C-0031,Abdul El-Sayed,Abdul,El-Sayed,DEM,MI,0,,0.0
C-0032,Mike Rogers,Mike,Rogers,REP,MI,0,,0.66
C-0033,Peggy Flanagan,Peggy,Flanagan,DEM,MN,0,,0.0
C-0034,Adam Schwarze,Adam,Schwarze,REP,MN,0,,0.0
C-0035,Scott Colom,Scott,Colom,DEM,MS,0,,0.0
C-0036,Cindy Hyde-Smith,Cindy,Hyde-Smith,REP,MS,1,,6.43
C-0037,Alani Bankhead,Alani,Bankhead,DEM,MT,0,,0.0
C-0038,Kurt Alme,Kurt,Alme,REP,MT,0,,0.0
C-0039,Seth Bodnar,Seth,Bodnar,IND,MT,0,,0.0
C-0040,Roy Cooper,Roy,Cooper,DEM,NC,0,,2.85
C-0041,Michael Whatley,Michael,Whatley,REP,NC,0,,0.0
C-0042,(no Democrat — backs Osborn),(no,Democrat — backs Osborn),DEM,NE,0,,0.0
C-0043,Pete Ricketts,Pete,Ricketts,REP,NE,1,,0.07
C-0044,Dan Osborn,Dan,Osborn,IND,NE,0,,15.38
C-0045,Chris Pappas,Chris,Pappas,DEM,NH,0,,6.3
C-0046,Scott Brown,Scott,Brown,REP,NH,0,,0.0
C-0047,Cory Booker,Cory,Booker,DEM,NJ,1,,0.32
C-0048,Justin Murphy,Justin,Murphy,REP,NJ,0,,0.0
C-0049,Ben Ray Lujan,Ben,Ray Lujan,DEM,NM,1,,0.0
C-0050,Larry Marker,Larry,Marker,REP,NM,0,,0.0
C-0051,Sherrod Brown,Sherrod,Brown,DEM,OH,0,,4.59
C-0052,Jon Husted,Jon,Husted,REP,OH,1,,0.0
C-0053,Jim Priest,Jim,Priest,DEM,OK,0,,0.0
C-0054,Kevin Hern,Kevin,Hern,REP,OK,0,,-4.17
C-0055,Jeff Merkley,Jeff,Merkley,DEM,OR,1,,0.0
C-0056,David Brock Smith,David,Brock Smith,REP,OR,0,,0.0
C-0057,Jack Reed,Jack,Reed,DEM,RI,1,,0.0
C-0058,Raymond McKay,Raymond,McKay,REP,RI,0,,0.0
C-0059,Annie Andrews,Annie,Andrews,DEM,SC,0,,4.88
C-0060,Lindsey Graham,Lindsey,Graham,REP,SC,1,,1.57
C-0061,Julian Beaudion,Julian,Beaudion,DEM,SD,0,,0.0
C-0062,Mike Rounds,Mike,Rounds,REP,SD,1,,-4.09
C-0063,Marquita Bradshaw,Marquita,Bradshaw,DEM,TN,0,,0.0
C-0064,Bill Hagerty,Bill,Hagerty,REP,TN,1,,-6.88
C-0065,James Talarico,James,Talarico,DEM,TX,0,,0.0
C-0066,Ken Paxton,Ken,Paxton,REP,TX,0,,3.07
C-0067,Mark Warner,Mark,Warner,DEM,VA,1,,2.22
C-0068,Bert Mizusawa,Bert,Mizusawa,REP,VA,0,,0.0
C-0069,Rachel Anderson,Rachel,Anderson,DEM,WV,0,,0.0
C-0070,Shelley Moore Capito,Shelley,Moore Capito,REP,WV,1,,0.0
C-0071,James Byrd,James,Byrd,DEM,WY,0,,0.0
C-0072,Harriet Hageman,Harriet,Hageman,REP,WY,0,,0.0
C-0073,Tom Begich,Tom,Begich,DEM,AK,0,,0.0
C-0074,Click Bishop,Click,Bishop,REP,AK,0,,0.0
C-0075,Doug Jones,Doug,Jones,DEM,AL,0,,2.53
C-0076,Tommy Tuberville,Tommy,Tuberville,REP,AL,0,,2.53
C-0077,Fredrick Love,Fredrick,Love,DEM,AR,0,,0.0
C-0078,Sarah Huckabee Sanders,Sarah,Huckabee Sanders,REP,AR,1,,2.31
C-0079,Katie Hobbs,Katie,Hobbs,DEM,AZ,1,,3.35
C-0080,Andy Biggs,Andy,Biggs,REP,AZ,0,,3.16
C-0081,Xavier Becerra,Xavier,Becerra,DEM,CA,0,,0.0
C-0082,Steve Hilton,Steve,Hilton,REP,CA,0,,0.0
C-0083,Phil Weiser,Phil,Weiser,DEM,CO,0,,0.0
C-0084,Victor Marx,Victor,Marx,REP,CO,0,,0.0
C-0085,Ned Lamont,Ned,Lamont,DEM,CT,1,,-4.04
C-0086,Ryan Fazio,Ryan,Fazio,REP,CT,0,,0.0
C-0087,David Jolly,David,Jolly,DEM,FL,0,,0.0
C-0088,Byron Donalds,Byron,Donalds,REP,FL,0,,-0.7
C-0089,Keisha Lance Bottoms,Keisha,Lance Bottoms,DEM,GA,0,,0.0
C-0090,Rick Jackson,Rick,Jackson,REP,GA,0,,0.0
C-0091,Josh Green,Josh,Green,DEM,HI,1,,0.0
C-0092,Gary Cordery,Gary,Cordery,REP,HI,0,,0.0
C-0093,Rob Sand,Rob,Sand,DEM,IA,0,,16.29
C-0094,Zach Lahn,Zach,Lahn,REP,IA,0,,0.0
C-0095,Terri Pickens,Terri,Pickens,DEM,ID,0,,0.0
C-0096,Brad Little,Brad,Little,REP,ID,1,,-16.05
C-0097,JB Pritzker,JB,Pritzker,DEM,IL,1,,0.0
C-0098,Darren Bailey,Darren,Bailey,REP,IL,0,,-2.53
C-0099,Ethan Corson,Ethan,Corson,DEM,KS,0,,0.0
C-0100,Ty Masterson,Ty,Masterson,REP,KS,0,,0.0
C-0101,Maura Healey,Maura,Healey,DEM,MA,1,,-0.81
C-0102,Mike Minogue,Mike,Minogue,REP,MA,0,,0.0
C-0103,Wes Moore,Wes,Moore,DEM,MD,1,,3.31
C-0104,Dan Cox,Dan,Cox,REP,MD,0,,-0.67
C-0105,Hannah Pingree,Hannah,Pingree,DEM,ME,0,,0.0
C-0106,Robert Charles,Robert,Charles,REP,ME,0,,0.0
C-0107,Jocelyn Benson,Jocelyn,Benson,DEM,MI,0,,18.91
C-0108,John James,John,James,REP,MI,0,,-3.95
C-0109,Amy Klobuchar,Amy,Klobuchar,DEM,MN,0,,-0.18
C-0110,Kendall Qualls,Kendall,Qualls,REP,MN,0,,0.0
C-0111,Lynne Walz,Lynne,Walz,DEM,NE,0,,0.0
C-0112,Jim Pillen,Jim,Pillen,REP,NE,1,,-2.37
C-0113,Cinde Warmington,Cinde,Warmington,DEM,NH,0,,-14.83
C-0114,Kelly Ayotte,Kelly,Ayotte,REP,NH,1,,-12.36
C-0115,Deb Haaland,Deb,Haaland,DEM,NM,0,,-9.58
C-0116,Gregg Hull,Gregg,Hull,REP,NM,0,,0.0
C-0117,Aaron Ford,Aaron,Ford,DEM,NV,0,,4.75
C-0118,Joe Lombardo,Joe,Lombardo,REP,NV,1,,-0.98
C-0119,Kathy Hochul,Kathy,Hochul,DEM,NY,1,,-13.75
C-0120,Bruce Blakeman,Bruce,Blakeman,REP,NY,0,,0.0
C-0121,Amy Acton,Amy,Acton,DEM,OH,0,,0.0
C-0122,Vivek Ramaswamy,Vivek,Ramaswamy,REP,OH,0,,0.0
C-0123,Cyndi Munson,Cyndi,Munson,DEM,OK,0,,0.0
C-0124,Gentner Drummond,Gentner,Drummond,REP,OK,0,,-1.05
C-0125,Tina Kotek,Tina,Kotek,DEM,OR,1,,-9.33
C-0126,Christine Drazan,Christine,Drazan,REP,OR,0,,-13.1
C-0127,Josh Shapiro,Josh,Shapiro,DEM,PA,1,,16.86
C-0128,Stacy Garrity,Stacy,Garrity,REP,PA,0,,-1.94
C-0129,Dan McKee,Dan,McKee,DEM,RI,1,,0.0
C-0130,Aaron Guckian,Aaron,Guckian,REP,RI,0,,0.0
C-0131,Jermaine Johnson,Jermaine,Johnson,DEM,SC,0,,0.0
C-0132,Alan Wilson,Alan,Wilson,REP,SC,0,,0.11
C-0133,Dan Ahlers,Dan,Ahlers,DEM,SD,0,,0.0
C-0134,Larry Rhoden,Larry,Rhoden,REP,SD,1,,1.54
C-0135,Carnita Atwater,Carnita,Atwater,DEM,TN,0,,0.0
C-0136,Marsha Blackburn,Marsha,Blackburn,REP,TN,0,,5.6
C-0137,Gina Hinojosa,Gina,Hinojosa,DEM,TX,0,,0.0
C-0138,Greg Abbott,Greg,Abbott,REP,TX,1,,-2.5
C-0139,Amanda Janoo,Amanda,Janoo,DEM,VT,0,,0.0
C-0140,Phil Scott,Phil,Scott,REP,VT,1,,-91.37
C-0141,Mandela Barnes,Mandela,Barnes,DEM,WI,0,,8.53
C-0142,Tom Tiffany,Tom,Tiffany,REP,WI,0,,0.42
C-0143,Gabriel Green,Gabriel,Green,DEM,WY,0,,0.0
C-0144,Megan Degenfelder,Megan,Degenfelder,REP,WY,0,,3.76
C-0145,Nick Begich III,Nick,Begich III,REP,AK,1,,0.0
C-0146,Clyde Jones,Clyde,Jones,DEM,AL,0,,0.0
C-0147,Rhett Marques,Rhett,Marques,REP,AL,0,,0.0
C-0148,Shomari Figures,Shomari,Figures,DEM,AL,1,,1.22
C-0149,Hampton Harris,Hampton,Harris,REP,AL,0,,0.0
C-0150,Victor McInnis,Victor,McInnis,DEM,AL,0,,0.0
C-0151,Mike Rogers,Mike,Rogers,REP,AL,1,,0.0
C-0152,Amanda Pusczek,Amanda,Pusczek,DEM,AL,0,,0.0
C-0153,Robert Aderholt,Robert,Aderholt,REP,AL,1,,0.0
C-0154,Andrew Sneed,Andrew,Sneed,DEM,AL,0,,0.0
C-0155,Dale Strong,Dale,Strong,REP,AL,1,,0.0
C-0156,Elizabeth Anderson,Elizabeth,Anderson,DEM,AL,0,,2.21
C-0157,Gary Palmer,Gary,Palmer,REP,AL,1,,-0.79
C-0158,Terri Sewell,Terri,Sewell,DEM,AL,1,,3.97
C-0159,Republican candidate (AL-07),Republican,candidate (AL-07),REP,AL,0,,0.0
C-0160,Terri Green,Terri,Green,DEM,AR,0,,0.0
C-0161,Rick Crawford,Rick,Crawford,REP,AR,1,,-3.92
C-0162,Chris Jones,Chris,Jones,DEM,AR,0,,2.14
C-0163,French Hill,French,Hill,REP,AR,1,,-1.32
C-0164,Robb Ryerse,Robb,Ryerse,DEM,AR,0,,0.0
C-0165,Steve Womack,Steve,Womack,REP,AR,1,,-6.94
C-0166,James Russell,James,Russell,DEM,AR,0,,0.0
C-0167,Bruce Westerman,Bruce,Westerman,REP,AR,1,,-4.94
C-0168,Amish Shah,Amish,Shah,DEM,AZ,0,,0.0
C-0169,Gina Swoboda,Gina,Swoboda,REP,AZ,0,,0.0
C-0170,Jonathan Nez,Jonathan,Nez,DEM,AZ,0,,8.93
C-0171,Eli Crane,Eli,Crane,REP,AZ,1,,5.29
C-0172,Yassamin Ansari,Yassamin,Ansari,DEM,AZ,1,,7.2
C-0173,Kirt Burgess,Kirt,Burgess,REP,AZ,0,,0.0
C-0174,Greg Stanton,Greg,Stanton,DEM,AZ,1,,2.03
C-0175,Zuhdi Jasser,Zuhdi,Jasser,REP,AZ,0,,0.0
C-0176,Christopher James,Christopher,James,DEM,AZ,0,,0.0
C-0177,Daniel Keenan,Daniel,Keenan,REP,AZ,0,,0.0
C-0178,JoAnna Mendoza,JoAnna,Mendoza,DEM,AZ,0,,0.0
C-0179,Juan Ciscomani,Juan,Ciscomani,REP,AZ,1,,-0.36
C-0180,Adelita Grijalva,Adelita,Grijalva,DEM,AZ,1,,0.0
C-0181,Daniel Butierez,Daniel,Butierez,REP,AZ,0,,0.58
C-0182,Bernadette Greene Placentia,Bernadette,Greene Placentia,DEM,AZ,0,,0.0
C-0183,Abraham Hamadeh,Abraham,Hamadeh,REP,AZ,1,,1.08
C-0184,Danielle Sterbinsky,Danielle,Sterbinsky,DEM,AZ,0,,0.0
C-0185,Paul Gosar,Paul,Gosar,REP,AZ,1,,0.69
C-0186,Mike McGuire,Mike,McGuire,DEM,CA,0,,0.0
C-0187,James Gallagher,James,Gallagher,REP,CA,1,,0.0
C-0188,Jared Huffman,Jared,Huffman,DEM,CA,1,,-1.34
C-0189,Robin Littau,Robin,Littau,REP,CA,0,,0.0
C-0190,Amerish Bera,Amerish,Bera,DEM,CA,1,,0.84
C-0191,Robb Tucker,Robb,Tucker,REP,CA,0,,0.0
C-0192,Mike Thompson,Mike,Thompson,DEM,CA,1,,1.61
C-0193,Ray Riehle,Ray,Riehle,REP,CA,0,,0.0
C-0194,Michael Masuda,Michael,Masuda,DEM,CA,0,,0.0
C-0195,Tom McClintock,Tom,McClintock,REP,CA,1,,-4.65
C-0196,Richard Pan,Richard,Pan,DEM,CA,0,,0.0
C-0197,Kevin Kiley,Kevin,Kiley,IND,CA,1,,-5.55
C-0198,Doris Matsui,Doris,Matsui,DEM,CA,1,,2.77
C-0199,Republican candidate (CA-07),Republican,candidate (CA-07),REP,CA,0,,0.0
C-0200,John Garamendi,John,Garamendi,DEM,CA,1,,1.82
C-0201,Rudy Recile,Rudy,Recile,REP,CA,0,,-0.7
C-0202,Josh Harder,Josh,Harder,DEM,CA,1,,4.42
C-0203,John McBride,John,McBride,REP,CA,0,,0.0
C-0204,Mark DeSaulnier,Mark,DeSaulnier,DEM,CA,1,,-2.01
C-0205,Jeff Frese,Jeff,Frese,REP,CA,0,,0.0
C-0206,Scott Wiener,Scott,Wiener,DEM,CA,0,,0.0
C-0207,(no Republican — top-two),(no,Republican — top-two),REP,CA,0,,0.0
C-0208,Lateefah Simon,Lateefah,Simon,DEM,CA,1,,0.0
C-0209,(no Republican — top-two),(no,Republican — top-two),REP,CA,0,,0.0
C-0210,Adam Gray,Adam,Gray,DEM,CA,1,,8.06
C-0211,Kevin Lincoln,Kevin,Lincoln,REP,CA,0,,0.0
C-0212,Aisha Wahab,Aisha,Wahab,DEM,CA,0,,0.0
C-0213,(no Republican — top-two),(no,Republican — top-two),REP,CA,0,,0.0
C-0214,Kevin Mullin,Kevin,Mullin,DEM,CA,1,,-3.99
C-0215,Charles Hoelter,Charles,Hoelter,REP,CA,0,,0.0
C-0216,Sam Liccardo,Sam,Liccardo,DEM,CA,1,,0.0
C-0217,Peter Sundin Soulé,Peter,Sundin Soulé,REP,CA,0,,0.0
C-0218,Rohit Khanna,Rohit,Khanna,DEM,CA,1,,-4.32
C-0219,Ritesh Tandon,Ritesh,Tandon,REP,CA,0,,-5.32
C-0220,Zoe Lofgren,Zoe,Lofgren,DEM,CA,1,,-3.23
C-0221,Shane Lewis,Shane,Lewis,REP,CA,0,,0.0
C-0222,Jimmy Panetta,Jimmy,Panetta,DEM,CA,1,,3.27
C-0223,Peter Verbica,Peter,Verbica,REP,CA,0,,0.0
C-0224,Sandra Van Scotter,Sandra,Van Scotter,DEM,CA,0,,0.0
C-0225,Vince Fong,Vince,Fong,REP,CA,1,,0.0
C-0226,Jim Costa,Jim,Costa,DEM,CA,1,,-1.12
C-0227,Kyle Kirkland,Kyle,Kirkland,REP,CA,0,,0.0
C-0228,Randy Villegas,Randy,Villegas,DEM,CA,0,,0.0
C-0229,David Valadao,David,Valadao,REP,CA,1,,-5.39
C-0230,Tessa Lynn Hodge,Tessa,Lynn Hodge,DEM,CA,0,,0.0
C-0231,Jay Obernolte,Jay,Obernolte,REP,CA,1,,-3.48
C-0232,Salud Carbajal,Salud,Carbajal,DEM,CA,1,,-0.8
C-0233,Robert Smith,Robert,Smith,REP,CA,0,,0.0
C-0234,Raul Ruiz,Raul,Ruiz,DEM,CA,1,,0.0
C-0235,Joe Males,Joe,Males,REP,CA,0,,0.0
C-0236,Jacqui Irwin,Jacqui,Irwin,DEM,CA,0,,0.0
C-0237,Samuel Gallucci,Samuel,Gallucci,REP,CA,0,,0.0
C-0238,George Whitesides,George,Whitesides,DEM,CA,1,,4.15
C-0239,Jason Gibbs,Jason,Gibbs,REP,CA,0,,0.0
C-0240,Judy Chu,Judy,Chu,DEM,CA,1,,2.16
C-0241,April Verlato,April,Verlato,REP,CA,0,,-1.21
C-0242,Luz Rivas,Luz,Rivas,DEM,CA,1,,4.62
C-0243,Rudy Melendez,Rudy,Melendez,REP,CA,0,,0.0
C-0244,Laura Friedman,Laura,Friedman,DEM,CA,1,,-2.5
C-0245,Scott Alan Meyers,Scott,Alan Meyers,REP,CA,0,,0.0
C-0246,Gilbert Cisneros,Gilbert,Cisneros,DEM,CA,1,,-14.76
C-0247,Eric Ching,Eric,Ching,REP,CA,0,,-2.77
C-0248,Brad Sherman,Brad,Sherman,DEM,CA,1,,-0.08
C-0249,Larry Thompson,Larry,Thompson,REP,CA,0,,0.0
C-0250,Pete Aguilar,Pete,Aguilar,DEM,CA,1,,4.85
C-0251,Stephanie Vargas,Stephanie,Vargas,REP,CA,0,,0.0
C-0252,Jimmy Gomez,Jimmy,Gomez,DEM,CA,1,,0.0
C-0253,Norma Torres,Norma,Torres,DEM,CA,1,,2.58
C-0254,Mike Cargile,Mike,Cargile,REP,CA,0,,-0.42
C-0255,Ted Lieu,Ted,Lieu,DEM,CA,1,,-2.47
C-0256,Houston Brignano,Houston,Brignano,REP,CA,0,,0.0
C-0257,Sydney Kamlager-Dove,Sydney,Kamlager-Dove,DEM,CA,1,,0.0
C-0258,Baltazar Fedalizo,Baltazar,Fedalizo,REP,CA,0,,0.0
C-0259,Hilda Solis,Hilda,Solis,DEM,CA,0,,0.0
C-0260,Pedro Casas,Pedro,Casas,REP,CA,0,,0.0
C-0261,Mark Takano,Mark,Takano,DEM,CA,1,,0.57
C-0262,Steve Manos,Steve,Manos,REP,CA,0,,0.0
C-0263,(no Democrat — top-two),(no,Democrat — top-two),DEM,CA,0,,0.0
C-0264,Ken Calvert,Ken,Calvert,REP,CA,1,,2.26
C-0265,Linda Sanchez,Linda,Sanchez,DEM,CA,1,,0.23
C-0266,Mitch Clemmons,Mitch,Clemmons,REP,CA,0,,0.0
C-0267,Robert Garcia,Robert,Garcia,DEM,CA,1,,0.66
C-0268,Brian Burley,Brian,Burley,REP,CA,0,,0.0
C-0269,Maxine Waters,Maxine,Waters,DEM,CA,1,,-3.34
C-0270,Cristian Morales,Cristian,Morales,REP,CA,0,,0.0
C-0271,Nanette Barragan,Nanette,Barragan,DEM,CA,1,,6.08
C-0272,Genevieve Angel,Genevieve,Angel,REP,CA,0,,0.0
C-0273,Derek Tran,Derek,Tran,DEM,CA,1,,4.86
C-0274,Chuong Vo,Chuong,Vo,REP,CA,0,,0.0
C-0275,Lou Correa,Lou,Correa,DEM,CA,1,,5.99
C-0276,David Pan,David,Pan,REP,CA,0,,4.26
C-0277,Dave Min,Dave,Min,DEM,CA,1,,1.36
C-0278,Jenny Rae Le Roux,Jenny,Rae Le Roux,REP,CA,0,,0.0
C-0279,Marni von Wilpert,Marni,von Wilpert,DEM,CA,0,,0.0
C-0280,Jim Desmond,Jim,Desmond,REP,CA,0,,0.0
C-0281,Mike Levin,Mike,Levin,DEM,CA,1,,-2.93
C-0282,Armen Kurdian,Armen,Kurdian,REP,CA,0,,0.0
C-0283,Scott Peters,Scott,Peters,DEM,CA,1,,-1.84
C-0284,Steve Cohen,Steve,Cohen,REP,CA,0,,0.0
C-0285,Sara Jacobs,Sara,Jacobs,DEM,CA,1,,-1.66
C-0286,Ricardo Cabrera,Ricardo,Cabrera,REP,CA,0,,0.0
C-0287,Juan Vargas,Juan,Vargas,DEM,CA,1,,7.19
C-0288,Jeff Belle,Jeff,Belle,REP,CA,0,,0.0
C-0289,Melat Kiros,Melat,Kiros,DEM,CO,0,,0.0
C-0290,Christy Peterson,Christy,Peterson,REP,CO,0,,0.0
C-0291,Joe Neguse,Joe,Neguse,DEM,CO,1,,1.53
C-0292,Kelley Dennison,Kelley,Dennison,REP,CO,0,,0.0
C-0293,Dwayne Romero,Dwayne,Romero,DEM,CO,0,,0.0
C-0294,Jeffrey Hurd,Jeffrey,Hurd,REP,CO,1,,2.66
C-0295,Eileen Laubacher,Eileen,Laubacher,DEM,CO,0,,0.0
C-0296,Lauren Boebert,Lauren,Boebert,REP,CO,1,,7.71
C-0297,Jessica Killin,Jessica,Killin,DEM,CO,0,,0.0
C-0298,Jeff Crank,Jeff,Crank,REP,CO,1,,-6.76
C-0299,Jason Crow,Jason,Crow,DEM,CO,1,,1.64
C-0300,Khaleb Dammen,Khaleb,Dammen,REP,CO,0,,0.0
C-0301,Brittany Pettersen,Brittany,Pettersen,DEM,CO,1,,2.05
C-0302,Amanda Capobianco,Amanda,Capobianco,REP,CO,0,,0.0
C-0303,Manny Rutinel,Manny,Rutinel,DEM,CO,0,,0.0
C-0304,Gabe Evans,Gabe,Evans,REP,CO,1,,0.0
C-0305,John Larson,John,Larson,DEM,CT,1,,2.7
C-0306,Amy Chai,Amy,Chai,REP,CT,0,,0.0
C-0307,Joe Courtney,Joe,Courtney,DEM,CT,1,,9.32
C-0308,Mike France,Mike,France,REP,CT,0,,6.33
C-0309,Rosa Delauro,Rosa,Delauro,DEM,CT,1,,4.61
C-0310,Christopher Lancia,Christopher,Lancia,REP,CT,0,,0.0
C-0311,Jim Himes,Jim,Himes,DEM,CT,1,,-0.74
C-0312,Michael Goldstein,Michael,Goldstein,REP,CT,0,,0.0
C-0313,Jahana Hayes,Jahana,Hayes,DEM,CT,1,,-1.5
C-0314,Michele Botelho,Michele,Botelho,REP,CT,0,,0.0
C-0315,Sarah McBride,Sarah,McBride,DEM,DE,1,,4.08
C-0316,Donyale Hall,Donyale,Hall,REP,DE,0,,0.0
C-0317,Marcel Davis,Marcel,Davis,DEM,FL,0,,0.0
C-0318,Jimmy Patronis,Jimmy,Patronis,REP,FL,1,,0.0
C-0319,Nicholas Zateslo,Nicholas,Zateslo,DEM,FL,0,,0.0
C-0320,Keith Gross,Keith,Gross,REP,FL,0,,0.0
C-0321,Seth Harp,Seth,Harp,DEM,FL,0,,0.0
C-0322,Kat Cammack,Kat,Cammack,REP,FL,1,,-2.64
C-0323,Michael Kirwan,Michael,Kirwan,DEM,FL,0,,0.0
C-0324,Aaron Bean,Aaron,Bean,REP,FL,1,,-2.43
C-0325,Rachel Grage,Rachel,Grage,DEM,FL,0,,0.0
C-0326,John Rutherford,John,Rutherford,REP,FL,1,,-4.01
C-0327,Democratic candidate (FL-06),Democratic,candidate (FL-06),DEM,FL,0,,0.0
C-0328,Randy Fine,Randy,Fine,REP,FL,1,,0.0
C-0329,Bale Dalton,Bale,Dalton,DEM,FL,0,,0.0
C-0330,Cory Mills,Cory,Mills,REP,FL,1,,-1.59
C-0331,Jennifer Jenkins,Jennifer,Jenkins,DEM,FL,0,,0.0
C-0332,Mike Haridopolos,Mike,Haridopolos,REP,FL,1,,0.0
C-0333,Darren Soto,Darren,Soto,DEM,FL,1,,5.98
C-0334,Thomas Chalifoux,Thomas,Chalifoux,REP,FL,0,,4.76
C-0335,Maxwell Frost,Maxwell,Frost,DEM,FL,1,,0.67
C-0336,Stuart Farber,Stuart,Farber,REP,FL,0,,0.0
C-0337,Barbara Hall,Barbara,Hall,DEM,FL,0,,-1.25
C-0338,Anthony Sabatini,Anthony,Sabatini,REP,FL,0,,0.0
C-0339,Christopher Irizarry,Christopher,Irizarry,DEM,FL,0,,0.0
C-0340,Gus Bilirakis,Gus,Bilirakis,REP,FL,1,,-7.21
C-0341,Leela Gray,Leela,Gray,DEM,FL,0,,0.0
C-0342,Anna Paulina Luna,Anna,Paulina Luna,REP,FL,1,,1.97
C-0343,Kathy Castor,Kathy,Castor,DEM,FL,1,,5.83
C-0344,John Peters,John,Peters,REP,FL,0,,0.0
C-0345,Darren McAuley,Darren,McAuley,DEM,FL,0,,0.0
C-0346,Laurel Lee,Laurel,Lee,REP,FL,1,,-3.04
C-0347,Kelly Kirschner,Kelly,Kirschner,DEM,FL,0,,0.0
C-0348,Sydney Gruters,Sydney,Gruters,REP,FL,0,,0.0
C-0349,Matthew Montavon,Matthew,Montavon,DEM,FL,0,,0.0
C-0350,Greg Steube,Greg,Steube,REP,FL,1,,-4.09
C-0351,Tiffanie Luong,Tiffanie,Luong,DEM,FL,0,,0.0
C-0352,Scott Franklin,Scott,Franklin,REP,FL,1,,-1.48
C-0353,Howard Sapp,Howard,Sapp,DEM,FL,0,,0.0
C-0354,Madison Cawthorn,Madison,Cawthorn,REP,FL,0,,0.0
C-0355,Elijah Manley,Elijah,Manley,DEM,FL,0,,0.0
C-0356,Rodenay Joseph,Rodenay,Joseph,REP,FL,0,,0.0
C-0357,Adam Aarons,Adam,Aarons,DEM,FL,0,,0.0
C-0358,Brian Mast,Brian,Mast,REP,FL,1,,-7.2
C-0359,Pia Dandiya,Pia,Dandiya,DEM,FL,0,,0.0
C-0360,Michael Carbonara,Michael,Carbonara,REP,FL,0,,0.0
C-0361,Lois Frankel,Lois,Frankel,DEM,FL,1,,2.63
C-0362,Raven Harrison,Raven,Harrison,REP,FL,0,,0.0
C-0363,Shevrin Jones,Shevrin,Jones,DEM,FL,0,,0.0
C-0364,Patricia Gonzalez,Patricia,Gonzalez,REP,FL,0,,0.0
C-0365,Jared Moskowitz,Jared,Moskowitz,DEM,FL,1,,1.48
C-0366,Scott Singer,Scott,Singer,REP,FL,0,,0.0
C-0367,Yurina Gil,Yurina,Gil,DEM,FL,0,,0.0
C-0368,Mario Diaz-Balart,Mario,Diaz-Balart,REP,FL,1,,-9.76
C-0369,Richard Lamondin,Richard,Lamondin,DEM,FL,0,,0.0
C-0370,Maria Salazar,Maria,Salazar,REP,FL,1,,-8.15
C-0371,Phil Ehr,Phil,Ehr,DEM,FL,0,,-3.07
C-0372,Carlos Gimenez,Carlos,Gimenez,REP,FL,1,,-6.29
C-0373,Amanda Hollowell,Amanda,Hollowell,DEM,GA,0,,0.0
C-0374,James Kingston,James,Kingston,REP,GA,0,,0.0
C-0375,Sanford Bishop,Sanford,Bishop,DEM,GA,1,,5.73
C-0376,Matt Day,Matt,Day,REP,GA,0,,0.0
C-0377,Maura Keller,Maura,Keller,DEM,GA,0,,-1.5
C-0378,Brian Jack,Brian,Jack,REP,GA,1,,-4.5
C-0379,Henry Johnson,Henry,Johnson,DEM,GA,1,,-0.51
C-0380,Jim Duffie,Jim,Duffie,REP,GA,0,,0.0
C-0381,Nikema Williams,Nikema,Williams,DEM,GA,1,,0.19
C-0382,Republican candidate (GA-05),Republican,candidate (GA-05),REP,GA,0,,0.0
C-0383,Lucia McBath,Lucia,McBath,DEM,GA,1,,0.17
C-0384,Kevin Martin,Kevin,Martin,REP,GA,0,,0.0
C-0385,Haiden Moburg,Haiden,Moburg,DEM,GA,0,,0.0
C-0386,Rich McCormick,Rich,McCormick,REP,GA,1,,-6.77
C-0387,James Cooper,James,Cooper,DEM,GA,0,,0.0
C-0388,Austin Scott,Austin,Scott,REP,GA,1,,-6.52
C-0389,Nicholas Alex,Nicholas,Alex,DEM,GA,0,,0.0
C-0390,Andrew Clyde,Andrew,Clyde,REP,GA,1,,-2.86
C-0391,Pamela DeLancy,Pamela,DeLancy,DEM,GA,0,,-0.95
C-0392,Houston Gaines,Houston,Gaines,REP,GA,0,,0.0
C-0393,Chris Harden,Chris,Harden,DEM,GA,0,,0.0
C-0394,John Cowan,John,Cowan,REP,GA,0,,0.0
C-0395,Ceretta Smith,Ceretta,Smith,DEM,GA,0,,0.0
C-0396,Rick Allen,Rick,Allen,REP,GA,1,,-5.28
C-0397,Jasmine Clark,Jasmine,Clark,DEM,GA,0,,0.0
C-0398,Jonathan Chavez,Jonathan,Chavez,REP,GA,0,,-0.12
C-0399,Shawn Harris,Shawn,Harris,DEM,GA,0,,12.6
C-0400,Clay Fuller,Clay,Fuller,REP,GA,1,,0.0
C-0401,Ed Case,Ed,Case,DEM,HI,1,,19.05
C-0402,Maxwell Frazier,Maxwell,Frazier,REP,HI,0,,0.0
C-0403,Jill Tokuda,Jill,Tokuda,DEM,HI,1,,13.58
C-0404,Brenton Awa,Brenton,Awa,REP,HI,0,,0.0
C-0405,Christina Bohannan,Christina,Bohannan,DEM,IA,0,,10.72
C-0406,Mariannette Miller-Meeks,Mariannette,Miller-Meeks,REP,IA,1,,6.93
C-0407,Lindsay James,Lindsay,James,DEM,IA,0,,0.0
C-0408,Joe Mitchell,Joe,Mitchell,REP,IA,0,,0.0
C-0409,Sarah Trone Garriott,Sarah,Trone Garriott,DEM,IA,0,,0.0
C-0410,Zach Nunn,Zach,Nunn,REP,IA,1,,0.96
C-0411,Dave Dawson,Dave,Dawson,DEM,IA,0,,0.0
C-0412,Chris McGowan,Chris,McGowan,REP,IA,0,,0.0
C-0413,Kaylee Peterson,Kaylee,Peterson,DEM,ID,0,,1.78
C-0414,Russ Fulcher,Russ,Fulcher,REP,ID,1,,-1.22
C-0415,Elinor Gilbreath,Elinor,Gilbreath,DEM,ID,0,,0.0
C-0416,Mike Simpson,Mike,Simpson,REP,ID,1,,-5.33
C-0417,Jonathan Jackson,Jonathan,Jackson,DEM,IL,1,,-1.2
C-0418,Christian Maxwell,Christian,Maxwell,REP,IL,0,,0.0
C-0419,Donna Miller,Donna,Miller,DEM,IL,0,,0.0
C-0420,Calvin Coleman,Calvin,Coleman,REP,IL,0,,0.0
C-0421,Delia Ramirez,Delia,Ramirez,DEM,IL,1,,1.9
C-0422,Angel Oakley,Angel,Oakley,REP,IL,0,,0.0
C-0423,Patty Garcia,Patty,Garcia,DEM,IL,0,,0.0
C-0424,Lupe Castillo,Lupe,Castillo,REP,IL,0,,0.0
C-0425,Mike Quigley,Mike,Quigley,DEM,IL,1,,1.66
C-0426,Tom Hanson,Tom,Hanson,REP,IL,0,,-1.34
C-0427,Sean Casten,Sean,Casten,DEM,IL,1,,2.56
C-0428,Niki Conforti,Niki,Conforti,REP,IL,0,,-0.08
C-0429,La Shawn Ford,La Shawn,Ford,DEM,IL,0,,0.0
C-0430,Chad Koppie,Chad,Koppie,REP,IL,0,,-2.92
C-0431,Melissa Bean,Melissa,Bean,DEM,IL,0,,0.0
C-0432,Jennifer Davis,Jennifer,Davis,REP,IL,0,,0.0
C-0433,Daniel Biss,Daniel,Biss,DEM,IL,0,,0.0
C-0434,John Elleson,John,Elleson,REP,IL,0,,0.0
C-0435,Bradley Schneider,Bradley,Schneider,DEM,IL,1,,-0.98
C-0436,Republican candidate (IL-10),Republican,candidate (IL-10),REP,IL,0,,0.0
C-0437,Bill Foster,Bill,Foster,DEM,IL,1,,0.95
C-0438,Jeffrey Walter,Jeffrey,Walter,REP,IL,0,,0.0
C-0439,Julie Fortier,Julie,Fortier,DEM,IL,0,,0.0
C-0440,Mike Bost,Mike,Bost,REP,IL,1,,-3.58
C-0441,Nikki Budzinski,Nikki,Budzinski,DEM,IL,1,,6.88
C-0442,Jeff Wilson,Jeff,Wilson,REP,IL,0,,0.0
C-0443,Lauren Underwood,Lauren,Underwood,DEM,IL,1,,4.3
C-0444,James Marter,James,Marter,REP,IL,0,,1.85
C-0445,Jennifer Todd,Jennifer,Todd,DEM,IL,0,,0.0
C-0446,Mary Miller,Mary,Miller,REP,IL,1,,0.0
C-0447,Paul Nolley,Paul,Nolley,DEM,IL,0,,0.0
C-0448,Darin LaHood,Darin,LaHood,REP,IL,1,,0.0
C-0449,Eric Sorensen,Eric,Sorensen,DEM,IL,1,,4.78
C-0450,Dillan Vancil,Dillan,Vancil,REP,IL,0,,0.0
C-0451,Frank Mrvan,Frank,Mrvan,DEM,IN,1,,7.5
C-0452,Barb Regnitz,Barb,Regnitz,REP,IN,0,,0.0
C-0453,Jamee Decio,Jamee,Decio,DEM,IN,0,,0.0
C-0454,Rudy Yakym,Rudy,Yakym,REP,IN,1,,-1.6
C-0455,Kelly Thompson,Kelly,Thompson,DEM,IN,0,,0.0
C-0456,Marlin Stutzman,Marlin,Stutzman,REP,IN,1,,0.0
C-0457,Joseph MacKey,Joseph,MacKey,DEM,IN,0,,0.85
C-0458,Jim Baird,Jim,Baird,REP,IN,1,,-4.21
C-0459,James Ford,James,Ford,DEM,IN,0,,0.0
C-0460,Victoria Spartz,Victoria,Spartz,REP,IN,1,,-0.5
C-0461,Cynthia Wirth,Cynthia,Wirth,DEM,IN,0,,0.0
C-0462,Jefferson Shreve,Jefferson,Shreve,REP,IN,1,,-2.57
C-0463,Andre Carson,Andre,Carson,DEM,IN,1,,-0.64
C-0464,Felipe Rios,Felipe,Rios,REP,IN,0,,0.0
C-0465,Mary Allen,Mary,Allen,DEM,IN,0,,0.0
C-0466,Mark Messmer,Mark,Messmer,REP,IN,1,,-5.49
C-0467,James Graham,James,Graham,DEM,IN,0,,0.0
C-0468,Erin Houchin,Erin,Houchin,REP,IN,1,,-1.53
C-0469,Kenneth McRoberts,Kenneth,McRoberts,DEM,KS,0,,0.0
C-0470,Tracey Mann,Tracey,Mann,REP,KS,1,,-5.6
C-0471,Don Coover,Don,Coover,DEM,KS,0,,0.0
C-0472,Derek Schmidt,Derek,Schmidt,REP,KS,1,,-5.27
C-0473,Sharice Davids,Sharice,Davids,DEM,KS,1,,8.44
C-0474,Chase LaPorte,Chase,LaPorte,REP,KS,0,,0.0
C-0475,Chris Carmichael,Chris,Carmichael,DEM,KS,0,,0.0
C-0476,Ron Estes,Ron,Estes,REP,KS,1,,-5.43
C-0477,Drew Williams,Drew,Williams,DEM,KY,0,,0.0
C-0478,James Comer,James,Comer,REP,KY,1,,-1.25
C-0479,Megan Wingfield,Megan,Wingfield,DEM,KY,0,,0.0
C-0480,Brett Guthrie,Brett,Guthrie,REP,KY,1,,-4.37
C-0481,Morgan McGarvey,Morgan,McGarvey,DEM,KY,1,,6.0
C-0482,Maria Rodriguez,Maria,Rodriguez,REP,KY,0,,0.0
C-0483,Melissa Strange,Melissa,Strange,DEM,KY,0,,0.0
C-0484,Ed Gallrein,Ed,Gallrein,REP,KY,0,,0.0
C-0485,Ned Pillersdorf,Ned,Pillersdorf,DEM,KY,0,,0.0
C-0486,Harold Rogers,Harold,Rogers,REP,KY,1,,0.0
C-0487,Zach Dembo,Zach,Dembo,DEM,KY,0,,0.0
C-0488,Ralph Alvarado,Ralph,Alvarado,REP,KY,0,,0.0
C-0489,Lauren Jewett,Lauren,Jewett,DEM,LA,0,,0.0
C-0490,Steve Scalise,Steve,Scalise,REP,LA,1,,-11.02
C-0491,Troy Carter,Troy,Carter,DEM,LA,1,,9.84
C-0492,Republican candidate (LA-02),Republican,candidate (LA-02),REP,LA,0,,0.0
C-0493,Tia Lebrun,Tia,Lebrun,DEM,LA,0,,0.0
C-0494,Clay Higgins,Clay,Higgins,REP,LA,1,,-3.11
C-0495,Matthew Gromlich,Matthew,Gromlich,DEM,LA,0,,0.0
C-0496,Mike Johnson,Mike,Johnson,REP,LA,1,,-9.12
C-0497,Dan McKay,Dan,McKay,DEM,LA,0,,0.0
C-0498,Blake Miguez,Blake,Miguez,REP,LA,0,,0.0
C-0499,Cleo Fields,Cleo,Fields,DEM,LA,1,,9.5
C-0500,Peter Williams,Peter,Williams,REP,LA,0,,0.0
C-0501,Richard Neal,Richard,Neal,DEM,MA,1,,0.0
C-0502,Republican candidate (MA-01),Republican,candidate (MA-01),REP,MA,0,,0.0
C-0503,Jim McGovern,Jim,McGovern,DEM,MA,1,,0.0
C-0504,Republican candidate (MA-02),Republican,candidate (MA-02),REP,MA,0,,0.0
C-0505,Lori Trahan,Lori,Trahan,DEM,MA,1,,0.0
C-0506,Gary Grossi,Gary,Grossi,REP,MA,0,,0.0
C-0507,Jake Auchincloss,Jake,Auchincloss,DEM,MA,1,,0.0
C-0508,Republican candidate (MA-04),Republican,candidate (MA-04),REP,MA,0,,0.0
C-0509,Katherine Clark,Katherine,Clark,DEM,MA,1,,0.0
C-0510,Republican candidate (MA-05),Republican,candidate (MA-05),REP,MA,0,,0.0
C-0511,Daniel Koh,Daniel,Koh,DEM,MA,0,,0.0
C-0512,John Field,John,Field,REP,MA,0,,0.0
C-0513,Ayanna Pressley,Ayanna,Pressley,DEM,MA,1,,0.0
C-0514,Republican candidate (MA-07),Republican,candidate (MA-07),REP,MA,0,,0.0
C-0515,Stephen Lynch,Stephen,Lynch,DEM,MA,1,,13.18
C-0516,Gavin Solomon,Gavin,Solomon,REP,MA,0,,0.0
C-0517,Bill Keating,Bill,Keating,DEM,MA,1,,3.0
C-0518,Robert MacAllister,Robert,MacAllister,REP,MA,0,,0.0
C-0519,Daniel Schwartz,Daniel,Schwartz,DEM,MD,0,,0.0
C-0520,Andy Harris,Andy,Harris,REP,MD,1,,-2.86
C-0521,John Olszewski,John,Olszewski,DEM,MD,1,,3.83
C-0522,David Wallace,David,Wallace,REP,MD,0,,0.0
C-0523,Sarah Elfreth,Sarah,Elfreth,DEM,MD,1,,1.38
C-0524,Penny Kennedy,Penny,Kennedy,REP,MD,0,,0.0
C-0525,Glenn Ivey,Glenn,Ivey,DEM,MD,0,,0.0
C-0526,Republican candidate (MD-04),Republican,candidate (MD-04),REP,MD,0,,0.0
C-0527,Adrian Boafo,Adrian,Boafo,DEM,MD,0,,0.0
C-0528,Chris Chaffee,Chris,Chaffee,REP,MD,0,,-0.67
C-0529,April Delaney,April,Delaney,DEM,MD,1,,3.76
C-0530,Robin Ficker,Robin,Ficker,REP,MD,0,,0.0
C-0531,Kweisi Mfume,Kweisi,Mfume,DEM,MD,1,,3.35
C-0532,Republican candidate (MD-07),Republican,candidate (MD-07),REP,MD,0,,0.0
C-0533,Jamie Raskin,Jamie,Raskin,DEM,MD,1,,0.52
C-0534,Cheryl Riley,Cheryl,Riley,REP,MD,0,,-3.05
C-0535,Chellie Pingree,Chellie,Pingree,DEM,ME,1,,3.16
C-0536,Ronald Russell,Ronald,Russell,REP,ME,0,,0.0
C-0537,Matthew Dunlap,Matthew,Dunlap,DEM,ME,0,,0.0
C-0538,Paul LePage,Paul,LePage,REP,ME,0,,0.0
C-0539,Callie Barr,Callie,Barr,DEM,MI,0,,3.5
C-0540,John Bergman,John,Bergman,REP,MI,1,,0.5
C-0541,Benjamin Ambrose,Benjamin,Ambrose,DEM,MI,0,,0.0
C-0542,John Moolenaar,John,Moolenaar,REP,MI,1,,-3.75
C-0543,Hillary Scholten,Hillary,Scholten,DEM,MI,1,,3.92
C-0544,Allen Fiorletta,Allen,Fiorletta,REP,MI,0,,0.0
C-0545,Sean McCann,Sean,McCann,DEM,MI,0,,0.0
C-0546,Bill Huizenga,Bill,Huizenga,REP,MI,1,,-4.83
C-0547,Christian Vukasovich,Christian,Vukasovich,DEM,MI,0,,0.0
C-0548,Timothy Walberg,Timothy,Walberg,REP,MI,1,,-5.11
C-0549,Debbie Dingell,Debbie,Dingell,DEM,MI,1,,6.01
C-0550,Republican candidate (MI-06),Republican,candidate (MI-06),REP,MI,0,,0.0
C-0551,Bridget Brink,Bridget,Brink,DEM,MI,0,,0.0
C-0552,Tom Barrett,Tom,Barrett,REP,MI,1,,-3.2
C-0553,Kristen McDonald Rivet,Kristen,McDonald Rivet,DEM,MI,1,,12.29
C-0554,Amir Hassan,Amir,Hassan,REP,MI,0,,0.0
C-0555,Steven Pooley,Steven,Pooley,DEM,MI,0,,0.0
C-0556,Lisa McClain,Lisa,McClain,REP,MI,1,,-5.33
C-0557,Eric Chung,Eric,Chung,DEM,MI,0,,0.0
C-0558,Robert Lulgjuraj,Robert,Lulgjuraj,REP,MI,0,,0.0
C-0559,Jeremy Moss,Jeremy,Moss,DEM,MI,0,,0.0
C-0560,Mike Steger,Mike,Steger,REP,MI,0,,0.0
C-0561,Rashida Tlaib,Rashida,Tlaib,DEM,MI,1,,5.33
C-0562,Republican candidate (MI-12),Republican,candidate (MI-12),REP,MI,0,,0.0
C-0563,Shri Thanedar,Shri,Thanedar,DEM,MI,1,,5.16
C-0564,Andrew Lorenz,Andrew,Lorenz,REP,MI,0,,0.0
C-0565,Jacob Johnson,Jacob,Johnson,DEM,MN,0,,0.0
C-0566,Brad Finstad,Brad,Finstad,REP,MN,1,,0.0
C-0567,Matt Little,Matt,Little,DEM,MN,0,,0.0
C-0568,Tyler Kistner,Tyler,Kistner,REP,MN,0,,0.0
C-0569,Kelly Morrison,Kelly,Morrison,DEM,MN,1,,0.0
C-0570,Tyler Bass,Tyler,Bass,REP,MN,0,,0.0
C-0571,Betty McCollum,Betty,McCollum,DEM,MN,1,,-0.25
C-0572,Paul Wikstrom,Paul,Wikstrom,REP,MN,0,,0.0
C-0573,Ilhan Omar,Ilhan,Omar,DEM,MN,1,,-12.22
C-0574,Dalia Al-Aqidi,Dalia,Al-Aqidi,REP,MN,0,,0.0
C-0575,Democratic candidate (MN-06),Democratic,candidate (MN-06),DEM,MN,0,,0.0
C-0576,Tom Emmer,Tom,Emmer,REP,MN,1,,0.0
C-0577,Democratic candidate (MN-07),Democratic,candidate (MN-07),DEM,MN,0,,0.0
C-0578,Michelle Fischbach,Michelle,Fischbach,REP,MN,1,,0.0
C-0579,Democratic candidate (MN-08),Democratic,candidate (MN-08),DEM,MN,0,,0.0
C-0580,Peter Stauber,Peter,Stauber,REP,MN,1,,0.0
C-0581,Wesley Bell,Wesley,Bell,DEM,MO,1,,3.76
C-0582,Republican candidate (MO-01),Republican,candidate (MO-01),REP,MO,0,,0.0
C-0583,Frederick Wellman,Frederick,Wellman,DEM,MO,0,,0.0
C-0584,Ann Wagner,Ann,Wagner,REP,MO,1,,-2.55
C-0585,Bethany Mann,Bethany,Mann,DEM,MO,0,,1.24
C-0586,Bob Onder,Bob,Onder,REP,MO,1,,-1.76
C-0587,Hartzell Gray,Hartzell,Gray,DEM,MO,0,,0.0
C-0588,Mark Alford,Mark,Alford,REP,MO,1,,-2.39
C-0589,Emanuel Cleaver,Emanuel,Cleaver,DEM,MO,1,,2.15
C-0590,Bradley Patty,Bradley,Patty,REP,MO,0,,0.0
C-0591,Matthew Levine,Matthew,Levine,DEM,MO,0,,0.0
C-0592,Chris Stigall,Chris,Stigall,REP,MO,0,,0.0
C-0593,Missi Hesketh,Missi,Hesketh,DEM,MO,0,,0.78
C-0594,Eric Burlison,Eric,Burlison,REP,MO,1,,-2.22
C-0595,Clayton Harbison,Clayton,Harbison,DEM,MO,0,,0.0
C-0596,Jason Smith,Jason,Smith,REP,MO,1,,-0.24
C-0597,Cliff Johnson,Cliff,Johnson,DEM,MS,0,,0.0
C-0598,Trent Kelly,Trent,Kelly,REP,MS,1,,-1.98
C-0599,Bennie Thompson,Bennie,Thompson,DEM,MS,1,,3.09
C-0600,Ron Eller,Ron,Eller,REP,MS,0,,0.48
C-0601,Michael Chiaradio,Michael,Chiaradio,DEM,MS,0,,0.0
C-0602,Mike Guest,Mike,Guest,REP,MS,1,,0.0
C-0603,Jeffrey Hulum,Jeffrey,Hulum,DEM,MS,0,,0.0
C-0604,Mike Ezell,Mike,Ezell,REP,MS,1,,-4.62
C-0605,Sam Forstag,Sam,Forstag,DEM,MT,0,,0.0
C-0606,Aaron Flint,Aaron,Flint,REP,MT,0,,0.0
C-0607,Brian Miller,Brian,Miller,DEM,MT,0,,0.0
C-0608,Troy Downing,Troy,Downing,REP,MT,1,,-3.91
C-0609,Don Davis,Don,Davis,DEM,NC,1,,4.98
C-0610,Laurie Buckhout,Laurie,Buckhout,REP,NC,0,,2.06
C-0611,Deborah Ross,Deborah,Ross,DEM,NC,1,,2.51
C-0612,Eugene Douglass,Eugene,Douglass,REP,NC,0,,0.0
C-0613,Raymond Smith,Raymond,Smith,DEM,NC,0,,0.0
C-0614,Greg Murphy,Greg,Murphy,REP,NC,1,,0.0
C-0615,Valerie Foushee,Valerie,Foushee,DEM,NC,1,,2.56
C-0616,Mahesh Ganorkar,Mahesh,Ganorkar,REP,NC,0,,0.0
C-0617,Chuck Hubbard,Chuck,Hubbard,DEM,NC,0,,2.68
C-0618,Virginia Foxx,Virginia,Foxx,REP,NC,1,,0.02
C-0619,Cyril Jefferson,Cyril,Jefferson,DEM,NC,0,,0.0
C-0620,Addison McDowell,Addison,McDowell,REP,NC,1,,0.0
C-0621,Kimberly Hardy,Kimberly,Hardy,DEM,NC,0,,0.0
C-0622,David Rouzer,David,Rouzer,REP,NC,1,,-2.64
C-0623,Colby Watson,Colby,Watson,DEM,NC,0,,0.0
C-0624,Mark Harris,Mark,Harris,REP,NC,1,,-1.81
C-0625,Richard Ojeda,Richard,Ojeda,DEM,NC,0,,0.0
C-0626,Richard Hudson,Richard,Hudson,REP,NC,1,,-2.03
C-0627,Ashley Bell,Ashley,Bell,DEM,NC,0,,0.0
C-0628,Pat Harrigan,Pat,Harrigan,REP,NC,1,,-4.44
C-0629,Jamie Ager,Jamie,Ager,DEM,NC,0,,0.0
C-0630,Chuck Edwards,Chuck,Edwards,REP,NC,1,,-1.86
C-0631,Alma Adams,Alma,Adams,DEM,NC,1,,1.48
C-0632,John Codiga,John,Codiga,REP,NC,0,,0.0
C-0633,Paul Barringer,Paul,Barringer,DEM,NC,0,,0.0
C-0634,Brad Knott,Brad,Knott,REP,NC,1,,-2.35
C-0635,Lakesha Womack,Lakesha,Womack,DEM,NC,0,,0.0
C-0636,Tim Moore,Tim,Moore,REP,NC,1,,-2.57
C-0637,Trygve Hammer,Trygve,Hammer,DEM,ND,0,,0.0
C-0638,Julie Fedorchak,Julie,Fedorchak,REP,ND,1,,0.0
C-0639,Christopher Backemeyer,Christopher,Backemeyer,DEM,NE,0,,0.0
C-0640,Mike Flood,Mike,Flood,REP,NE,1,,-4.94
C-0641,Denise Powell,Denise,Powell,DEM,NE,0,,0.0
C-0642,Brinker Harding,Brinker,Harding,REP,NE,0,,0.0
C-0643,Becky Stille,Becky,Stille,DEM,NE,0,,0.0
C-0644,Adrian Smith,Adrian,Smith,REP,NE,1,,-5.57
C-0645,Stefany Shaheen,Stefany,Shaheen,DEM,NH,0,,0.0
C-0646,Anthony Dilorenzo,Anthony,Dilorenzo,REP,NH,0,,0.0
C-0647,Maggie Goodlander,Maggie,Goodlander,DEM,NH,1,,5.45
C-0648,Lily Williams,Lily,Williams,REP,NH,0,,2.45
C-0649,Donald Norcross,Donald,Norcross,DEM,NJ,1,,0.67
C-0650,Damon Galdo,Damon,Galdo,REP,NJ,0,,0.0
C-0651,Zack Mullock,Zack,Mullock,DEM,NJ,0,,0.0
C-0652,Jeff Van Drew,Jeff,Van Drew,REP,NJ,1,,-4.81
C-0653,Herb Conaway,Herb,Conaway,DEM,NJ,1,,3.32
C-0654,Michael McGuire,Michael,McGuire,REP,NJ,0,,0.0
C-0655,Rachel Peace,Rachel,Peace,DEM,NJ,0,,0.0
C-0656,Chris Smith,Chris,Smith,REP,NJ,1,,-6.34
C-0657,Josh Gottheimer,Josh,Gottheimer,DEM,NJ,1,,8.05
C-0658,Sean Kirrane,Sean,Kirrane,REP,NJ,0,,0.0
C-0659,Frank Pallone,Frank,Pallone,DEM,NJ,1,,7.68
C-0660,Hillary Herzig,Hillary,Herzig,REP,NJ,0,,0.0
C-0661,Rebecca Bennett,Rebecca,Bennett,DEM,NJ,0,,0.0
C-0662,Tom Kean Jr.,Tom,Kean Jr.,REP,NJ,1,,0.0
C-0663,Rob Menendez,Rob,Menendez,DEM,NJ,1,,0.0
C-0664,Republican candidate (NJ-08),Republican,candidate (NJ-08),REP,NJ,0,,0.0
C-0665,Nelida Pou,Nelida,Pou,DEM,NJ,1,,6.52
C-0666,Rosemary Pino,Rosemary,Pino,REP,NJ,0,,0.0
C-0667,Lamonica McIver,Lamonica,McIver,DEM,NJ,1,,1.37
C-0668,Carmen Bucco,Carmen,Bucco,REP,NJ,0,,-1.63
C-0669,Analilia Mejia,Analilia,Mejia,DEM,NJ,1,,0.0
C-0670,Joe Hathaway,Joe,Hathaway,REP,NJ,0,,0.0
C-0671,Adam Hamawy,Adam,Hamawy,DEM,NJ,0,,0.0
C-0672,Gregg Mele,Gregg,Mele,REP,NJ,0,,0.0
C-0673,Melanie Stansbury,Melanie,Stansbury,DEM,NM,1,,1.0
C-0674,Ndidiamaka Okpareke,Ndidiamaka,Okpareke,REP,NM,0,,0.0
C-0675,Gabriel Vasquez,Gabriel,Vasquez,DEM,NM,1,,5.96
C-0676,Greg Cunningham,Greg,Cunningham,REP,NM,0,,0.0
C-0677,Teresa Leger Fernandez,Teresa,Leger Fernandez,DEM,NM,1,,7.58
C-0678,Martin Zamora,Martin,Zamora,REP,NM,0,,0.0
C-0679,Dina Titus,Dina,Titus,DEM,NV,1,,5.04
C-0680,Carrie Buck,Carrie,Buck,REP,NV,0,,0.0
C-0681,Teresa Benitez-Thompson,Teresa,Benitez-Thompson,DEM,NV,0,,0.0
C-0682,David Flippo,David,Flippo,REP,NV,0,,0.0
C-0683,Susie Lee,Susie,Lee,DEM,NV,1,,3.32
C-0684,Marty O'Donnell,Marty,O'Donnell,REP,NV,0,,0.0
C-0685,Steven Horsford,Steven,Horsford,DEM,NV,1,,5.18
C-0686,Cody Whipple,Cody,Whipple,REP,NV,0,,0.0
C-0687,Christopher Gallant,Christopher,Gallant,DEM,NY,0,,0.0
C-0688,Nick LaLota,Nick,LaLota,REP,NY,1,,3.67
C-0689,Patrick Halpin,Patrick,Halpin,DEM,NY,0,,0.0
C-0690,Andrew Garbarino,Andrew,Garbarino,REP,NY,1,,-3.84
C-0691,Tom Suozzi,Tom,Suozzi,DEM,NY,1,,11.72
C-0692,Gregory Hach,Gregory,Hach,REP,NY,0,,0.0
C-0693,Laura Gillen,Laura,Gillen,DEM,NY,1,,3.81
C-0694,Marvin Suber Williams,Marvin,Suber Williams,REP,NY,0,,0.0
C-0695,Gregory Meeks,Gregory,Meeks,DEM,NY,1,,3.34
C-0696,Aaron Cherry,Aaron,Cherry,REP,NY,0,,0.0
C-0697,Grace Meng,Grace,Meng,DEM,NY,1,,15.11
C-0698,Juan Pagan,Juan,Pagan,REP,NY,0,,-2.23
C-0699,Claire Valdez,Claire,Valdez,DEM,NY,0,,0.0
C-0700,Republican candidate (NY-07),Republican,candidate (NY-07),REP,NY,0,,0.0
C-0701,Hakeem Jeffries,Hakeem,Jeffries,DEM,NY,1,,7.5
C-0702,Richard Simmons,Richard,Simmons,REP,NY,0,,0.0
C-0703,Yvette Clarke,Yvette,Clarke,DEM,NY,1,,10.72
C-0704,Jean Depalis,Jean,Depalis,REP,NY,0,,0.0
C-0705,Brad Lander,Brad,Lander,DEM,NY,0,,0.0
C-0706,Gavin Solomon,Gavin,Solomon,REP,NY,0,,0.0
C-0707,Troy McGhie,Troy,McGhie,DEM,NY,0,,0.0
C-0708,Nicole Malliotakis,Nicole,Malliotakis,REP,NY,1,,-1.73
C-0709,Micah Lasher,Micah,Lasher,DEM,NY,0,,0.0
C-0710,Amy Jordan,Amy,Jordan,REP,NY,0,,0.0
C-0711,Darializa Avila Chevalier,Darializa,Avila Chevalier,DEM,NY,0,,0.0
C-0712,Republican candidate (NY-13),Republican,candidate (NY-13),REP,NY,0,,0.0
C-0713,Alexandria Ocasio-Cortez,Alexandria,Ocasio-Cortez,DEM,NY,1,,-0.18
C-0714,Tina Forte,Tina,Forte,REP,NY,0,,-3.05
C-0715,Ritchie Torres,Ritchie,Torres,DEM,NY,1,,7.24
C-0716,Republican candidate (NY-15),Republican,candidate (NY-15),REP,NY,0,,0.0
C-0717,George Latimer,George,Latimer,DEM,NY,1,,8.77
C-0718,Republican candidate (NY-16),Republican,candidate (NY-16),REP,NY,0,,0.0
C-0719,Cait Conley,Cait,Conley,DEM,NY,0,,0.0
C-0720,Mike Lawler,Mike,Lawler,REP,NY,1,,-3.63
C-0721,Pat Ryan,Pat,Ryan,DEM,NY,1,,10.64
C-0722,Sharanjit Thind,Sharanjit,Thind,REP,NY,0,,0.0
C-0723,Josh Riley,Josh,Riley,DEM,NY,1,,5.71
C-0724,Peter Oberacker,Peter,Oberacker,REP,NY,0,,0.0
C-0725,Paul Tonko,Paul,Tonko,DEM,NY,1,,8.51
C-0726,Ralph Ambrosio,Ralph,Ambrosio,REP,NY,0,,0.0
C-0727,Blake Gendebien,Blake,Gendebien,DEM,NY,0,,0.0
C-0728,Anthony Constantino,Anthony,Constantino,REP,NY,0,,0.0
C-0729,John Mannion,John,Mannion,DEM,NY,1,,10.02
C-0730,John Lemondes,John,Lemondes,REP,NY,0,,0.0
C-0731,Aaron Gies,Aaron,Gies,DEM,NY,0,,0.0
C-0732,Nick Langworthy,Nick,Langworthy,REP,NY,1,,-3.17
C-0733,Alissa Ellman,Alissa,Ellman,DEM,NY,0,,0.0
C-0734,Claudia Tenney,Claudia,Tenney,REP,NY,1,,-0.91
C-0735,Joe Morelle,Joe,Morelle,DEM,NY,1,,-0.41
C-0736,Virginia McIntyre,Virginia,McIntyre,REP,NY,0,,0.0
C-0737,Timothy Kennedy,Timothy,Kennedy,DEM,NY,1,,13.9
C-0738,Republican candidate (NY-26),Republican,candidate (NY-26),REP,NY,0,,0.0
C-0739,Greg Landsman,Greg,Landsman,DEM,OH,1,,4.42
C-0740,Eric Conroy,Eric,Conroy,REP,OH,0,,0.0
C-0741,Jennifer Mazzuckelli,Jennifer,Mazzuckelli,DEM,OH,0,,0.0
C-0742,David Taylor,David,Taylor,REP,OH,1,,-1.43
C-0743,Joyce Beatty,Joyce,Beatty,DEM,OH,1,,1.41
C-0744,Republican candidate (OH-03),Republican,candidate (OH-03),REP,OH,0,,0.0
C-0745,Tamara Wilson,Tamara,Wilson,DEM,OH,0,,0.0
C-0746,Jim Jordan,Jim,Jordan,REP,OH,1,,0.68
C-0747,Daniel Burket,Daniel,Burket,DEM,OH,0,,0.0
C-0748,Bob Latta,Bob,Latta,REP,OH,1,,-5.35
C-0749,Malcolm Ritchie,Malcolm,Ritchie,DEM,OH,0,,0.0
C-0750,Michael Rulli,Michael,Rulli,REP,OH,1,,0.66
C-0751,Brian Poindexter,Brian,Poindexter,DEM,OH,0,,0.0
C-0752,Max Miller,Max,Miller,REP,OH,1,,-4.37
C-0753,Vanessa Enoch,Vanessa,Enoch,DEM,OH,0,,1.83
C-0754,Warren Davidson,Warren,Davidson,REP,OH,1,,-1.17
C-0755,Marcy Kaptur,Marcy,Kaptur,DEM,OH,1,,9.71
C-0756,Derek Merrin,Derek,Merrin,REP,OH,0,,4.84
C-0757,Kristina Knickerbocker,Kristina,Knickerbocker,DEM,OH,0,,0.0
C-0758,Mike Turner,Mike,Turner,REP,OH,1,,-12.49
C-0759,Shontel Brown,Shontel,Brown,DEM,OH,1,,4.97
C-0760,Mike Kirchner,Mike,Kirchner,REP,OH,0,,0.0
C-0761,Jerrad Christian,Jerrad,Christian,DEM,OH,0,,-0.19
C-0762,Troy Balderson,Troy,Balderson,REP,OH,1,,0.0
C-0763,Emilia Sykes,Emilia,Sykes,DEM,OH,1,,3.74
C-0764,Carey Coleman,Carey,Coleman,REP,OH,0,,0.0
C-0765,Maria Jukic,Maria,Jukic,DEM,OH,0,,0.0
C-0766,David Joyce,David,Joyce,REP,OH,1,,-7.47
C-0767,Don Leonard,Don,Leonard,DEM,OH,0,,0.0
C-0768,Mike Carey,Mike,Carey,REP,OH,1,,-2.52
C-0769,John Croisant,John,Croisant,DEM,OK,0,,0.0
C-0770,Jackson Lahmeyer,Jackson,Lahmeyer,REP,OK,0,,0.0
C-0771,Erik Terwey,Erik,Terwey,DEM,OK,0,,0.0
C-0772,Josh Brecheen,Josh,Brecheen,REP,OK,1,,2.08
C-0773,Jules Roberson,Jules,Roberson,DEM,OK,0,,0.0
C-0774,Frank Lucas,Frank,Lucas,REP,OK,1,,-4.19
C-0775,Mitchell Jacob,Mitchell,Jacob,DEM,OK,0,,0.0
C-0776,Tom Cole,Tom,Cole,REP,OK,1,,-4.81
C-0777,Jena Nelson,Jena,Nelson,DEM,OK,0,,0.0
C-0778,Stephanie Bice,Stephanie,Bice,REP,OK,1,,-1.8
C-0779,Suzanne Bonamici,Suzanne,Bonamici,DEM,OR,1,,3.28
C-0780,Barbara Kahl,Barbara,Kahl,REP,OR,0,,0.0
C-0781,Chris Beck,Chris,Beck,DEM,OR,0,,0.0
C-0782,Cliff Bentz,Cliff,Bentz,REP,OR,1,,-3.68
C-0783,Maxine Dexter,Maxine,Dexter,DEM,OR,1,,2.08
C-0784,Loran Ayles,Loran,Ayles,REP,OR,0,,0.0
C-0785,Valerie Hoyle,Valerie,Hoyle,DEM,OR,1,,-2.12
C-0786,Monique Despain,Monique,Despain,REP,OR,0,,0.0
C-0787,Janelle Bynum,Janelle,Bynum,DEM,OR,1,,1.21
C-0788,Patti Adair,Patti,Adair,REP,OR,0,,0.0
C-0789,Andrea Salinas,Andrea,Salinas,DEM,OR,1,,-3.63
C-0790,David Russ,David,Russ,REP,OR,0,,0.0
C-0791,Robert Harvie,Robert,Harvie,DEM,PA,0,,0.0
C-0792,Brian Fitzpatrick,Brian,Fitzpatrick,REP,PA,1,,-12.56
C-0793,Brendan Boyle,Brendan,Boyle,DEM,PA,1,,7.75
C-0794,Jessica Arriaga,Jessica,Arriaga,REP,PA,0,,0.0
C-0795,Chris Rabb,Chris,Rabb,DEM,PA,0,,0.0
C-0796,Alexander Schnell,Alexander,Schnell,REP,PA,0,,0.0
C-0797,Madeleine Dean,Madeleine,Dean,DEM,PA,1,,3.13
C-0798,Aurora Stuski,Aurora,Stuski,REP,PA,0,,0.0
C-0799,Mary Scanlon,Mary,Scanlon,DEM,PA,1,,2.11
C-0800,Melvin Johnakin,Melvin,Johnakin,REP,PA,0,,0.0
C-0801,Chrissy Houlahan,Chrissy,Houlahan,DEM,PA,1,,2.05
C-0802,Martin Young,Martin,Young,REP,PA,0,,0.0
C-0803,Bob Brooks,Bob,Brooks,DEM,PA,0,,0.0
C-0804,Ryan Mackenzie,Ryan,Mackenzie,REP,PA,1,,-3.38
C-0805,Paige Cognetti,Paige,Cognetti,DEM,PA,0,,0.0
C-0806,Rob Bresnahan,Rob,Bresnahan,REP,PA,1,,1.0
C-0807,Rachel Wallace,Rachel,Wallace,DEM,PA,0,,0.0
C-0808,Dan Meuser,Dan,Meuser,REP,PA,1,,-1.8
C-0809,Janelle Stelson,Janelle,Stelson,DEM,PA,0,,7.94
C-0810,Scott Perry,Scott,Perry,REP,PA,1,,4.16
C-0811,Nancy Mannion,Nancy,Mannion,DEM,PA,0,,0.0
C-0812,Lloyd Smucker,Lloyd,Smucker,REP,PA,1,,-1.98
C-0813,Summer Lee,Summer,Lee,DEM,PA,1,,-4.43
C-0814,Leonard Fechter,Leonard,Fechter,REP,PA,0,,0.0
C-0815,Elizabeth Farnham,Elizabeth,Farnham,DEM,PA,0,,1.6
C-0816,John Joyce,John,Joyce,REP,PA,1,,-1.46
C-0817,David Bradstock,David,Bradstock,DEM,PA,0,,0.0
C-0818,Guy Reschenthaler,Guy,Reschenthaler,REP,PA,1,,0.98
C-0819,Raymond Bilger,Raymond,Bilger,DEM,PA,0,,0.0
C-0820,Glenn Thompson,Glenn,Thompson,REP,PA,1,,-3.6
C-0821,Justin Wagner,Justin,Wagner,DEM,PA,0,,0.0
C-0822,George Kelly,George,Kelly,REP,PA,1,,-1.61
C-0823,Chris Deluzio,Chris,Deluzio,DEM,PA,1,,4.37
C-0824,Jesse Vodvarka,Jesse,Vodvarka,REP,PA,0,,0.0
C-0825,Gabriel Amo,Gabriel,Amo,DEM,RI,1,,9.82
C-0826,Republican candidate (RI-01),Republican,candidate (RI-01),REP,RI,0,,0.0
C-0827,Seth Magaziner,Seth,Magaziner,DEM,RI,1,,0.0
C-0828,Victor Mellor,Victor,Mellor,REP,RI,0,,0.0
C-0829,Nancy Lacore,Nancy,Lacore,DEM,SC,0,,0.0
C-0830,Jenny Costa Honeycutt,Jenny,Costa Honeycutt,REP,SC,0,,0.0
C-0831,Zyon Khalifa,Zyon,Khalifa,DEM,SC,0,,0.0
C-0832,Joe Wilson,Joe,Wilson,REP,SC,1,,-4.1
C-0833,Eunice Lehmacher,Eunice,Lehmacher,DEM,SC,0,,0.0
C-0834,Sheri Biggs,Sheri,Biggs,REP,SC,1,,-7.13
C-0835,Courtney McClain,Courtney,McClain,DEM,SC,0,,0.0
C-0836,William Timmons,William,Timmons,REP,SC,1,,0.52
C-0837,Mallory Dittmer,Mallory,Dittmer,DEM,SC,0,,0.0
C-0838,Wes Climer,Wes,Climer,REP,SC,0,,0.0
C-0839,Jim Clyburn,Jim,Clyburn,DEM,SC,1,,-0.1
C-0840,Republican candidate (SC-06),Republican,candidate (SC-06),REP,SC,0,,0.0
C-0841,John Vincent,John,Vincent,DEM,SC,0,,0.0
C-0842,Russell Fry,Russell,Fry,REP,SC,1,,-3.68
C-0843,Nicole Gronli,Nicole,Gronli,DEM,SD,0,,0.0
C-0844,Marty Jackley,Marty,Jackley,REP,SD,0,,0.0
C-0845,Kristi Burke,Kristi,Burke,DEM,TN,0,,0.0
C-0846,Diana Harshbarger,Diana,Harshbarger,REP,TN,1,,-1.27
C-0847,Michaela Barnett,Michaela,Barnett,DEM,TN,0,,0.0
C-0848,Tim Burchett,Tim,Burchett,REP,TN,1,,-4.15
C-0849,Joel Hawn,Joel,Hawn,DEM,TN,0,,0.0
C-0850,Chuck Fleischmann,Chuck,Fleischmann,REP,TN,1,,-2.64
C-0851,Victoria Broderick,Victoria,Broderick,DEM,TN,0,,2.5
C-0852,Scott Desjarlais,Scott,Desjarlais,REP,TN,1,,-0.5
C-0853,Chaz Molder,Chaz,Molder,DEM,TN,0,,0.0
C-0854,Andy Ogles,Andy,Ogles,REP,TN,1,,0.21
C-0855,Chaney Mosley,Chaney,Mosley,DEM,TN,0,,0.0
C-0856,Van Hilleary,Van,Hilleary,REP,TN,0,,0.0
C-0857,Darden Copeland,Darden,Copeland,DEM,TN,0,,0.0
C-0858,Matt Van Epps,Matt,Van Epps,REP,TN,1,,0.0
C-0859,William Wicker,William,Wicker,DEM,TN,0,,0.0
C-0860,David Kustoff,David,Kustoff,REP,TN,1,,-5.72
C-0861,Justin Pearson,Justin,Pearson,DEM,TN,0,,0.0
C-0862,Brent Taylor,Brent,Taylor,REP,TN,0,,0.0
C-0863,Democratic candidate (TX-01),Democratic,candidate (TX-01),DEM,TX,0,,0.0
C-0864,Nathaniel Moran,Nathaniel,Moran,REP,TX,1,,0.0
C-0865,Shaun Finnie,Shaun,Finnie,DEM,TX,0,,0.0
C-0866,Steve Toth,Steve,Toth,REP,TX,0,,0.0
C-0867,Evan Hunt,Evan,Hunt,DEM,TX,0,,0.0
C-0868,Keith Self,Keith,Self,REP,TX,1,,0.0
C-0869,Jason Pearce,Jason,Pearce,DEM,TX,0,,0.0
C-0870,Pat Fallon,Pat,Fallon,REP,TX,1,,-3.85
C-0871,Ruth Torres,Ruth,Torres,DEM,TX,0,,2.46
C-0872,Lance Gooden,Lance,Gooden,REP,TX,1,,-0.74
C-0873,Danny Minton,Danny,Minton,DEM,TX,0,,0.0
C-0874,Jake Ellzey,Jake,Ellzey,REP,TX,1,,-2.25
C-0875,Elizabeth Fletcher,Elizabeth,Fletcher,DEM,TX,1,,0.78
C-0876,Alexander Hale,Alexander,Hale,REP,TX,0,,0.0
C-0877,Keith Coleman,Keith,Coleman,DEM,TX,0,,0.0
C-0878,Jessica Steinmann,Jessica,Steinmann,REP,TX,0,,0.0
C-0879,Leticia Gutierrez,Leticia,Gutierrez,DEM,TX,0,,0.0
C-0880,Alexandra Mealer,Alexandra,Mealer,REP,TX,0,,0.0
C-0881,Caitlin Rourk,Caitlin,Rourk,DEM,TX,0,,0.0
C-0882,Chris Gober,Chris,Gober,REP,TX,0,,0.0
C-0883,Claire Reynolds,Claire,Reynolds,DEM,TX,0,,0.0
C-0884,August Pfluger,August,Pfluger,REP,TX,1,,0.0
C-0885,Heli Rodriguez-Prilliman,Heli,Rodriguez-Prilliman,DEM,TX,0,,0.0
C-0886,Craig Goldman,Craig,Goldman,REP,TX,1,,-6.76
C-0887,Mark Nair,Mark,Nair,DEM,TX,0,,0.0
C-0888,Ronny Jackson,Ronny,Jackson,REP,TX,1,,0.0
C-0889,Richard Davis,Richard,Davis,DEM,TX,0,,0.0
C-0890,Randy Weber,Randy,Weber,REP,TX,1,,-3.14
C-0891,Bobby Pulido,Bobby,Pulido,DEM,TX,0,,0.0
C-0892,Monica De La Cruz,Monica,De La Cruz,REP,TX,1,,0.35
C-0893,Veronica Escobar,Veronica,Escobar,DEM,TX,1,,-0.63
C-0894,Republican candidate (TX-16),Republican,candidate (TX-16),REP,TX,0,,0.0
C-0895,Democratic candidate (TX-17),Democratic,candidate (TX-17),DEM,TX,0,,0.0
C-0896,Pete Sessions,Pete,Sessions,REP,TX,1,,-3.48
C-0897,Christian Menefee,Christian,Menefee,DEM,TX,1,,0.0
C-0898,Republican candidate (TX-18),Republican,candidate (TX-18),REP,TX,0,,0.0
C-0899,Kyle Rable,Kyle,Rable,DEM,TX,0,,0.0
C-0900,Tom Sell,Tom,Sell,REP,TX,0,,0.0
C-0901,Joaquin Castro,Joaquin,Castro,DEM,TX,1,,2.66
C-0902,Edgardo Baez,Edgardo,Baez,REP,TX,0,,0.0
C-0903,Kristin Hook,Kristin,Hook,DEM,TX,0,,0.95
C-0904,Mark Teixeira,Mark,Teixeira,REP,TX,0,,0.0
C-0905,Marquette Greene-Scott,Marquette,Greene-Scott,DEM,TX,0,,-0.9
C-0906,Trever Nehls,Trever,Nehls,REP,TX,0,,0.0
C-0907,Katy Stout,Katy,Stout,DEM,TX,0,,0.0
C-0908,Brandon Herrera,Brandon,Herrera,REP,TX,1,,0.0
C-0909,Democratic candidate (TX-24),Democratic,candidate (TX-24),DEM,TX,0,,0.0
C-0910,Elizabeth Van Duyne,Elizabeth,Van Duyne,REP,TX,1,,-4.01
C-0911,Dione Sims,Dione,Sims,DEM,TX,0,,0.0
C-0912,Roger Williams,Roger,Williams,REP,TX,1,,0.0
C-0913,Steven Shook,Steven,Shook,DEM,TX,0,,0.0
C-0914,Brandon Gill,Brandon,Gill,REP,TX,1,,-6.06
C-0915,Tanya Lloyd,Tanya,Lloyd,DEM,TX,0,,0.6
C-0916,Michael Cloud,Michael,Cloud,REP,TX,1,,-2.16
C-0917,Henry Cuellar,Henry,Cuellar,DEM,TX,1,,11.64
C-0918,Tano Tijerina,Tano,Tijerina,REP,TX,0,,0.0
C-0919,Sylvia Garcia,Sylvia,Garcia,DEM,TX,1,,8.57
C-0920,Martha Fierro,Martha,Fierro,REP,TX,0,,0.0
C-0921,Frederick Haynes,Frederick,Haynes,DEM,TX,0,,0.0
C-0922,Sholdon Daniels,Sholdon,Daniels,REP,TX,0,,0.0
C-0923,Justin Early,Justin,Early,DEM,TX,0,,0.0
C-0924,John Carter,John,Carter,REP,TX,1,,-4.73
C-0925,Alex Cornwallis,Alex,Cornwallis,DEM,TX,0,,0.0
C-0926,Jace Yarbrough,Jace,Yarbrough,REP,TX,0,,0.0
C-0927,Colin Allred,Colin,Allred,DEM,TX,0,,-1.49
C-0928,Patrick Gillespie,Patrick,Gillespie,REP,TX,0,,-1.47
C-0929,Vicente Gonzalez,Vicente,Gonzalez,DEM,TX,1,,4.08
C-0930,Eric Flores,Eric,Flores,REP,TX,0,,0.0
C-0931,Johnny Garcia,Johnny,Garcia,DEM,TX,0,,0.0
C-0932,Carlos De La Cruz,Carlos,De La Cruz,REP,TX,0,,0.0
C-0933,Rhonda Hart,Rhonda,Hart,DEM,TX,0,,0.11
C-0934,Brian Babin,Brian,Babin,REP,TX,1,,-1.45
C-0935,Greg Casar,Greg,Casar,DEM,TX,1,,-2.6
C-0936,Lauren Pena,Lauren,Pena,REP,TX,0,,0.0
C-0937,Melissa McDonough,Melissa,McDonough,DEM,TX,0,,-0.82
C-0938,Jon Bonck,Jon,Bonck,REP,TX,0,,0.0
C-0939,Ben McAdams,Ben,McAdams,DEM,UT,0,,5.02
C-0940,Riley Owen,Riley,Owen,REP,UT,0,,0.0
C-0941,Peter Crosby,Peter,Crosby,DEM,UT,0,,0.0
C-0942,Blake Moore,Blake,Moore,REP,UT,1,,-10.56
C-0943,Kent Udell,Kent,Udell,DEM,UT,0,,0.0
C-0944,Celeste Maloy,Celeste,Maloy,REP,UT,1,,-4.38
C-0945,Jonathan Larsen,Jonathan,Larsen,DEM,UT,0,,0.0
C-0946,Mike Kennedy,Mike,Kennedy,REP,UT,1,,-14.74
C-0947,Shannon Taylor,Shannon,Taylor,DEM,VA,0,,0.0
C-0948,Rob Wittman,Rob,Wittman,REP,VA,1,,-5.9
C-0949,Elaine Luria,Elaine,Luria,DEM,VA,0,,0.0
C-0950,Jen Kiggans,Jen,Kiggans,REP,VA,1,,0.0
C-0951,Bobby Scott,Bobby,Scott,DEM,VA,1,,4.72
C-0952,Republican candidate (VA-03),Republican,candidate (VA-03),REP,VA,0,,0.0
C-0953,Jennifer McClellan,Jennifer,McClellan,DEM,VA,1,,5.37
C-0954,Republican candidate (VA-04),Republican,candidate (VA-04),REP,VA,0,,0.0
C-0955,Thomas Perriello,Thomas,Perriello,DEM,VA,0,,0.0
C-0956,John McGuire,John,McGuire,REP,VA,1,,0.0
C-0957,Beth MacY,Beth,MacY,DEM,VA,0,,0.0
C-0958,Ben Cline,Ben,Cline,REP,VA,1,,-3.8
C-0959,Yevgeny Vindman,Yevgeny,Vindman,DEM,VA,1,,3.1
C-0960,Tara Durant,Tara,Durant,REP,VA,0,,0.0
C-0961,Don Beyer,Don,Beyer,DEM,VA,1,,-2.14
C-0962,Heerak Kim,Heerak,Kim,REP,VA,0,,0.0
C-0963,Adam Murphy,Adam,Murphy,DEM,VA,0,,0.0
C-0964,Morgan Griffith,Morgan,Griffith,REP,VA,1,,0.32
C-0965,Suhas Subramanyam,Suhas,Subramanyam,DEM,VA,1,,-1.73
C-0966,Michelle Wong,Michelle,Wong,REP,VA,0,,0.0
C-0967,James Walkinshaw,James,Walkinshaw,DEM,VA,1,,0.0
C-0968,Stewart Whitson,Stewart,Whitson,REP,VA,0,,0.0
C-0969,Rebecca Balint,Rebecca,Balint,DEM,VT,1,,12.07
C-0970,Mark Coester,Mark,Coester,REP,VT,0,,0.0
C-0971,Suzan Delbene,Suzan,Delbene,DEM,WA,1,,-2.0
C-0972,Republican candidate (WA-01),Republican,candidate (WA-01),REP,WA,0,,0.0
C-0973,Rick Larsen,Rick,Larsen,DEM,WA,1,,4.31
C-0974,Republican candidate (WA-02),Republican,candidate (WA-02),REP,WA,0,,0.0
C-0975,Marie Gluesenkamp Perez,Marie,Gluesenkamp Perez,DEM,WA,1,,9.12
C-0976,John Braun,John,Braun,REP,WA,0,,0.0
C-0977,John Duresky,John,Duresky,DEM,WA,0,,0.0
C-0978,Jerrod Sessler,Jerrod,Sessler,REP,WA,0,,0.0
C-0979,Carmela Conroy,Carmela,Conroy,DEM,WA,0,,-12.24
C-0980,Michael Baumgartner,Michael,Baumgartner,REP,WA,1,,-15.24
C-0981,Emily Randall,Emily,Randall,DEM,WA,1,,-1.73
C-0982,Teresa Fox,Teresa,Fox,REP,WA,0,,0.0
C-0983,Pramila Jayapal,Pramila,Jayapal,DEM,WA,1,,-6.78
C-0984,Republican candidate (WA-07),Republican,candidate (WA-07),REP,WA,0,,0.0
C-0985,Kim Schrier,Kim,Schrier,DEM,WA,1,,3.2
C-0986,Trinh Ha,Trinh,Ha,REP,WA,0,,0.0
C-0987,Adam Smith,Adam,Smith,DEM,WA,1,,-1.79
C-0988,Janis Clark,Janis,Clark,REP,WA,0,,0.0
C-0989,Marilyn Strickland,Marilyn,Strickland,DEM,WA,1,,0.38
C-0990,Republican candidate (WA-10),Republican,candidate (WA-10),REP,WA,0,,0.0
C-0991,Mitchell Berman,Mitchell,Berman,DEM,WI,0,,0.0
C-0992,Bryan Steil,Bryan,Steil,REP,WI,1,,-4.83
C-0993,Mark Pocan,Mark,Pocan,DEM,WI,1,,1.47
C-0994,Erik Olsen,Erik,Olsen,REP,WI,0,,-1.28
C-0995,Rebecca Cooke,Rebecca,Cooke,DEM,WI,0,,8.39
C-0996,Derrick Van Orden,Derrick,Van Orden,REP,WI,1,,5.02
C-0997,Gwen Moore,Gwen,Moore,DEM,WI,1,,2.65
C-0998,Purnima Nath,Purnima,Nath,REP,WI,0,,0.0
C-0999,Andrew Beck,Andrew,Beck,DEM,WI,0,,0.0
C-1000,Scott Fitzgerald,Scott,Fitzgerald,REP,WI,1,,-4.49
C-1001,Aaron Wojciechowski,Aaron,Wojciechowski,DEM,WI,0,,0.0
C-1002,Glenn Grothman,Glenn,Grothman,REP,WI,1,,-4.75
C-1003,Frederic Clark,Frederic,Clark,DEM,WI,0,,0.0
C-1004,Paul Wassgren,Paul,Wassgren,REP,WI,0,,0.0
C-1005,Mark Scheffler,Mark,Scheffler,DEM,WI,0,,0.0
C-1006,Tony Wied,Tony,Wied,REP,WI,1,,-0.21
C-1007,Vince George,Vince,George,DEM,WV,0,,0.0
C-1008,Carol Miller,Carol,Miller,REP,WV,1,,2.17
C-1009,Ahsan Parsi,Ahsan,Parsi,DEM,WV,0,,0.0
C-1010,Riley Moore,Riley,Moore,REP,WV,1,,-3.54
C-1011,Lisa Kinney,Lisa,Kinney,DEM,WY,0,,0.0
C-1012,Matt Schultz,Matt,Schultz,DEM,AK,0,,0.0
C-1013,Bill Hill,Bill,Hill,IND,AK,0,,0.0
C-1014,Chuck Gray,Chuck,Gray,REP,WY,0,,0.0
C-1015,Austin Ahlman,Austin,Ahlman,IND,NE,0,H6NE01150,0.0
C-1016,Democratic candidate (ME-SEN),Democratic,candidate (ME-SEN),DEM,ME,0,,0.0
C-1017,Jerry Carl,Jerry,Carl,REP,AL,0,,0.0
