race_code,race_type,state,district,dem_id,dem_name,dem_party,rep_id,rep_name,rep_party,ind_id,ind_name,ind_party,ind_caucus,dem2_id,rep2_id,rcv,threeway,ind_frac,same_party,cand2_name,cand1_inc,incumbent_party,seat_holder,dem_status,rep_status,ind_status
AK-SEN,senate,AK,SEN,C-0001,Mary Peltola,DEM,C-0002,Dan Sullivan,REP,,,,,,,True,False,0.0,,,False,REP,REP,presumptive,confirmed,
AL-SEN,senate,AL,SEN,C-0003,Everett Wess,DEM,C-0004,Barry Moore,REP,,,,,,,False,False,0.0,,,False,,REP,confirmed,confirmed,
AR-SEN,senate,AR,SEN,C-0005,Hallie Shoffner,DEM,C-0006,Tom Cotton,REP,,,,,,,False,False,0.0,,,False,REP,REP,presumptive,confirmed,
CO-SEN,senate,CO,SEN,C-0007,John Hickenlooper,DEM,C-0008,Mark Baisley,REP,,,,,,,False,False,0.0,,,False,DEM,DEM,confirmed,confirmed,
DE-SEN,senate,DE,SEN,C-0009,Chris Coons,DEM,C-0010,Michael Katz,REP,,,,,,,False,False,0.0,,,False,DEM,DEM,confirmed,projected,
FL-SEN,senate,FL,SEN,C-0011,Alexander Vindman,DEM,C-0012,Ashley Moody,REP,,,,,,,False,False,0.0,,,False,REP,REP,projected,confirmed,
GA-SEN,senate,GA,SEN,C-0013,Jon Ossoff,DEM,C-0014,Mike Collins,REP,,,,,,,False,False,0.0,,,False,DEM,DEM,confirmed,projected,
IA-SEN,senate,IA,SEN,C-0015,Josh Turek,DEM,C-0016,Ashley Hinson,REP,,,,,,,False,False,0.0,,,False,,REP,presumptive,presumptive,
ID-SEN,senate,ID,SEN,C-0017,David Roth,DEM,C-0018,Jim Risch,REP,,,,,,,False,False,0.0,,,False,REP,REP,presumptive,confirmed,
IL-SEN,senate,IL,SEN,C-0019,Juliana Stratton,DEM,C-0020,Don Tracy,REP,,,,,,,False,False,0.0,,,False,,DEM,presumptive,projected,
KS-SEN,senate,KS,SEN,C-0021,Adam Hamilton,DEM,C-0022,Roger Marshall,REP,,,,,,,False,False,0.0,,,False,REP,REP,projected,confirmed,
KY-SEN,senate,KY,SEN,C-0023,Charles Booker,DEM,C-0024,Andy Barr,REP,,,,,,,False,False,0.0,,,False,,REP,presumptive,projected,
LA-SEN,senate,LA,SEN,C-0025,Gary Crockett,DEM,C-0026,Julia Letlow,REP,,,,,,,False,False,0.0,,,False,,REP,projected,projected,
MA-SEN,senate,MA,SEN,C-0027,Ed Markey,DEM,C-0028,John Deaton,REP,,,,,,,False,False,0.0,,,False,DEM,DEM,confirmed,presumptive,
ME-SEN,senate,ME,SEN,C-1016,Democratic candidate (ME-SEN),DEM,C-0030,Susan Collins,REP,,,,,,,True,False,0.0,,,False,REP,REP,projected,confirmed,
MI-SEN,senate,MI,SEN,C-0031,Abdul El-Sayed,DEM,C-0032,Mike Rogers,REP,,,,,,,False,False,0.0,,,False,,DEM,presumptive,presumptive,
MN-SEN,senate,MN,SEN,C-0033,Peggy Flanagan,DEM,C-0034,Adam Schwarze,REP,,,,,,,False,False,0.0,,,False,,DEM,presumptive,presumptive,
MS-SEN,senate,MS,SEN,C-0035,Scott Colom,DEM,C-0036,Cindy Hyde-Smith,REP,,,,,,,False,False,0.0,,,False,REP,REP,presumptive,confirmed,
MT-SEN,senate,MT,SEN,C-0037,Alani Bankhead,DEM,C-0038,Kurt Alme,REP,C-0039,Seth Bodnar,IND,IND,,,False,True,0.7,,,False,,REP,projected,confirmed,confirmed
NC-SEN,senate,NC,SEN,C-0040,Roy Cooper,DEM,C-0041,Michael Whatley,REP,,,,,,,False,False,0.0,,,False,,REP,confirmed,confirmed,
NE-SEN,senate,NE,SEN,C-0042,(no Democrat — backs Osborn),DEM,C-0043,Pete Ricketts,REP,C-0044,Dan Osborn,IND,DEM,,,False,True,0.98,,,False,REP,REP,n/a,confirmed,confirmed
NH-SEN,senate,NH,SEN,C-0045,Chris Pappas,DEM,C-0046,Scott Brown,REP,,,,,,,False,False,0.0,,,False,,DEM,presumptive,projected,
NJ-SEN,senate,NJ,SEN,C-0047,Cory Booker,DEM,C-0048,Justin Murphy,REP,,,,,,,False,False,0.0,,,False,DEM,DEM,confirmed,projected,
NM-SEN,senate,NM,SEN,C-0049,Ben Ray Lujan,DEM,C-0050,Larry Marker,REP,,,,,,,False,False,0.0,,,False,DEM,DEM,confirmed,projected,
OH-SEN,senate,OH,SEN,C-0051,Sherrod Brown,DEM,C-0052,Jon Husted,REP,,,,,,,False,False,0.0,,,False,REP,REP,confirmed,confirmed,
OK-SEN,senate,OK,SEN,C-0053,Jim Priest,DEM,C-0054,Kevin Hern,REP,,,,,,,False,False,0.0,,,False,,REP,presumptive,confirmed,
OR-SEN,senate,OR,SEN,C-0055,Jeff Merkley,DEM,C-0056,David Brock Smith,REP,,,,,,,False,False,0.0,,,False,DEM,DEM,confirmed,presumptive,
RI-SEN,senate,RI,SEN,C-0057,Jack Reed,DEM,C-0058,Raymond McKay,REP,,,,,,,False,False,0.0,,,False,DEM,DEM,confirmed,presumptive,
SC-SEN,senate,SC,SEN,C-0059,Annie Andrews,DEM,C-0060,Lindsey Graham,REP,,,,,,,False,False,0.0,,,False,REP,REP,confirmed,confirmed,
SD-SEN,senate,SD,SEN,C-0061,Julian Beaudion,DEM,C-0062,Mike Rounds,REP,,,,,,,False,False,0.0,,,False,REP,REP,presumptive,confirmed,
TN-SEN,senate,TN,SEN,C-0063,Marquita Bradshaw,DEM,C-0064,Bill Hagerty,REP,,,,,,,False,False,0.0,,,False,REP,REP,presumptive,confirmed,
TX-SEN,senate,TX,SEN,C-0065,James Talarico,DEM,C-0066,Ken Paxton,REP,,,,,,,False,False,0.0,,,False,,REP,confirmed,confirmed,
VA-SEN,senate,VA,SEN,C-0067,Mark Warner,DEM,C-0068,Bert Mizusawa,REP,,,,,,,False,False,0.0,,,False,DEM,DEM,confirmed,projected,
WV-SEN,senate,WV,SEN,C-0069,Rachel Anderson,DEM,C-0070,Shelley Moore Capito,REP,,,,,,,False,False,0.0,,,False,REP,REP,projected,confirmed,
WY-SEN,senate,WY,SEN,C-0071,James Byrd,DEM,C-0072,Harriet Hageman,REP,,,,,,,False,False,0.0,,,False,,REP,projected,projected,
AK-GOV,governor,AK,GOV,C-0073,Tom Begich,DEM,C-0074,Bernadette Wilson,REP,,,,,,,True,False,0.0,,,False,,REP,confirmed,confirmed,
AL-GOV,governor,AL,GOV,C-0075,Doug Jones,DEM,C-0076,Tommy Tuberville,REP,,,,,,,False,False,0.0,,,False,,REP,confirmed,confirmed,
AR-GOV,governor,AR,GOV,C-0077,Fredrick Love,DEM,C-0078,Sarah Huckabee Sanders,REP,,,,,,,False,False,0.0,,,False,REP,REP,confirmed,confirmed,
AZ-GOV,governor,AZ,GOV,C-0079,Katie Hobbs,DEM,C-0080,Andy Biggs,REP,,,,,,,False,False,0.0,,,False,DEM,DEM,confirmed,confirmed,
CA-GOV,governor,CA,GOV,C-0081,Xavier Becerra,DEM,C-0082,Steve Hilton,REP,,,,,,,False,False,0.0,,,False,,DEM,confirmed,confirmed,
CO-GOV,governor,CO,GOV,C-0083,Phil Weiser,DEM,C-0084,Victor Marx,REP,,,,,,,False,False,0.0,,,False,,DEM,confirmed,presumptive,
CT-GOV,governor,CT,GOV,C-0085,Ned Lamont,DEM,C-0086,Ryan Fazio,REP,,,,,,,False,False,0.0,,,False,DEM,DEM,confirmed,confirmed,
FL-GOV,governor,FL,GOV,C-0087,David Jolly,DEM,C-0088,Byron Donalds,REP,,,,,,,False,False,0.0,,,False,,REP,confirmed,confirmed,
GA-GOV,governor,GA,GOV,C-0089,Keisha Lance Bottoms,DEM,C-0090,Rick Jackson,REP,,,,,,,False,False,0.0,,,False,,REP,confirmed,confirmed,
HI-GOV,governor,HI,GOV,C-0091,Josh Green,DEM,C-0092,Gary Cordery,REP,,,,,,,False,False,0.0,,,False,DEM,DEM,confirmed,confirmed,
IA-GOV,governor,IA,GOV,C-0093,Rob Sand,DEM,C-0094,Zach Lahn,REP,,,,,,,False,False,0.0,,,False,,REP,confirmed,confirmed,
ID-GOV,governor,ID,GOV,C-0095,Terri Pickens,DEM,C-0096,Brad Little,REP,,,,,,,False,False,0.0,,,False,REP,REP,confirmed,confirmed,
IL-GOV,governor,IL,GOV,C-0097,JB Pritzker,DEM,C-0098,Darren Bailey,REP,,,,,,,False,False,0.0,,,False,DEM,DEM,confirmed,confirmed,
KS-GOV,governor,KS,GOV,C-0099,Ethan Corson,DEM,C-0100,Ty Masterson,REP,,,,,,,False,False,0.0,,,False,,DEM,confirmed,projected,
MA-GOV,governor,MA,GOV,C-0101,Maura Healey,DEM,C-0102,Mike Minogue,REP,,,,,,,False,False,0.0,,,False,DEM,DEM,confirmed,confirmed,
MD-GOV,governor,MD,GOV,C-0103,Wes Moore,DEM,C-0104,Dan Cox,REP,,,,,,,False,False,0.0,,,False,DEM,DEM,confirmed,confirmed,
ME-GOV,governor,ME,GOV,C-0105,Hannah Pingree,DEM,C-0106,Robert Charles,REP,,,,,,,False,False,0.0,,,False,,DEM,projected,projected,
MI-GOV,governor,MI,GOV,C-0107,Jocelyn Benson,DEM,C-0108,John James,REP,,,,,,,False,False,0.0,,,False,,DEM,confirmed,confirmed,
MN-GOV,governor,MN,GOV,C-0109,Amy Klobuchar,DEM,C-0110,Kendall Qualls,REP,,,,,,,False,False,0.0,,,False,,DEM,confirmed,projected,
NE-GOV,governor,NE,GOV,C-0111,Lynne Walz,DEM,C-0112,Jim Pillen,REP,,,,,,,False,False,0.0,,,False,REP,REP,confirmed,confirmed,
NH-GOV,governor,NH,GOV,C-0113,Cinde Warmington,DEM,C-0114,Kelly Ayotte,REP,,,,,,,False,False,0.0,,,False,REP,REP,confirmed,confirmed,
NM-GOV,governor,NM,GOV,C-0115,Deb Haaland,DEM,C-0116,Gregg Hull,REP,,,,,,,False,False,0.0,,,False,,DEM,confirmed,confirmed,
NV-GOV,governor,NV,GOV,C-0117,Aaron Ford,DEM,C-0118,Joe Lombardo,REP,,,,,,,False,False,0.0,,,False,REP,REP,confirmed,confirmed,
NY-GOV,governor,NY,GOV,C-0119,Kathy Hochul,DEM,C-0120,Bruce Blakeman,REP,,,,,,,False,False,0.0,,,False,DEM,DEM,confirmed,confirmed,
OH-GOV,governor,OH,GOV,C-0121,Amy Acton,DEM,C-0122,Vivek Ramaswamy,REP,,,,,,,False,False,0.0,,,False,,REP,confirmed,confirmed,
OK-GOV,governor,OK,GOV,C-0123,Cyndi Munson,DEM,C-0124,Gentner Drummond,REP,,,,,,,False,False,0.0,,,False,,REP,confirmed,confirmed,
OR-GOV,governor,OR,GOV,C-0125,Tina Kotek,DEM,C-0126,Christine Drazan,REP,,,,,,,False,False,0.0,,,False,DEM,DEM,confirmed,confirmed,
PA-GOV,governor,PA,GOV,C-0127,Josh Shapiro,DEM,C-0128,Stacy Garrity,REP,,,,,,,False,False,0.0,,,False,DEM,DEM,confirmed,confirmed,
RI-GOV,governor,RI,GOV,C-0129,Dan McKee,DEM,C-0130,Aaron Guckian,REP,,,,,,,False,False,0.0,,,False,DEM,DEM,confirmed,confirmed,
SC-GOV,governor,SC,GOV,C-0131,Jermaine Johnson,DEM,C-0132,Alan Wilson,REP,,,,,,,False,False,0.0,,,False,,REP,confirmed,confirmed,
SD-GOV,governor,SD,GOV,C-0133,Dan Ahlers,DEM,C-0134,Larry Rhoden,REP,,,,,,,False,False,0.0,,,False,REP,REP,confirmed,confirmed,
TN-GOV,governor,TN,GOV,C-0135,Carnita Atwater,DEM,C-0136,Marsha Blackburn,REP,,,,,,,False,False,0.0,,,False,,REP,confirmed,confirmed,
TX-GOV,governor,TX,GOV,C-0137,Gina Hinojosa,DEM,C-0138,Greg Abbott,REP,,,,,,,False,False,0.0,,,False,REP,REP,confirmed,confirmed,
VT-GOV,governor,VT,GOV,C-0139,Amanda Janoo,DEM,C-0140,Phil Scott,REP,,,,,,,False,False,0.0,,,False,REP,REP,confirmed,confirmed,
WI-GOV,governor,WI,GOV,C-0141,Mandela Barnes,DEM,C-0142,Tom Tiffany,REP,,,,,,,False,False,0.0,,,False,,DEM,confirmed,confirmed,
WY-GOV,governor,WY,GOV,C-0143,Gabriel Green,DEM,C-0144,Megan Degenfelder,REP,,,,,,,False,False,0.0,,,False,,REP,confirmed,confirmed,
AK-01,house,AK,01,C-1012,Matt Schultz,DEM,C-0145,Nick Begich III,REP,C-1013,Bill Hill,IND,DEM,,,True,False,0.0,,,False,REP,REP,confirmed,confirmed,confirmed
AL-01,house,AL,01,C-0146,Clyde Jones,DEM,C-1017,Jerry Carl,REP,,,,,,,False,False,0.0,,,False,,REP,projected,projected,
AL-02,house,AL,02,C-0148,Shomari Figures,DEM,C-0147,Rhett Marques,REP,,,,,,,False,False,0.0,,,False,DEM,DEM,projected,projected,
AL-03,house,AL,03,C-0150,Victor McInnis,DEM,C-0151,Mike Rogers,REP,,,,,,,False,False,0.0,,,False,REP,REP,projected,projected,
AL-04,house,AL,04,C-0152,Amanda Pusczek,DEM,C-0153,Robert Aderholt,REP,,,,,,,False,False,0.0,,,False,REP,REP,projected,projected,
AL-05,house,AL,05,C-0154,Andrew Sneed,DEM,C-0155,Dale Strong,REP,,,,,,,False,False,0.0,,,False,REP,REP,projected,projected,
AL-06,house,AL,06,C-0156,Elizabeth Anderson,DEM,C-0157,Gary Palmer,REP,,,,,,,False,False,0.0,,,False,REP,REP,projected,projected,
AL-07,house,AL,07,C-0158,Terri Sewell,DEM,C-0159,Republican candidate (AL-07),REP,,,,,,,False,False,0.0,,,False,DEM,DEM,projected,projected,
AR-01,house,AR,01,C-0160,Terri Green,DEM,C-0161,Rick Crawford,REP,,,,,,,False,False,0.0,,,False,REP,REP,confirmed,confirmed,
AR-02,house,AR,02,C-0162,Chris Jones,DEM,C-0163,French Hill,REP,,,,,,,False,False,0.0,,,False,REP,REP,projected,projected,
AR-03,house,AR,03,C-0164,Robb Ryerse,DEM,C-0165,Steve Womack,REP,,,,,,,False,False,0.0,,,False,REP,REP,projected,projected,
AR-04,house,AR,04,C-0166,James Russell,DEM,C-0167,Bruce Westerman,REP,,,,,,,False,False,0.0,,,False,REP,REP,projected,projected,
AZ-01,house,AZ,01,C-0168,Amish Shah,DEM,C-0169,Gina Swoboda,REP,,,,,,,False,False,0.0,,,False,,REP,presumptive,presumptive,
AZ-02,house,AZ,02,C-0170,Jonathan Nez,DEM,C-0171,Eli Crane,REP,,,,,,,False,False,0.0,,,False,REP,REP,projected,projected,
AZ-03,house,AZ,03,C-0172,Yassamin Ansari,DEM,C-0173,Kirt Burgess,REP,,,,,,,False,False,0.0,,,False,DEM,DEM,projected,projected,
AZ-04,house,AZ,04,C-0174,Greg Stanton,DEM,C-0175,Zuhdi Jasser,REP,,,,,,,False,False,0.0,,,False,DEM,DEM,projected,projected,
AZ-05,house,AZ,05,C-0176,Christopher James,DEM,C-0177,Daniel Keenan,REP,,,,,,,False,False,0.0,,,False,,REP,projected,projected,
AZ-06,house,AZ,06,C-0178,JoAnna Mendoza,DEM,C-0179,Juan Ciscomani,REP,,,,,,,False,False,0.0,,,False,REP,REP,confirmed,confirmed,
AZ-07,house,AZ,07,C-0180,Adelita Grijalva,DEM,C-0181,Daniel Butierez,REP,,,,,,,False,False,0.0,,,False,DEM,DEM,projected,projected,
AZ-08,house,AZ,08,C-0182,Bernadette Greene Placentia,DEM,C-0183,Abraham Hamadeh,REP,,,,,,,False,False,0.0,,,False,REP,REP,projected,projected,
AZ-09,house,AZ,09,C-0184,Danielle Sterbinsky,DEM,C-0185,Paul Gosar,REP,,,,,,,False,False,0.0,,,False,REP,REP,projected,projected,
CA-01,house,CA,01,C-0186,Mike McGuire,DEM,C-0187,James Gallagher,REP,,,,,,,False,False,0.0,,,False,,DEM,projected,projected,
CA-02,house,CA,02,C-0188,Jared Huffman,DEM,C-0189,Robin Littau,REP,,,,,,,False,False,0.0,,,False,DEM,DEM,projected,projected,
CA-03,house,CA,03,C-0190,Amerish Bera,DEM,C-0191,Robb Tucker,REP,,,,,,,False,False,0.0,,,False,DEM,DEM,projected,projected,
CA-04,house,CA,04,C-0192,Mike Thompson,DEM,C-0193,Ray Riehle,REP,,,,,,,False,False,0.0,,,False,DEM,DEM,projected,projected,
CA-05,house,CA,05,C-0194,Michael Masuda,DEM,C-0195,Tom McClintock,REP,,,,,,,False,False,0.0,,,False,REP,REP,projected,projected,
CA-06,house,CA,06,C-0196,Richard Pan,DEM,C-0197,Kevin Kiley,IND,,,,,,,False,False,0.0,,,False,IND,IND,projected,confirmed,
CA-07,house,CA,07,C-0198,Doris Matsui,DEM,C-0199,Republican candidate (CA-07),REP,,,,,,,False,False,0.0,,,False,DEM,DEM,projected,projected,
CA-08,house,CA,08,C-0200,John Garamendi,DEM,C-0201,Rudy Recile,REP,,,,,,,False,False,0.0,,,False,DEM,DEM,projected,projected,
CA-09,house,CA,09,C-0202,Josh Harder,DEM,C-0203,John McBride,REP,,,,,,,False,False,0.0,,,False,DEM,DEM,projected,projected,
CA-10,house,CA,10,C-0204,Mark DeSaulnier,DEM,C-0205,Jeff Frese,REP,,,,,,,False,False,0.0,,,False,DEM,DEM,projected,projected,
CA-11,house,CA,11,C-0206,Scott Wiener,DEM,C-0207,(no Republican — top-two),REP,,,,,,,False,False,0.0,DEM,Connie Chan,False,,DEM,confirmed,n/a,
CA-12,house,CA,12,C-0208,Lateefah Simon,DEM,C-0209,(no Republican — top-two),REP,,,,,,,False,False,0.0,DEM,Jamie Joyce,True,DEM,DEM,confirmed,n/a,
CA-13,house,CA,13,C-0210,Adam Gray,DEM,C-0211,Kevin Lincoln,REP,,,,,,,False,False,0.0,,,False,DEM,DEM,confirmed,confirmed,
CA-14,house,CA,14,C-0212,Aisha Wahab,DEM,C-0213,(no Republican — top-two),REP,,,,,,,False,False,0.0,DEM,Melissa Hernandez,False,,DEM,confirmed,n/a,
CA-15,house,CA,15,C-0214,Kevin Mullin,DEM,C-0215,Charles Hoelter,REP,,,,,,,False,False,0.0,,,False,DEM,DEM,projected,projected,
CA-16,house,CA,16,C-0216,Sam Liccardo,DEM,C-0217,Peter Sundin Soulé,REP,,,,,,,False,False,0.0,,,False,DEM,DEM,projected,projected,
CA-17,house,CA,17,C-0218,Rohit Khanna,DEM,C-0219,Ritesh Tandon,REP,,,,,,,False,False,0.0,,,False,DEM,DEM,projected,projected,
CA-18,house,CA,18,C-0220,Zoe Lofgren,DEM,C-0221,Shane Lewis,REP,,,,,,,False,False,0.0,,,False,DEM,DEM,projected,projected,
CA-19,house,CA,19,C-0222,Jimmy Panetta,DEM,C-0223,Peter Verbica,REP,,,,,,,False,False,0.0,,,False,DEM,DEM,projected,projected,
CA-20,house,CA,20,C-0224,Sandra Van Scotter,DEM,C-0225,Vince Fong,REP,,,,,,,False,False,0.0,,,False,REP,REP,confirmed,confirmed,
CA-21,house,CA,21,C-0226,Jim Costa,DEM,C-0227,Kyle Kirkland,REP,,,,,,,False,False,0.0,,,False,DEM,DEM,projected,projected,
CA-22,house,CA,22,C-0228,Randy Villegas,DEM,C-0229,David Valadao,REP,,,,,,,False,False,0.0,,,False,REP,REP,confirmed,confirmed,
CA-23,house,CA,23,C-0230,Tessa Lynn Hodge,DEM,C-0231,Jay Obernolte,REP,,,,,,,False,False,0.0,,,False,REP,REP,projected,projected,
CA-24,house,CA,24,C-0232,Salud Carbajal,DEM,C-0233,Robert Smith,REP,,,,,,,False,False,0.0,,,False,DEM,DEM,projected,projected,
CA-25,house,CA,25,C-0234,Raul Ruiz,DEM,C-0235,Joe Males,REP,,,,,,,False,False,0.0,,,False,,DEM,projected,projected,
CA-26,house,CA,26,C-0236,Jacqui Irwin,DEM,C-0237,Samuel Gallucci,REP,,,,,,,False,False,0.0,,,False,,DEM,projected,projected,
CA-27,house,CA,27,C-0238,George Whitesides,DEM,C-0239,Jason Gibbs,REP,,,,,,,False,False,0.0,,,False,DEM,DEM,projected,projected,
CA-28,house,CA,28,C-0240,Judy Chu,DEM,C-0241,April Verlato,REP,,,,,,,False,False,0.0,,,False,DEM,DEM,projected,projected,
CA-29,house,CA,29,C-0242,Luz Rivas,DEM,C-0243,Rudy Melendez,REP,,,,,,,False,False,0.0,,,False,DEM,DEM,projected,projected,
CA-30,house,CA,30,C-0244,Laura Friedman,DEM,C-0245,Scott Alan Meyers,REP,,,,,,,False,False,0.0,,,False,DEM,DEM,projected,projected,
CA-31,house,CA,31,C-0246,Gilbert Cisneros,DEM,C-0247,Eric Ching,REP,,,,,,,False,False,0.0,,,False,,DEM,projected,projected,
CA-32,house,CA,32,C-0248,Brad Sherman,DEM,C-0249,Larry Thompson,REP,,,,,,,False,False,0.0,,,False,DEM,DEM,projected,projected,
CA-33,house,CA,33,C-0250,Pete Aguilar,DEM,C-0251,Stephanie Vargas,REP,,,,,,,False,False,0.0,,,False,DEM,DEM,projected,projected,
CA-34,house,CA,34,C-0252,Jimmy Gomez,DEM,C-0209,(no Republican — top-two),REP,,,,,,,False,False,0.0,DEM,Angela Gonzales-Torres,True,DEM,DEM,confirmed,n/a,
CA-35,house,CA,35,C-0253,Norma Torres,DEM,C-0254,Mike Cargile,REP,,,,,,,False,False,0.0,,,False,DEM,DEM,projected,projected,
CA-36,house,CA,36,C-0255,Ted Lieu,DEM,C-0256,Houston Brignano,REP,,,,,,,False,False,0.0,,,False,DEM,DEM,projected,projected,
CA-37,house,CA,37,C-0257,Sydney Kamlager-Dove,DEM,C-0258,Baltazar Fedalizo,REP,,,,,,,False,False,0.0,,,False,DEM,DEM,projected,projected,
CA-38,house,CA,38,C-0259,Hilda Solis,DEM,C-0260,Pedro Casas,REP,,,,,,,False,False,0.0,,,False,,DEM,projected,projected,
CA-39,house,CA,39,C-0261,Mark Takano,DEM,C-0262,Steve Manos,REP,,,,,,,False,False,0.0,,,False,DEM,DEM,projected,projected,
CA-40,house,CA,40,C-0263,(no Democrat — top-two),DEM,C-0264,Ken Calvert,REP,,,,,,,False,False,0.0,REP,Young Kim,True,REP,REP,n/a,confirmed,
CA-41,house,CA,41,C-0265,Linda Sanchez,DEM,C-0266,Mitch Clemmons,REP,,,,,,,False,False,0.0,,,False,DEM,DEM,projected,projected,
CA-42,house,CA,42,C-0267,Robert Garcia,DEM,C-0268,Brian Burley,REP,,,,,,,False,False,0.0,,,False,DEM,DEM,projected,projected,
CA-43,house,CA,43,C-0269,Maxine Waters,DEM,C-0270,Cristian Morales,REP,,,,,,,False,False,0.0,,,False,DEM,DEM,projected,projected,
CA-44,house,CA,44,C-0271,Nanette Barragan,DEM,C-0272,Genevieve Angel,REP,,,,,,,False,False,0.0,,,False,DEM,DEM,projected,projected,
CA-45,house,CA,45,C-0273,Derek Tran,DEM,C-0274,Chuong Vo,REP,,,,,,,False,False,0.0,,,False,DEM,DEM,projected,projected,
CA-46,house,CA,46,C-0275,Lou Correa,DEM,C-0276,David Pan,REP,,,,,,,False,False,0.0,,,False,DEM,DEM,projected,projected,
CA-47,house,CA,47,C-0277,Dave Min,DEM,C-0278,Jenny Rae Le Roux,REP,,,,,,,False,False,0.0,,,False,DEM,DEM,projected,projected,
CA-48,house,CA,48,C-0279,Marni von Wilpert,DEM,C-0280,Jim Desmond,REP,,,,,,,False,False,0.0,,,False,,DEM,confirmed,confirmed,
CA-49,house,CA,49,C-0281,Mike Levin,DEM,C-0282,Armen Kurdian,REP,,,,,,,False,False,0.0,,,False,DEM,DEM,projected,projected,
CA-50,house,CA,50,C-0283,Scott Peters,DEM,C-0284,Steve Cohen,REP,,,,,,,False,False,0.0,,,False,DEM,DEM,projected,projected,
CA-51,house,CA,51,C-0285,Sara Jacobs,DEM,C-0286,Ricardo Cabrera,REP,,,,,,,False,False,0.0,,,False,DEM,DEM,projected,projected,
CA-52,house,CA,52,C-0287,Juan Vargas,DEM,C-0288,Jeff Belle,REP,,,,,,,False,False,0.0,,,False,DEM,DEM,projected,projected,
CO-01,house,CO,01,C-0289,Melat Kiros,DEM,C-0290,Christy Peterson,REP,,,,,,,False,False,0.0,,,False,DEM,DEM,confirmed,confirmed,
CO-02,house,CO,02,C-0291,Joe Neguse,DEM,C-0292,Kelley Dennison,REP,,,,,,,False,False,0.0,,,False,DEM,DEM,confirmed,confirmed,
CO-03,house,CO,03,C-0293,Dwayne Romero,DEM,C-0294,Jeffrey Hurd,REP,,,,,,,False,False,0.0,,,False,REP,REP,confirmed,confirmed,
CO-04,house,CO,04,C-0295,Eileen Laubacher,DEM,C-0296,Lauren Boebert,REP,,,,,,,False,False,0.0,,,False,REP,REP,confirmed,confirmed,
CO-05,house,CO,05,C-0297,Jessica Killin,DEM,C-0298,Jeff Crank,REP,,,,,,,False,False,0.0,,,False,REP,REP,confirmed,confirmed,
CO-06,house,CO,06,C-0299,Jason Crow,DEM,C-0300,Khaleb Dammen,REP,,,,,,,False,False,0.0,,,False,DEM,DEM,confirmed,confirmed,
CO-07,house,CO,07,C-0301,Brittany Pettersen,DEM,C-0302,Amanda Capobianco,REP,,,,,,,False,False,0.0,,,False,DEM,DEM,confirmed,presumptive,
CO-08,house,CO,08,C-0303,Manny Rutinel,DEM,C-0304,Gabe Evans,REP,,,,,,,False,False,0.0,,,False,REP,REP,confirmed,confirmed,
CT-01,house,CT,01,C-0305,John Larson,DEM,C-0306,Amy Chai,REP,,,,,,,False,False,0.0,,,False,DEM,DEM,projected,projected,
CT-02,house,CT,02,C-0307,Joe Courtney,DEM,C-0308,Mike France,REP,,,,,,,False,False,0.0,,,False,DEM,DEM,projected,projected,
CT-03,house,CT,03,C-0309,Rosa Delauro,DEM,C-0310,Christopher Lancia,REP,,,,,,,False,False,0.0,,,False,DEM,DEM,projected,projected,
CT-04,house,CT,04,C-0311,Jim Himes,DEM,C-0312,Michael Goldstein,REP,,,,,,,False,False,0.0,,,False,DEM,DEM,projected,projected,
CT-05,house,CT,05,C-0313,Jahana Hayes,DEM,C-0314,Michele Botelho,REP,,,,,,,False,False,0.0,,,False,DEM,DEM,projected,projected,
DE-01,house,DE,01,C-0315,Sarah McBride,DEM,C-0316,Donyale Hall,REP,,,,,,,False,False,0.0,,,False,DEM,DEM,projected,projected,
FL-01,house,FL,01,C-0317,Marcel Davis,DEM,C-0318,Jimmy Patronis,REP,,,,,,,False,False,0.0,,,False,,REP,projected,projected,
FL-02,house,FL,02,C-0319,Nicholas Zateslo,DEM,C-0320,Keith Gross,REP,,,,,,,False,False,0.0,,,False,REP,REP,presumptive,presumptive,
FL-03,house,FL,03,C-0321,Seth Harp,DEM,C-0322,Kat Cammack,REP,,,,,,,False,False,0.0,,,False,REP,REP,projected,projected,
FL-04,house,FL,04,C-0323,Michael Kirwan,DEM,C-0324,Aaron Bean,REP,,,,,,,False,False,0.0,,,False,REP,REP,projected,projected,
FL-05,house,FL,05,C-0325,Rachel Grage,DEM,C-0326,John Rutherford,REP,,,,,,,False,False,0.0,,,False,REP,REP,projected,projected,
FL-06,house,FL,06,C-0327,Democratic candidate (FL-06),DEM,C-0328,Randy Fine,REP,,,,,,,False,False,0.0,,,False,REP,REP,projected,confirmed,
FL-07,house,FL,07,C-0329,Bale Dalton,DEM,C-0330,Cory Mills,REP,,,,,,,False,False,0.0,,,False,REP,REP,projected,projected,
FL-08,house,FL,08,C-0331,Jennifer Jenkins,DEM,C-0332,Mike Haridopolos,REP,,,,,,,False,False,0.0,,,False,REP,REP,presumptive,confirmed,
FL-09,house,FL,09,C-0333,Darren Soto,DEM,C-0334,Thomas Chalifoux,REP,,,,,,,False,False,0.0,,,False,DEM,DEM,projected,projected,
FL-10,house,FL,10,C-0335,Maxwell Frost,DEM,C-0336,Stuart Farber,REP,,,,,,,False,False,0.0,,,False,DEM,DEM,projected,projected,
FL-11,house,FL,11,C-0337,Barbara Hall,DEM,C-0338,Anthony Sabatini,REP,,,,,,,False,False,0.0,,,False,REP,REP,projected,presumptive,
FL-12,house,FL,12,C-0339,Christopher Irizarry,DEM,C-0340,Gus Bilirakis,REP,,,,,,,False,False,0.0,,,False,REP,REP,projected,projected,
FL-13,house,FL,13,C-0341,Leela Gray,DEM,C-0342,Anna Paulina Luna,REP,,,,,,,False,False,0.0,,,False,REP,REP,presumptive,confirmed,
FL-14,house,FL,14,C-0343,Kathy Castor,DEM,C-0344,John Peters,REP,,,,,,,False,False,0.0,,,False,DEM,DEM,confirmed,presumptive,
FL-15,house,FL,15,C-0345,Darren McAuley,DEM,C-0346,Laurel Lee,REP,,,,,,,False,False,0.0,,,False,REP,REP,projected,projected,
FL-16,house,FL,16,C-0347,Kelly Kirschner,DEM,C-0348,Sydney Gruters,REP,,,,,,,False,False,0.0,,,False,,REP,projected,presumptive,
FL-17,house,FL,17,C-0349,Matthew Montavon,DEM,C-0350,Greg Steube,REP,,,,,,,False,False,0.0,,,False,REP,REP,projected,projected,
FL-18,house,FL,18,C-0351,Tiffanie Luong,DEM,C-0352,Scott Franklin,REP,,,,,,,False,False,0.0,,,False,REP,REP,projected,projected,
FL-19,house,FL,19,C-0353,Howard Sapp,DEM,C-0354,Madison Cawthorn,REP,,,,,,,False,False,0.0,,,False,,REP,projected,presumptive,
FL-20,house,FL,20,C-0355,Elijah Manley,DEM,C-0356,Rodenay Joseph,REP,,,,,,,False,False,0.0,,,False,,DEM,projected,projected,
FL-21,house,FL,21,C-0357,Adam Aarons,DEM,C-0358,Brian Mast,REP,,,,,,,False,False,0.0,,,False,REP,REP,projected,projected,
FL-22,house,FL,22,C-0359,Pia Dandiya,DEM,C-0360,Michael Carbonara,REP,,,,,,,False,False,0.0,,,False,,REP,projected,projected,
FL-23,house,FL,23,C-0361,Lois Frankel,DEM,C-0362,Raven Harrison,REP,,,,,,,False,False,0.0,,,False,DEM,DEM,projected,projected,
FL-24,house,FL,24,C-0363,Shevrin Jones,DEM,C-0364,Patricia Gonzalez,REP,,,,,,,False,False,0.0,,,False,DEM,DEM,projected,projected,
FL-25,house,FL,25,C-0365,Jared Moskowitz,DEM,C-0366,Scott Singer,REP,,,,,,,False,False,0.0,,,False,DEM,DEM,projected,projected,
FL-26,house,FL,26,C-0367,Yurina Gil,DEM,C-0368,Mario Diaz-Balart,REP,,,,,,,False,False,0.0,,,False,REP,REP,projected,projected,
FL-27,house,FL,27,C-0369,Richard Lamondin,DEM,C-0370,Maria Salazar,REP,,,,,,,False,False,0.0,,,False,REP,REP,projected,projected,
FL-28,house,FL,28,C-0371,Phil Ehr,DEM,C-0372,Carlos Gimenez,REP,,,,,,,False,False,0.0,,,False,REP,REP,projected,projected,
GA-01,house,GA,01,C-0373,Amanda Hollowell,DEM,C-0374,James Kingston,REP,,,,,,,False,False,0.0,,,False,,REP,confirmed,confirmed,
GA-02,house,GA,02,C-0375,Sanford Bishop,DEM,C-0376,Matt Day,REP,,,,,,,False,False,0.0,,,False,DEM,DEM,projected,projected,
GA-03,house,GA,03,C-0377,Maura Keller,DEM,C-0378,Brian Jack,REP,,,,,,,False,False,0.0,,,False,REP,REP,projected,projected,
GA-04,house,GA,04,C-0379,Henry Johnson,DEM,C-0380,Jim Duffie,REP,,,,,,,False,False,0.0,,,False,DEM,DEM,projected,projected,
GA-05,house,GA,05,C-0381,Nikema Williams,DEM,C-0382,Republican candidate (GA-05),REP,,,,,,,False,False,0.0,,,False,DEM,DEM,projected,projected,
GA-06,house,GA,06,C-0383,Lucia McBath,DEM,C-0384,Kevin Martin,REP,,,,,,,False,False,0.0,,,False,DEM,DEM,projected,projected,
GA-07,house,GA,07,C-0385,Haiden Moburg,DEM,C-0386,Rich McCormick,REP,,,,,,,False,False,0.0,,,False,REP,REP,projected,projected,
GA-08,house,GA,08,C-0387,James Cooper,DEM,C-0388,Austin Scott,REP,,,,,,,False,False,0.0,,,False,REP,REP,projected,projected,
GA-09,house,GA,09,C-0389,Nicholas Alex,DEM,C-0390,Andrew Clyde,REP,,,,,,,False,False,0.0,,,False,REP,REP,projected,projected,
GA-10,house,GA,10,C-0391,Pamela DeLancy,DEM,C-0392,Houston Gaines,REP,,,,,,,False,False,0.0,,,False,,REP,confirmed,confirmed,
GA-11,house,GA,11,C-0393,Chris Harden,DEM,C-0394,John Cowan,REP,,,,,,,False,False,0.0,,,False,,REP,confirmed,confirmed,
GA-12,house,GA,12,C-0395,Ceretta Smith,DEM,C-0396,Rick Allen,REP,,,,,,,False,False,0.0,,,False,REP,REP,projected,projected,
GA-13,house,GA,13,C-0397,Jasmine Clark,DEM,C-0398,Jonathan Chavez,REP,,,,,,,False,False,0.0,,,False,,DEM,projected,projected,
GA-14,house,GA,14,C-0399,Shawn Harris,DEM,C-0400,Clay Fuller,REP,,,,,,,False,False,0.0,,,False,,REP,projected,projected,
HI-01,house,HI,01,C-0401,Ed Case,DEM,C-0402,Maxwell Frazier,REP,,,,,,,False,False,0.0,,,False,DEM,DEM,projected,projected,
HI-02,house,HI,02,C-0403,Jill Tokuda,DEM,C-0404,Brenton Awa,REP,,,,,,,False,False,0.0,,,False,DEM,DEM,projected,projected,
IA-01,house,IA,01,C-0405,Christina Bohannan,DEM,C-0406,Mariannette Miller-Meeks,REP,,,,,,,False,False,0.0,,,False,REP,REP,confirmed,confirmed,
IA-02,house,IA,02,C-0407,Lindsay James,DEM,C-0408,Joe Mitchell,REP,,,,,,,False,False,0.0,,,False,,REP,projected,projected,
IA-03,house,IA,03,C-0409,Sarah Trone Garriott,DEM,C-0410,Zach Nunn,REP,,,,,,,False,False,0.0,,,False,REP,REP,projected,projected,
IA-04,house,IA,04,C-0411,Dave Dawson,DEM,C-0412,Chris McGowan,REP,,,,,,,False,False,0.0,,,False,,REP,projected,projected,
ID-01,house,ID,01,C-0413,Kaylee Peterson,DEM,C-0414,Russ Fulcher,REP,,,,,,,False,False,0.0,,,False,REP,REP,projected,projected,
ID-02,house,ID,02,C-0415,Elinor Gilbreath,DEM,C-0416,Mike Simpson,REP,,,,,,,False,False,0.0,,,False,REP,REP,projected,projected,
IL-01,house,IL,01,C-0417,Jonathan Jackson,DEM,C-0418,Christian Maxwell,REP,,,,,,,False,False,0.0,,,False,DEM,DEM,projected,projected,
IL-02,house,IL,02,C-0419,Donna Miller,DEM,C-0420,Calvin Coleman,REP,,,,,,,False,False,0.0,,,False,,DEM,projected,projected,
IL-03,house,IL,03,C-0421,Delia Ramirez,DEM,C-0422,Angel Oakley,REP,,,,,,,False,False,0.0,,,False,DEM,DEM,projected,projected,
IL-04,house,IL,04,C-0423,Patty Garcia,DEM,C-0424,Lupe Castillo,REP,,,,,,,False,False,0.0,,,False,,DEM,projected,projected,
IL-05,house,IL,05,C-0425,Mike Quigley,DEM,C-0426,Tom Hanson,REP,,,,,,,False,False,0.0,,,False,DEM,DEM,projected,projected,
IL-06,house,IL,06,C-0427,Sean Casten,DEM,C-0428,Niki Conforti,REP,,,,,,,False,False,0.0,,,False,DEM,DEM,projected,projected,
IL-07,house,IL,07,C-0429,La Shawn Ford,DEM,C-0430,Chad Koppie,REP,,,,,,,False,False,0.0,,,False,,DEM,confirmed,confirmed,
IL-08,house,IL,08,C-0431,Melissa Bean,DEM,C-0432,Jennifer Davis,REP,,,,,,,False,False,0.0,,,False,,DEM,projected,projected,
IL-09,house,IL,09,C-0433,Daniel Biss,DEM,C-0434,John Elleson,REP,,,,,,,False,False,0.0,,,False,,DEM,projected,projected,
IL-10,house,IL,10,C-0435,Bradley Schneider,DEM,C-0436,Republican candidate (IL-10),REP,,,,,,,False,False,0.0,,,False,DEM,DEM,projected,projected,
IL-11,house,IL,11,C-0437,Bill Foster,DEM,C-0438,Jeffrey Walter,REP,,,,,,,False,False,0.0,,,False,DEM,DEM,projected,projected,
IL-12,house,IL,12,C-0439,Julie Fortier,DEM,C-0440,Mike Bost,REP,,,,,,,False,False,0.0,,,False,REP,REP,projected,projected,
IL-13,house,IL,13,C-0441,Nikki Budzinski,DEM,C-0442,Jeff Wilson,REP,,,,,,,False,False,0.0,,,False,DEM,DEM,projected,projected,
IL-14,house,IL,14,C-0443,Lauren Underwood,DEM,C-0444,James Marter,REP,,,,,,,False,False,0.0,,,False,DEM,DEM,projected,projected,
IL-15,house,IL,15,C-0445,Jennifer Todd,DEM,C-0446,Mary Miller,REP,,,,,,,False,False,0.0,,,False,REP,REP,projected,projected,
IL-16,house,IL,16,C-0447,Paul Nolley,DEM,C-0448,Darin LaHood,REP,,,,,,,False,False,0.0,,,False,REP,REP,projected,projected,
IL-17,house,IL,17,C-0449,Eric Sorensen,DEM,C-0450,Dillan Vancil,REP,,,,,,,False,False,0.0,,,False,DEM,DEM,projected,projected,
IN-01,house,IN,01,C-0451,Frank Mrvan,DEM,C-0452,Barb Regnitz,REP,,,,,,,False,False,0.0,,,False,DEM,DEM,projected,projected,
IN-02,house,IN,02,C-0453,Jamee Decio,DEM,C-0454,Rudy Yakym,REP,,,,,,,False,False,0.0,,,False,REP,REP,projected,projected,
IN-03,house,IN,03,C-0455,Kelly Thompson,DEM,C-0456,Marlin Stutzman,REP,,,,,,,False,False,0.0,,,False,,REP,projected,projected,
IN-04,house,IN,04,C-0457,Joseph MacKey,DEM,C-0458,Jim Baird,REP,,,,,,,False,False,0.0,,,False,REP,REP,projected,projected,
IN-05,house,IN,05,C-0459,James Ford,DEM,C-0460,Victoria Spartz,REP,,,,,,,False,False,0.0,,,False,REP,REP,projected,projected,
IN-06,house,IN,06,C-0461,Cynthia Wirth,DEM,C-0462,Jefferson Shreve,REP,,,,,,,False,False,0.0,,,False,REP,REP,projected,projected,
IN-07,house,IN,07,C-0463,Andre Carson,DEM,C-0464,Felipe Rios,REP,,,,,,,False,False,0.0,,,False,DEM,DEM,projected,projected,
IN-08,house,IN,08,C-0465,Mary Allen,DEM,C-0466,Mark Messmer,REP,,,,,,,False,False,0.0,,,False,REP,REP,projected,projected,
IN-09,house,IN,09,C-0467,James Graham,DEM,C-0468,Erin Houchin,REP,,,,,,,False,False,0.0,,,False,REP,REP,projected,projected,
KS-01,house,KS,01,C-0469,Kenneth McRoberts,DEM,C-0470,Tracey Mann,REP,,,,,,,False,False,0.0,,,False,REP,REP,projected,projected,
KS-02,house,KS,02,C-0471,Don Coover,DEM,C-0472,Derek Schmidt,REP,,,,,,,False,False,0.0,,,False,REP,REP,projected,projected,
KS-03,house,KS,03,C-0473,Sharice Davids,DEM,C-0474,Chase LaPorte,REP,,,,,,,False,False,0.0,,,False,DEM,DEM,projected,projected,
KS-04,house,KS,04,C-0475,Chris Carmichael,DEM,C-0476,Ron Estes,REP,,,,,,,False,False,0.0,,,False,REP,REP,projected,projected,
KY-01,house,KY,01,C-0477,Drew Williams,DEM,C-0478,James Comer,REP,,,,,,,False,False,0.0,,,False,REP,REP,projected,projected,
KY-02,house,KY,02,C-0479,Megan Wingfield,DEM,C-0480,Brett Guthrie,REP,,,,,,,False,False,0.0,,,False,REP,REP,projected,projected,
KY-03,house,KY,03,C-0481,Morgan McGarvey,DEM,C-0482,Maria Rodriguez,REP,,,,,,,False,False,0.0,,,False,DEM,DEM,projected,projected,
KY-04,house,KY,04,C-0483,Melissa Strange,DEM,C-0484,Ed Gallrein,REP,,,,,,,False,False,0.0,,,False,,REP,projected,projected,
KY-05,house,KY,05,C-0485,Ned Pillersdorf,DEM,C-0486,Harold Rogers,REP,,,,,,,False,False,0.0,,,False,REP,REP,projected,projected,
KY-06,house,KY,06,C-0487,Zach Dembo,DEM,C-0488,Ralph Alvarado,REP,,,,,,,False,False,0.0,,,False,,REP,projected,projected,
LA-01,house,LA,01,C-0489,Lauren Jewett,DEM,C-0490,Steve Scalise,REP,,,,,,,False,False,0.0,,,False,REP,REP,projected,projected,
LA-02,house,LA,02,C-0491,Troy Carter,DEM,C-0492,Republican candidate (LA-02),REP,,,,,,,False,False,0.0,,,False,DEM,DEM,projected,projected,
LA-03,house,LA,03,C-0493,Tia Lebrun,DEM,C-0494,Clay Higgins,REP,,,,,,,False,False,0.0,,,False,REP,REP,projected,projected,
LA-04,house,LA,04,C-0495,Matthew Gromlich,DEM,C-0496,Mike Johnson,REP,,,,,,,False,False,0.0,,,False,REP,REP,projected,projected,
LA-05,house,LA,05,C-0497,Dan McKay,DEM,C-0498,Blake Miguez,REP,,,,,,,False,False,0.0,,,False,,REP,projected,projected,
LA-06,house,LA,06,C-0499,Cleo Fields,DEM,C-0500,Peter Williams,REP,,,,,,,False,False,0.0,,,False,DEM,DEM,projected,projected,
MA-01,house,MA,01,C-0501,Richard Neal,DEM,C-0502,Republican candidate (MA-01),REP,,,,,,,False,False,0.0,,,False,DEM,DEM,projected,projected,
MA-02,house,MA,02,C-0503,Jim McGovern,DEM,C-0504,Republican candidate (MA-02),REP,,,,,,,False,False,0.0,,,False,DEM,DEM,projected,projected,
MA-03,house,MA,03,C-0505,Lori Trahan,DEM,C-0506,Gary Grossi,REP,,,,,,,False,False,0.0,,,False,DEM,DEM,projected,projected,
MA-04,house,MA,04,C-0507,Jake Auchincloss,DEM,C-0508,Republican candidate (MA-04),REP,,,,,,,False,False,0.0,,,False,DEM,DEM,projected,projected,
MA-05,house,MA,05,C-0509,Katherine Clark,DEM,C-0510,Republican candidate (MA-05),REP,,,,,,,False,False,0.0,,,False,DEM,DEM,projected,projected,
MA-06,house,MA,06,C-0511,Daniel Koh,DEM,C-0512,John Field,REP,,,,,,,False,False,0.0,,,False,,DEM,projected,projected,
MA-07,house,MA,07,C-0513,Ayanna Pressley,DEM,C-0514,Republican candidate (MA-07),REP,,,,,,,False,False,0.0,,,False,DEM,DEM,projected,projected,
MA-08,house,MA,08,C-0515,Stephen Lynch,DEM,C-0516,Gavin Solomon,REP,,,,,,,False,False,0.0,,,False,DEM,DEM,projected,projected,
MA-09,house,MA,09,C-0517,Bill Keating,DEM,C-0518,Robert MacAllister,REP,,,,,,,False,False,0.0,,,False,DEM,DEM,projected,projected,
MD-01,house,MD,01,C-0519,Daniel Schwartz,DEM,C-0520,Andy Harris,REP,,,,,,,False,False,0.0,,,False,REP,REP,projected,projected,
MD-02,house,MD,02,C-0521,John Olszewski,DEM,C-0522,David Wallace,REP,,,,,,,False,False,0.0,,,False,DEM,DEM,projected,projected,
MD-03,house,MD,03,C-0523,Sarah Elfreth,DEM,C-0524,Penny Kennedy,REP,,,,,,,False,False,0.0,,,False,DEM,DEM,projected,projected,
MD-04,house,MD,04,C-0525,Glenn Ivey,DEM,C-0526,Republican candidate (MD-04),REP,,,,,,,False,False,0.0,,,False,,DEM,projected,projected,
MD-05,house,MD,05,C-0527,Adrian Boafo,DEM,C-0528,Chris Chaffee,REP,,,,,,,False,False,0.0,,,False,,DEM,confirmed,confirmed,
MD-06,house,MD,06,C-0529,April Delaney,DEM,C-0530,Robin Ficker,REP,,,,,,,False,False,0.0,,,False,DEM,DEM,projected,projected,
MD-07,house,MD,07,C-0531,Kweisi Mfume,DEM,C-0532,Republican candidate (MD-07),REP,,,,,,,False,False,0.0,,,False,DEM,DEM,projected,projected,
MD-08,house,MD,08,C-0533,Jamie Raskin,DEM,C-0534,Cheryl Riley,REP,,,,,,,False,False,0.0,,,False,DEM,DEM,projected,projected,
ME-01,house,ME,01,C-0535,Chellie Pingree,DEM,C-0536,Ronald Russell,REP,,,,,,,True,False,0.0,,,False,DEM,DEM,confirmed,confirmed,
ME-02,house,ME,02,C-0537,Matthew Dunlap,DEM,C-0538,Paul LePage,REP,,,,,,,True,False,0.0,,,False,,DEM,projected,confirmed,
MI-01,house,MI,01,C-0539,Callie Barr,DEM,C-0540,John Bergman,REP,,,,,,,False,False,0.0,,,False,REP,REP,projected,projected,
MI-02,house,MI,02,C-0541,Benjamin Ambrose,DEM,C-0542,John Moolenaar,REP,,,,,,,False,False,0.0,,,False,REP,REP,projected,projected,
MI-03,house,MI,03,C-0543,Hillary Scholten,DEM,C-0544,Allen Fiorletta,REP,,,,,,,False,False,0.0,,,False,DEM,DEM,projected,projected,
MI-04,house,MI,04,C-0545,Sean McCann,DEM,C-0546,Bill Huizenga,REP,,,,,,,False,False,0.0,,,False,REP,REP,projected,projected,
MI-05,house,MI,05,C-0547,Christian Vukasovich,DEM,C-0548,Timothy Walberg,REP,,,,,,,False,False,0.0,,,False,REP,REP,projected,projected,
MI-06,house,MI,06,C-0549,Debbie Dingell,DEM,C-0550,Republican candidate (MI-06),REP,,,,,,,False,False,0.0,,,False,DEM,DEM,projected,projected,
MI-07,house,MI,07,C-0551,Bridget Brink,DEM,C-0552,Tom Barrett,REP,,,,,,,False,False,0.0,,,False,REP,REP,projected,projected,
MI-08,house,MI,08,C-0553,Kristen McDonald Rivet,DEM,C-0554,Amir Hassan,REP,,,,,,,False,False,0.0,,,False,DEM,DEM,confirmed,projected,
MI-09,house,MI,09,C-0555,Steven Pooley,DEM,C-0556,Lisa McClain,REP,,,,,,,False,False,0.0,,,False,REP,REP,projected,projected,
MI-10,house,MI,10,C-0557,Eric Chung,DEM,C-0558,Robert Lulgjuraj,REP,,,,,,,False,False,0.0,,,False,,REP,projected,projected,
MI-11,house,MI,11,C-0559,Jeremy Moss,DEM,C-0560,Mike Steger,REP,,,,,,,False,False,0.0,,,False,,DEM,projected,projected,
MI-12,house,MI,12,C-0561,Rashida Tlaib,DEM,C-0562,Republican candidate (MI-12),REP,,,,,,,False,False,0.0,,,False,DEM,DEM,projected,projected,
MI-13,house,MI,13,C-0563,Shri Thanedar,DEM,C-0564,Andrew Lorenz,REP,,,,,,,False,False,0.0,,,False,DEM,DEM,projected,projected,
MN-01,house,MN,01,C-0565,Jacob Johnson,DEM,C-0566,Brad Finstad,REP,,,,,,,False,False,0.0,,,False,REP,REP,projected,projected,
MN-02,house,MN,02,C-0567,Matt Little,DEM,C-0568,Tyler Kistner,REP,,,,,,,False,False,0.0,,,False,,DEM,projected,projected,
MN-03,house,MN,03,C-0569,Kelly Morrison,DEM,C-0570,Tyler Bass,REP,,,,,,,False,False,0.0,,,False,DEM,DEM,projected,projected,
MN-04,house,MN,04,C-0571,Betty McCollum,DEM,C-0572,Paul Wikstrom,REP,,,,,,,False,False,0.0,,,False,DEM,DEM,projected,projected,
MN-05,house,MN,05,C-0573,Ilhan Omar,DEM,C-0574,Dalia Al-Aqidi,REP,,,,,,,False,False,0.0,,,False,DEM,DEM,projected,projected,
MN-06,house,MN,06,C-0575,Democratic candidate (MN-06),DEM,C-0576,Tom Emmer,REP,,,,,,,False,False,0.0,,,False,REP,REP,projected,projected,
MN-07,house,MN,07,C-0577,Democratic candidate (MN-07),DEM,C-0578,Michelle Fischbach,REP,,,,,,,False,False,0.0,,,False,REP,REP,projected,projected,
MN-08,house,MN,08,C-0579,Democratic candidate (MN-08),DEM,C-0580,Peter Stauber,REP,,,,,,,False,False,0.0,,,False,REP,REP,projected,projected,
MO-01,house,MO,01,C-0581,Wesley Bell,DEM,C-0582,Republican candidate (MO-01),REP,,,,,,,False,False,0.0,,,False,DEM,DEM,projected,projected,
MO-02,house,MO,02,C-0583,Frederick Wellman,DEM,C-0584,Ann Wagner,REP,,,,,,,False,False,0.0,,,False,REP,REP,projected,projected,
MO-03,house,MO,03,C-0585,Bethany Mann,DEM,C-0586,Bob Onder,REP,,,,,,,False,False,0.0,,,False,REP,REP,projected,projected,
MO-04,house,MO,04,C-0587,Hartzell Gray,DEM,C-0588,Mark Alford,REP,,,,,,,False,False,0.0,,,False,REP,REP,projected,projected,
MO-05,house,MO,05,C-0589,Emanuel Cleaver,DEM,C-0590,Bradley Patty,REP,,,,,,,False,False,0.0,,,False,DEM,DEM,projected,projected,
MO-06,house,MO,06,C-0591,Matthew Levine,DEM,C-0592,Chris Stigall,REP,,,,,,,False,False,0.0,,,False,REP,REP,projected,presumptive,
MO-07,house,MO,07,C-0593,Missi Hesketh,DEM,C-0594,Eric Burlison,REP,,,,,,,False,False,0.0,,,False,REP,REP,projected,projected,
MO-08,house,MO,08,C-0595,Clayton Harbison,DEM,C-0596,Jason Smith,REP,,,,,,,False,False,0.0,,,False,REP,REP,projected,projected,
MS-01,house,MS,01,C-0597,Cliff Johnson,DEM,C-0598,Trent Kelly,REP,,,,,,,False,False,0.0,,,False,REP,REP,confirmed,confirmed,
MS-02,house,MS,02,C-0599,Bennie Thompson,DEM,C-0600,Ron Eller,REP,,,,,,,False,False,0.0,,,False,DEM,DEM,projected,projected,
MS-03,house,MS,03,C-0601,Michael Chiaradio,DEM,C-0602,Mike Guest,REP,,,,,,,False,False,0.0,,,False,REP,REP,projected,projected,
MS-04,house,MS,04,C-0603,Jeffrey Hulum,DEM,C-0604,Mike Ezell,REP,,,,,,,False,False,0.0,,,False,REP,REP,confirmed,confirmed,
MT-01,house,MT,01,C-0605,Sam Forstag,DEM,C-0606,Aaron Flint,REP,,,,,,,False,False,0.0,,,False,,REP,projected,projected,
MT-02,house,MT,02,C-0607,Brian Miller,DEM,C-0608,Troy Downing,REP,,,,,,,False,False,0.0,,,False,REP,REP,projected,projected,
NC-01,house,NC,01,C-0609,Don Davis,DEM,C-0610,Laurie Buckhout,REP,,,,,,,False,False,0.0,,,False,DEM,DEM,projected,projected,
NC-02,house,NC,02,C-0611,Deborah Ross,DEM,C-0612,Eugene Douglass,REP,,,,,,,False,False,0.0,,,False,DEM,DEM,projected,projected,
NC-03,house,NC,03,C-0613,Raymond Smith,DEM,C-0614,Greg Murphy,REP,,,,,,,False,False,0.0,,,False,REP,REP,projected,projected,
NC-04,house,NC,04,C-0615,Valerie Foushee,DEM,C-0616,Mahesh Ganorkar,REP,,,,,,,False,False,0.0,,,False,DEM,DEM,projected,projected,
NC-05,house,NC,05,C-0617,Chuck Hubbard,DEM,C-0618,Virginia Foxx,REP,,,,,,,False,False,0.0,,,False,REP,REP,projected,projected,
NC-06,house,NC,06,C-0619,Cyril Jefferson,DEM,C-0620,Addison McDowell,REP,,,,,,,False,False,0.0,,,False,REP,REP,projected,projected,
NC-07,house,NC,07,C-0621,Kimberly Hardy,DEM,C-0622,David Rouzer,REP,,,,,,,False,False,0.0,,,False,REP,REP,projected,projected,
NC-08,house,NC,08,C-0623,Colby Watson,DEM,C-0624,Mark Harris,REP,,,,,,,False,False,0.0,,,False,REP,REP,projected,projected,
NC-09,house,NC,09,C-0625,Richard Ojeda,DEM,C-0626,Richard Hudson,REP,,,,,,,False,False,0.0,,,False,REP,REP,projected,projected,
NC-10,house,NC,10,C-0627,Ashley Bell,DEM,C-0628,Pat Harrigan,REP,,,,,,,False,False,0.0,,,False,REP,REP,projected,projected,
NC-11,house,NC,11,C-0629,Jamie Ager,DEM,C-0630,Chuck Edwards,REP,,,,,,,False,False,0.0,,,False,REP,REP,projected,projected,
NC-12,house,NC,12,C-0631,Alma Adams,DEM,C-0632,John Codiga,REP,,,,,,,False,False,0.0,,,False,DEM,DEM,projected,projected,
NC-13,house,NC,13,C-0633,Paul Barringer,DEM,C-0634,Brad Knott,REP,,,,,,,False,False,0.0,,,False,REP,REP,projected,projected,
NC-14,house,NC,14,C-0635,Lakesha Womack,DEM,C-0636,Tim Moore,REP,,,,,,,False,False,0.0,,,False,REP,REP,projected,projected,
ND-01,house,ND,01,C-0637,Trygve Hammer,DEM,C-0638,Julie Fedorchak,REP,,,,,,,False,False,0.0,,,False,REP,REP,projected,projected,
NE-01,house,NE,01,C-0639,Christopher Backemeyer,DEM,C-0640,Mike Flood,REP,C-1015,Austin Ahlman,IND,DEM,,,False,True,0.4,,,False,REP,REP,projected,projected,confirmed
NE-02,house,NE,02,C-0641,Denise Powell,DEM,C-0642,Brinker Harding,REP,,,,,,,False,False,0.0,,,False,REP,REP,confirmed,confirmed,
NE-03,house,NE,03,C-0643,Becky Stille,DEM,C-0644,Adrian Smith,REP,,,,,,,False,False,0.0,,,False,REP,REP,projected,projected,
NH-01,house,NH,01,C-0645,Stefany Shaheen,DEM,C-0646,Anthony Dilorenzo,REP,,,,,,,False,False,0.0,,,False,,DEM,projected,projected,
NH-02,house,NH,02,C-0647,Maggie Goodlander,DEM,C-0648,Lily Williams,REP,,,,,,,False,False,0.0,,,False,DEM,DEM,projected,projected,
NJ-01,house,NJ,01,C-0649,Donald Norcross,DEM,C-0650,Damon Galdo,REP,,,,,,,False,False,0.0,,,False,DEM,DEM,projected,projected,
NJ-02,house,NJ,02,C-0651,Zack Mullock,DEM,C-0652,Jeff Van Drew,REP,,,,,,,False,False,0.0,,,False,REP,REP,projected,projected,
NJ-03,house,NJ,03,C-0653,Herb Conaway,DEM,C-0654,Michael McGuire,REP,,,,,,,False,False,0.0,,,False,DEM,DEM,projected,projected,
NJ-04,house,NJ,04,C-0655,Rachel Peace,DEM,C-0656,Chris Smith,REP,,,,,,,False,False,0.0,,,False,REP,REP,projected,projected,
NJ-05,house,NJ,05,C-0657,Josh Gottheimer,DEM,C-0658,Sean Kirrane,REP,,,,,,,False,False,0.0,,,False,DEM,DEM,projected,projected,
NJ-06,house,NJ,06,C-0659,Frank Pallone,DEM,C-0660,Hillary Herzig,REP,,,,,,,False,False,0.0,,,False,DEM,DEM,projected,projected,
NJ-07,house,NJ,07,C-0661,Rebecca Bennett,DEM,C-0662,Tom Kean Jr.,REP,,,,,,,False,False,0.0,,,False,REP,REP,confirmed,confirmed,
NJ-08,house,NJ,08,C-0663,Rob Menendez,DEM,C-0664,Republican candidate (NJ-08),REP,,,,,,,False,False,0.0,,,False,,DEM,confirmed,projected,
NJ-09,house,NJ,09,C-0665,Nelida Pou,DEM,C-0666,Rosemary Pino,REP,,,,,,,False,False,0.0,,,False,DEM,DEM,projected,projected,
NJ-10,house,NJ,10,C-0667,Lamonica McIver,DEM,C-0668,Carmen Bucco,REP,,,,,,,False,False,0.0,,,False,DEM,DEM,projected,projected,
NJ-11,house,NJ,11,C-0669,Analilia Mejia,DEM,C-0670,Joe Hathaway,REP,,,,,,,False,False,0.0,,,False,,DEM,projected,projected,
NJ-12,house,NJ,12,C-0671,Adam Hamawy,DEM,C-0672,Gregg Mele,REP,,,,,,,False,False,0.0,,,False,,DEM,projected,projected,
NM-01,house,NM,01,C-0673,Melanie Stansbury,DEM,C-0674,Ndidiamaka Okpareke,REP,,,,,,,False,False,0.0,,,False,DEM,DEM,projected,projected,
NM-02,house,NM,02,C-0675,Gabriel Vasquez,DEM,C-0676,Greg Cunningham,REP,,,,,,,False,False,0.0,,,False,DEM,DEM,projected,projected,
NM-03,house,NM,03,C-0677,Teresa Leger Fernandez,DEM,C-0678,Martin Zamora,REP,,,,,,,False,False,0.0,,,False,DEM,DEM,projected,projected,
NV-01,house,NV,01,C-0679,Dina Titus,DEM,C-0680,Carrie Buck,REP,,,,,,,False,False,0.0,,,False,DEM,DEM,projected,projected,
NV-02,house,NV,02,C-0681,Teresa Benitez-Thompson,DEM,C-0682,David Flippo,REP,,,,,,,False,False,0.0,,,False,,REP,confirmed,confirmed,
NV-03,house,NV,03,C-0683,Susie Lee,DEM,C-0684,Marty O'Donnell,REP,,,,,,,False,False,0.0,,,False,DEM,DEM,projected,projected,
NV-04,house,NV,04,C-0685,Steven Horsford,DEM,C-0686,Cody Whipple,REP,,,,,,,False,False,0.0,,,False,DEM,DEM,confirmed,confirmed,
NY-01,house,NY,01,C-0687,Christopher Gallant,DEM,C-0688,Nick LaLota,REP,,,,,,,False,False,0.0,,,False,REP,REP,projected,projected,
NY-02,house,NY,02,C-0689,Patrick Halpin,DEM,C-0690,Andrew Garbarino,REP,,,,,,,False,False,0.0,,,False,REP,REP,projected,projected,
NY-03,house,NY,03,C-0691,Tom Suozzi,DEM,C-0692,Gregory Hach,REP,,,,,,,False,False,0.0,,,False,DEM,DEM,projected,projected,
NY-04,house,NY,04,C-0693,Laura Gillen,DEM,C-0694,Marvin Suber Williams,REP,,,,,,,False,False,0.0,,,False,,REP,projected,projected,
NY-05,house,NY,05,C-0695,Gregory Meeks,DEM,C-0696,Aaron Cherry,REP,,,,,,,False,False,0.0,,,False,DEM,DEM,projected,projected,
NY-06,house,NY,06,C-0697,Grace Meng,DEM,C-0698,Juan Pagan,REP,,,,,,,False,False,0.0,,,False,DEM,DEM,projected,projected,
NY-07,house,NY,07,C-0699,Claire Valdez,DEM,C-0700,Republican candidate (NY-07),REP,,,,,,,False,False,0.0,,,False,,DEM,confirmed,projected,
NY-08,house,NY,08,C-0701,Hakeem Jeffries,DEM,C-0702,Richard Simmons,REP,,,,,,,False,False,0.0,,,False,DEM,DEM,projected,projected,
NY-09,house,NY,09,C-0703,Yvette Clarke,DEM,C-0704,Jean Depalis,REP,,,,,,,False,False,0.0,,,False,DEM,DEM,projected,projected,
NY-10,house,NY,10,C-0705,Brad Lander,DEM,C-0706,Gavin Solomon,REP,,,,,,,False,False,0.0,,,False,DEM,DEM,confirmed,projected,
NY-11,house,NY,11,C-0707,Troy McGhie,DEM,C-0708,Nicole Malliotakis,REP,,,,,,,False,False,0.0,,,False,REP,REP,projected,projected,
NY-12,house,NY,12,C-0709,Micah Lasher,DEM,C-0710,Amy Jordan,REP,,,,,,,False,False,0.0,,,False,,DEM,confirmed,projected,
NY-13,house,NY,13,C-0711,Darializa Avila Chevalier,DEM,C-0712,Republican candidate (NY-13),REP,,,,,,,False,False,0.0,,,False,DEM,DEM,confirmed,projected,
NY-14,house,NY,14,C-0713,Alexandria Ocasio-Cortez,DEM,C-0714,Tina Forte,REP,,,,,,,False,False,0.0,,,False,DEM,DEM,projected,projected,
NY-15,house,NY,15,C-0715,Ritchie Torres,DEM,C-0716,Republican candidate (NY-15),REP,,,,,,,False,False,0.0,,,False,DEM,DEM,projected,projected,
NY-16,house,NY,16,C-0717,George Latimer,DEM,C-0718,Republican candidate (NY-16),REP,,,,,,,False,False,0.0,,,False,DEM,DEM,projected,projected,
NY-17,house,NY,17,C-0719,Cait Conley,DEM,C-0720,Mike Lawler,REP,,,,,,,False,False,0.0,,,False,REP,REP,confirmed,confirmed,
NY-18,house,NY,18,C-0721,Pat Ryan,DEM,C-0722,Sharanjit Thind,REP,,,,,,,False,False,0.0,,,False,DEM,DEM,projected,projected,
NY-19,house,NY,19,C-0723,Josh Riley,DEM,C-0724,Peter Oberacker,REP,,,,,,,False,False,0.0,,,False,DEM,DEM,projected,projected,
NY-20,house,NY,20,C-0725,Paul Tonko,DEM,C-0726,Ralph Ambrosio,REP,,,,,,,False,False,0.0,,,False,DEM,DEM,projected,projected,
NY-21,house,NY,21,C-0727,Blake Gendebien,DEM,C-0728,Anthony Constantino,REP,,,,,,,False,False,0.0,,,False,,REP,confirmed,confirmed,
NY-22,house,NY,22,C-0729,John Mannion,DEM,C-0730,John Lemondes,REP,,,,,,,False,False,0.0,,,False,DEM,DEM,projected,projected,
NY-23,house,NY,23,C-0731,Aaron Gies,DEM,C-0732,Nick Langworthy,REP,,,,,,,False,False,0.0,,,False,REP,REP,projected,projected,
NY-24,house,NY,24,C-0733,Alissa Ellman,DEM,C-0734,Claudia Tenney,REP,,,,,,,False,False,0.0,,,False,REP,REP,projected,projected,
NY-25,house,NY,25,C-0735,Joe Morelle,DEM,C-0736,Virginia McIntyre,REP,,,,,,,False,False,0.0,,,False,DEM,DEM,projected,projected,
NY-26,house,NY,26,C-0737,Timothy Kennedy,DEM,C-0738,Republican candidate (NY-26),REP,,,,,,,False,False,0.0,,,False,DEM,DEM,projected,projected,
OH-01,house,OH,01,C-0739,Greg Landsman,DEM,C-0740,Eric Conroy,REP,,,,,,,False,False,0.0,,,False,DEM,DEM,projected,projected,
OH-02,house,OH,02,C-0741,Jennifer Mazzuckelli,DEM,C-0742,David Taylor,REP,,,,,,,False,False,0.0,,,False,REP,REP,projected,projected,
OH-03,house,OH,03,C-0743,Joyce Beatty,DEM,C-0744,Republican candidate (OH-03),REP,,,,,,,False,False,0.0,,,False,DEM,DEM,projected,projected,
OH-04,house,OH,04,C-0745,Tamara Wilson,DEM,C-0746,Jim Jordan,REP,,,,,,,False,False,0.0,,,False,REP,REP,projected,projected,
OH-05,house,OH,05,C-0747,Daniel Burket,DEM,C-0748,Bob Latta,REP,,,,,,,False,False,0.0,,,False,REP,REP,projected,projected,
OH-06,house,OH,06,C-0749,Malcolm Ritchie,DEM,C-0750,Michael Rulli,REP,,,,,,,False,False,0.0,,,False,REP,REP,projected,projected,
OH-07,house,OH,07,C-0751,Brian Poindexter,DEM,C-0752,Max Miller,REP,,,,,,,False,False,0.0,,,False,REP,REP,projected,projected,
OH-08,house,OH,08,C-0753,Vanessa Enoch,DEM,C-0754,Warren Davidson,REP,,,,,,,False,False,0.0,,,False,REP,REP,projected,projected,
OH-09,house,OH,09,C-0755,Marcy Kaptur,DEM,C-0756,Derek Merrin,REP,,,,,,,False,False,0.0,,,False,DEM,DEM,projected,projected,
OH-10,house,OH,10,C-0757,Kristina Knickerbocker,DEM,C-0758,Mike Turner,REP,,,,,,,False,False,0.0,,,False,REP,REP,projected,projected,
OH-11,house,OH,11,C-0759,Shontel Brown,DEM,C-0760,Mike Kirchner,REP,,,,,,,False,False,0.0,,,False,DEM,DEM,projected,projected,
OH-12,house,OH,12,C-0761,Jerrad Christian,DEM,C-0762,Troy Balderson,REP,,,,,,,False,False,0.0,,,False,REP,REP,projected,projected,
OH-13,house,OH,13,C-0763,Emilia Sykes,DEM,C-0764,Carey Coleman,REP,,,,,,,False,False,0.0,,,False,DEM,DEM,projected,projected,
OH-14,house,OH,14,C-0765,Maria Jukic,DEM,C-0766,David Joyce,REP,,,,,,,False,False,0.0,,,False,REP,REP,projected,projected,
OH-15,house,OH,15,C-0767,Don Leonard,DEM,C-0768,Mike Carey,REP,,,,,,,False,False,0.0,,,False,REP,REP,projected,projected,
OK-01,house,OK,01,C-0769,John Croisant,DEM,C-0770,Jackson Lahmeyer,REP,,,,,,,False,False,0.0,,,False,,REP,projected,projected,
OK-02,house,OK,02,C-0771,Erik Terwey,DEM,C-0772,Josh Brecheen,REP,,,,,,,False,False,0.0,,,False,REP,REP,projected,projected,
OK-03,house,OK,03,C-0773,Jules Roberson,DEM,C-0774,Frank Lucas,REP,,,,,,,False,False,0.0,,,False,REP,REP,projected,projected,
OK-04,house,OK,04,C-0775,Mitchell Jacob,DEM,C-0776,Tom Cole,REP,,,,,,,False,False,0.0,,,False,REP,REP,projected,projected,
OK-05,house,OK,05,C-0777,Jena Nelson,DEM,C-0778,Stephanie Bice,REP,,,,,,,False,False,0.0,,,False,REP,REP,projected,projected,
OR-01,house,OR,01,C-0779,Suzanne Bonamici,DEM,C-0780,Barbara Kahl,REP,,,,,,,False,False,0.0,,,False,DEM,DEM,projected,projected,
OR-02,house,OR,02,C-0781,Chris Beck,DEM,C-0782,Cliff Bentz,REP,,,,,,,False,False,0.0,,,False,REP,REP,projected,projected,
OR-03,house,OR,03,C-0783,Maxine Dexter,DEM,C-0784,Loran Ayles,REP,,,,,,,False,False,0.0,,,False,DEM,DEM,projected,projected,
OR-04,house,OR,04,C-0785,Valerie Hoyle,DEM,C-0786,Monique Despain,REP,,,,,,,False,False,0.0,,,False,DEM,DEM,projected,projected,
OR-05,house,OR,05,C-0787,Janelle Bynum,DEM,C-0788,Patti Adair,REP,,,,,,,False,False,0.0,,,False,DEM,REP,confirmed,confirmed,
OR-06,house,OR,06,C-0789,Andrea Salinas,DEM,C-0790,David Russ,REP,,,,,,,False,False,0.0,,,False,DEM,DEM,projected,projected,
PA-01,house,PA,01,C-0791,Robert Harvie,DEM,C-0792,Brian Fitzpatrick,REP,,,,,,,False,False,0.0,,,False,REP,REP,projected,projected,
PA-02,house,PA,02,C-0793,Brendan Boyle,DEM,C-0794,Jessica Arriaga,REP,,,,,,,False,False,0.0,,,False,DEM,DEM,projected,projected,
PA-03,house,PA,03,C-0795,Chris Rabb,DEM,C-0796,Alexander Schnell,REP,,,,,,,False,False,0.0,,,False,,DEM,projected,projected,
PA-04,house,PA,04,C-0797,Madeleine Dean,DEM,C-0798,Aurora Stuski,REP,,,,,,,False,False,0.0,,,False,DEM,DEM,projected,projected,
PA-05,house,PA,05,C-0799,Mary Scanlon,DEM,C-0800,Melvin Johnakin,REP,,,,,,,False,False,0.0,,,False,DEM,DEM,projected,projected,
PA-06,house,PA,06,C-0801,Chrissy Houlahan,DEM,C-0802,Martin Young,REP,,,,,,,False,False,0.0,,,False,DEM,DEM,projected,projected,
PA-07,house,PA,07,C-0803,Bob Brooks,DEM,C-0804,Ryan Mackenzie,REP,,,,,,,False,False,0.0,,,False,REP,REP,confirmed,confirmed,
PA-08,house,PA,08,C-0805,Paige Cognetti,DEM,C-0806,Rob Bresnahan,REP,,,,,,,False,False,0.0,,,False,REP,DEM,confirmed,confirmed,
PA-09,house,PA,09,C-0807,Rachel Wallace,DEM,C-0808,Dan Meuser,REP,,,,,,,False,False,0.0,,,False,REP,REP,projected,projected,
PA-10,house,PA,10,C-0809,Janelle Stelson,DEM,C-0810,Scott Perry,REP,,,,,,,False,False,0.0,,,False,REP,REP,projected,projected,
PA-11,house,PA,11,C-0811,Nancy Mannion,DEM,C-0812,Lloyd Smucker,REP,,,,,,,False,False,0.0,,,False,REP,REP,projected,projected,
PA-12,house,PA,12,C-0813,Summer Lee,DEM,C-0814,Leonard Fechter,REP,,,,,,,False,False,0.0,,,False,DEM,DEM,projected,projected,
PA-13,house,PA,13,C-0815,Elizabeth Farnham,DEM,C-0816,John Joyce,REP,,,,,,,False,False,0.0,,,False,REP,REP,projected,projected,
PA-14,house,PA,14,C-0817,David Bradstock,DEM,C-0818,Guy Reschenthaler,REP,,,,,,,False,False,0.0,,,False,REP,REP,projected,projected,
PA-15,house,PA,15,C-0819,Raymond Bilger,DEM,C-0820,Glenn Thompson,REP,,,,,,,False,False,0.0,,,False,REP,REP,projected,projected,
PA-16,house,PA,16,C-0821,Justin Wagner,DEM,C-0822,George Kelly,REP,,,,,,,False,False,0.0,,,False,REP,REP,projected,projected,
PA-17,house,PA,17,C-0823,Chris Deluzio,DEM,C-0824,Jesse Vodvarka,REP,,,,,,,False,False,0.0,,,False,DEM,DEM,projected,projected,
RI-01,house,RI,01,C-0825,Gabriel Amo,DEM,C-0826,Republican candidate (RI-01),REP,,,,,,,False,False,0.0,,,False,DEM,DEM,projected,projected,
RI-02,house,RI,02,C-0827,Seth Magaziner,DEM,C-0828,Victor Mellor,REP,,,,,,,False,False,0.0,,,False,,DEM,projected,projected,
SC-01,house,SC,01,C-0829,Nancy Lacore,DEM,C-0830,Jenny Costa Honeycutt,REP,,,,,,,False,False,0.0,,,False,,REP,confirmed,confirmed,
SC-02,house,SC,02,C-0831,Zyon Khalifa,DEM,C-0832,Joe Wilson,REP,,,,,,,False,False,0.0,,,False,REP,REP,confirmed,confirmed,
SC-03,house,SC,03,C-0833,Eunice Lehmacher,DEM,C-0834,Sheri Biggs,REP,,,,,,,False,False,0.0,,,False,REP,REP,projected,projected,
SC-04,house,SC,04,C-0835,Courtney McClain,DEM,C-0836,William Timmons,REP,,,,,,,False,False,0.0,,,False,REP,REP,projected,projected,
SC-05,house,SC,05,C-0837,Mallory Dittmer,DEM,C-0838,Wes Climer,REP,,,,,,,False,False,0.0,,,False,,REP,projected,projected,
SC-06,house,SC,06,C-0839,Jim Clyburn,DEM,C-0840,Republican candidate (SC-06),REP,,,,,,,False,False,0.0,,,False,DEM,DEM,projected,projected,
SC-07,house,SC,07,C-0841,John Vincent,DEM,C-0842,Russell Fry,REP,,,,,,,False,False,0.0,,,False,REP,REP,projected,projected,
SD-01,house,SD,01,C-0843,Nicole Gronli,DEM,C-0844,Marty Jackley,REP,,,,,,,False,False,0.0,,,False,,REP,projected,projected,
TN-01,house,TN,01,C-0845,Kristi Burke,DEM,C-0846,Diana Harshbarger,REP,,,,,,,False,False,0.0,,,False,REP,REP,projected,projected,
TN-02,house,TN,02,C-0847,Michaela Barnett,DEM,C-0848,Tim Burchett,REP,,,,,,,False,False,0.0,,,False,REP,REP,projected,projected,
TN-03,house,TN,03,C-0849,Joel Hawn,DEM,C-0850,Chuck Fleischmann,REP,,,,,,,False,False,0.0,,,False,REP,REP,projected,projected,
TN-04,house,TN,04,C-0851,Victoria Broderick,DEM,C-0852,Scott Desjarlais,REP,,,,,,,False,False,0.0,,,False,REP,REP,projected,projected,
TN-05,house,TN,05,C-0853,Chaz Molder,DEM,C-0854,Andy Ogles,REP,,,,,,,False,False,0.0,,,False,REP,REP,projected,projected,
TN-06,house,TN,06,C-0855,Chaney Mosley,DEM,C-0856,Van Hilleary,REP,,,,,,,False,False,0.0,,,False,REP,REP,projected,presumptive,
TN-07,house,TN,07,C-0857,Darden Copeland,DEM,C-0858,Matt Van Epps,REP,,,,,,,False,False,0.0,,,False,REP,REP,projected,projected,
TN-08,house,TN,08,C-0859,William Wicker,DEM,C-0860,David Kustoff,REP,,,,,,,False,False,0.0,,,False,REP,REP,projected,projected,
TN-09,house,TN,09,C-0861,Justin Pearson,DEM,C-0862,Brent Taylor,REP,,,,,,,False,False,0.0,,,False,,REP,projected,projected,
TX-01,house,TX,01,C-0863,Democratic candidate (TX-01),DEM,C-0864,Nathaniel Moran,REP,,,,,,,False,False,0.0,,,False,REP,REP,projected,projected,
TX-02,house,TX,02,C-0865,Shaun Finnie,DEM,C-0866,Steve Toth,REP,,,,,,,False,False,0.0,,,False,,REP,projected,projected,
TX-03,house,TX,03,C-0867,Evan Hunt,DEM,C-0868,Keith Self,REP,,,,,,,False,False,0.0,,,False,REP,REP,projected,projected,
TX-04,house,TX,04,C-0869,Jason Pearce,DEM,C-0870,Pat Fallon,REP,,,,,,,False,False,0.0,,,False,REP,REP,projected,projected,
TX-05,house,TX,05,C-0871,Ruth Torres,DEM,C-0872,Lance Gooden,REP,,,,,,,False,False,0.0,,,False,REP,REP,projected,projected,
TX-06,house,TX,06,C-0873,Danny Minton,DEM,C-0874,Jake Ellzey,REP,,,,,,,False,False,0.0,,,False,REP,REP,projected,projected,
TX-07,house,TX,07,C-0875,Elizabeth Fletcher,DEM,C-0876,Alexander Hale,REP,,,,,,,False,False,0.0,,,False,DEM,DEM,projected,projected,
TX-08,house,TX,08,C-0877,Keith Coleman,DEM,C-0878,Jessica Steinmann,REP,,,,,,,False,False,0.0,,,False,,REP,projected,projected,
TX-09,house,TX,09,C-0879,Leticia Gutierrez,DEM,C-0880,Alexandra Mealer,REP,,,,,,,False,False,0.0,,,False,,REP,projected,projected,
TX-10,house,TX,10,C-0881,Caitlin Rourk,DEM,C-0882,Chris Gober,REP,,,,,,,False,False,0.0,,,False,,REP,projected,projected,
TX-11,house,TX,11,C-0883,Claire Reynolds,DEM,C-0884,August Pfluger,REP,,,,,,,False,False,0.0,,,False,REP,REP,projected,projected,
TX-12,house,TX,12,C-0885,Heli Rodriguez-Prilliman,DEM,C-0886,Craig Goldman,REP,,,,,,,False,False,0.0,,,False,REP,REP,projected,projected,
TX-13,house,TX,13,C-0887,Mark Nair,DEM,C-0888,Ronny Jackson,REP,,,,,,,False,False,0.0,,,False,REP,REP,projected,projected,
TX-14,house,TX,14,C-0889,Richard Davis,DEM,C-0890,Randy Weber,REP,,,,,,,False,False,0.0,,,False,REP,REP,projected,projected,
TX-15,house,TX,15,C-0891,Bobby Pulido,DEM,C-0892,Monica De La Cruz,REP,,,,,,,False,False,0.0,,,False,REP,REP,projected,projected,
TX-16,house,TX,16,C-0893,Veronica Escobar,DEM,C-0894,Republican candidate (TX-16),REP,,,,,,,False,False,0.0,,,False,DEM,DEM,projected,projected,
TX-17,house,TX,17,C-0895,Democratic candidate (TX-17),DEM,C-0896,Pete Sessions,REP,,,,,,,False,False,0.0,,,False,REP,REP,projected,projected,
TX-18,house,TX,18,C-0897,Christian Menefee,DEM,C-0898,Republican candidate (TX-18),REP,,,,,,,False,False,0.0,,,False,DEM,DEM,projected,projected,
TX-19,house,TX,19,C-0899,Kyle Rable,DEM,C-0900,Tom Sell,REP,,,,,,,False,False,0.0,,,False,,REP,projected,projected,
TX-20,house,TX,20,C-0901,Joaquin Castro,DEM,C-0902,Edgardo Baez,REP,,,,,,,False,False,0.0,,,False,DEM,DEM,projected,projected,
TX-21,house,TX,21,C-0903,Kristin Hook,DEM,C-0904,Mark Teixeira,REP,,,,,,,False,False,0.0,,,False,,REP,projected,projected,
TX-22,house,TX,22,C-0905,Marquette Greene-Scott,DEM,C-0906,Trever Nehls,REP,,,,,,,False,False,0.0,,,False,REP,REP,confirmed,confirmed,
TX-23,house,TX,23,C-0907,Katy Stout,DEM,C-0908,Brandon Herrera,REP,,,,,,,False,False,0.0,,,False,REP,REP,projected,projected,
TX-24,house,TX,24,C-0909,Democratic candidate (TX-24),DEM,C-0910,Elizabeth Van Duyne,REP,,,,,,,False,False,0.0,,,False,REP,REP,projected,projected,
TX-25,house,TX,25,C-0911,Dione Sims,DEM,C-0912,Roger Williams,REP,,,,,,,False,False,0.0,,,False,REP,REP,projected,projected,
TX-26,house,TX,26,C-0913,Steven Shook,DEM,C-0914,Brandon Gill,REP,,,,,,,False,False,0.0,,,False,REP,REP,projected,projected,
TX-27,house,TX,27,C-0915,Tanya Lloyd,DEM,C-0916,Michael Cloud,REP,,,,,,,False,False,0.0,,,False,REP,REP,projected,projected,
TX-28,house,TX,28,C-0917,Henry Cuellar,DEM,C-0918,Tano Tijerina,REP,,,,,,,False,False,0.0,,,False,DEM,DEM,projected,projected,
TX-29,house,TX,29,C-0919,Sylvia Garcia,DEM,C-0920,Martha Fierro,REP,,,,,,,False,False,0.0,,,False,DEM,DEM,projected,projected,
TX-30,house,TX,30,C-0921,Frederick Haynes,DEM,C-0922,Sholdon Daniels,REP,,,,,,,False,False,0.0,,,False,,DEM,projected,projected,
TX-31,house,TX,31,C-0923,Justin Early,DEM,C-0924,John Carter,REP,,,,,,,False,False,0.0,,,False,REP,REP,projected,projected,
TX-32,house,TX,32,C-0925,Alex Cornwallis,DEM,C-0926,Jace Yarbrough,REP,,,,,,,False,False,0.0,,,False,,REP,projected,projected,
TX-33,house,TX,33,C-0927,Colin Allred,DEM,C-0928,Patrick Gillespie,REP,,,,,,,False,False,0.0,,,False,,DEM,projected,projected,
TX-34,house,TX,34,C-0929,Vicente Gonzalez,DEM,C-0930,Eric Flores,REP,,,,,,,False,False,0.0,,,False,DEM,DEM,projected,projected,
TX-35,house,TX,35,C-0931,Johnny Garcia,DEM,C-0932,Carlos De La Cruz,REP,,,,,,,False,False,0.0,,,False,,REP,projected,projected,
TX-36,house,TX,36,C-0933,Rhonda Hart,DEM,C-0934,Brian Babin,REP,,,,,,,False,False,0.0,,,False,REP,REP,projected,projected,
TX-37,house,TX,37,C-0935,Greg Casar,DEM,C-0936,Lauren Pena,REP,,,,,,,False,False,0.0,,,False,DEM,DEM,projected,projected,
TX-38,house,TX,38,C-0937,Melissa McDonough,DEM,C-0938,Jon Bonck,REP,,,,,,,False,False,0.0,,,False,,REP,projected,projected,
UT-01,house,UT,01,C-0939,Ben McAdams,DEM,C-0940,Riley Owen,REP,,,,,,,False,False,0.0,,,False,,DEM,projected,projected,
UT-02,house,UT,02,C-0941,Peter Crosby,DEM,C-0942,Blake Moore,REP,,,,,,,False,False,0.0,,,False,REP,REP,confirmed,confirmed,
UT-03,house,UT,03,C-0943,Kent Udell,DEM,C-0944,Celeste Maloy,REP,,,,,,,False,False,0.0,,,False,REP,REP,projected,projected,
UT-04,house,UT,04,C-0945,Jonathan Larsen,DEM,C-0946,Mike Kennedy,REP,,,,,,,False,False,0.0,,,False,REP,REP,projected,projected,
VA-01,house,VA,01,C-0947,Shannon Taylor,DEM,C-0948,Rob Wittman,REP,,,,,,,False,False,0.0,,,False,REP,REP,projected,projected,
VA-02,house,VA,02,C-0949,Elaine Luria,DEM,C-0950,Jen Kiggans,REP,,,,,,,False,False,0.0,,,False,REP,REP,presumptive,confirmed,
VA-03,house,VA,03,C-0951,Bobby Scott,DEM,C-0952,Republican candidate (VA-03),REP,,,,,,,False,False,0.0,,,False,DEM,DEM,projected,projected,
VA-04,house,VA,04,C-0953,Jennifer McClellan,DEM,C-0954,Republican candidate (VA-04),REP,,,,,,,False,False,0.0,,,False,DEM,DEM,projected,projected,
VA-05,house,VA,05,C-0955,Thomas Perriello,DEM,C-0956,John McGuire,REP,,,,,,,False,False,0.0,,,False,,REP,projected,projected,
VA-06,house,VA,06,C-0957,Beth MacY,DEM,C-0958,Ben Cline,REP,,,,,,,False,False,0.0,,,False,REP,REP,projected,projected,
VA-07,house,VA,07,C-0959,Yevgeny Vindman,DEM,C-0960,Tara Durant,REP,,,,,,,False,False,0.0,,,False,DEM,DEM,projected,projected,
VA-08,house,VA,08,C-0961,Don Beyer,DEM,C-0962,Heerak Kim,REP,,,,,,,False,False,0.0,,,False,DEM,DEM,projected,projected,
VA-09,house,VA,09,C-0963,Adam Murphy,DEM,C-0964,Morgan Griffith,REP,,,,,,,False,False,0.0,,,False,REP,REP,projected,projected,
VA-10,house,VA,10,C-0965,Suhas Subramanyam,DEM,C-0966,Michelle Wong,REP,,,,,,,False,False,0.0,,,False,DEM,DEM,projected,projected,
VA-11,house,VA,11,C-0967,James Walkinshaw,DEM,C-0968,Stewart Whitson,REP,,,,,,,False,False,0.0,,,False,DEM,DEM,projected,projected,
VT-01,house,VT,01,C-0969,Rebecca Balint,DEM,C-0970,Mark Coester,REP,,,,,,,False,False,0.0,,,False,DEM,DEM,projected,projected,
WA-01,house,WA,01,C-0971,Suzan Delbene,DEM,C-0972,Republican candidate (WA-01),REP,,,,,,,False,False,0.0,,,False,DEM,DEM,projected,projected,
WA-02,house,WA,02,C-0973,Rick Larsen,DEM,C-0974,Republican candidate (WA-02),REP,,,,,,,False,False,0.0,,,False,DEM,DEM,projected,projected,
WA-03,house,WA,03,C-0975,Marie Gluesenkamp Perez,DEM,C-0976,John Braun,REP,,,,,,,False,False,0.0,,,False,DEM,DEM,confirmed,projected,
WA-04,house,WA,04,C-0977,John Duresky,DEM,C-0978,Jerrod Sessler,REP,,,,,,,False,False,0.0,,,False,,REP,projected,projected,
WA-05,house,WA,05,C-0979,Carmela Conroy,DEM,C-0980,Michael Baumgartner,REP,,,,,,,False,False,0.0,,,False,REP,REP,projected,projected,
WA-06,house,WA,06,C-0981,Emily Randall,DEM,C-0982,Teresa Fox,REP,,,,,,,False,False,0.0,,,False,DEM,DEM,projected,projected,
WA-07,house,WA,07,C-0983,Pramila Jayapal,DEM,C-0984,Republican candidate (WA-07),REP,,,,,,,False,False,0.0,,,False,DEM,DEM,projected,projected,
WA-08,house,WA,08,C-0985,Kim Schrier,DEM,C-0986,Trinh Ha,REP,,,,,,,False,False,0.0,,,False,DEM,DEM,projected,projected,
WA-09,house,WA,09,C-0987,Adam Smith,DEM,C-0988,Janis Clark,REP,,,,,,,False,False,0.0,,,False,DEM,DEM,projected,projected,
WA-10,house,WA,10,C-0989,Marilyn Strickland,DEM,C-0990,Republican candidate (WA-10),REP,,,,,,,False,False,0.0,,,False,DEM,DEM,projected,projected,
WI-01,house,WI,01,C-0991,Mitchell Berman,DEM,C-0992,Bryan Steil,REP,,,,,,,False,False,0.0,,,False,REP,REP,projected,projected,
WI-02,house,WI,02,C-0993,Mark Pocan,DEM,C-0994,Erik Olsen,REP,,,,,,,False,False,0.0,,,False,DEM,DEM,projected,projected,
WI-03,house,WI,03,C-0995,Rebecca Cooke,DEM,C-0996,Derrick Van Orden,REP,,,,,,,False,False,0.0,,,False,REP,REP,projected,projected,
WI-04,house,WI,04,C-0997,Gwen Moore,DEM,C-0998,Purnima Nath,REP,,,,,,,False,False,0.0,,,False,DEM,DEM,projected,projected,
WI-05,house,WI,05,C-0999,Andrew Beck,DEM,C-1000,Scott Fitzgerald,REP,,,,,,,False,False,0.0,,,False,REP,REP,projected,projected,
WI-06,house,WI,06,C-1001,Aaron Wojciechowski,DEM,C-1002,Glenn Grothman,REP,,,,,,,False,False,0.0,,,False,REP,REP,projected,projected,
WI-07,house,WI,07,C-1003,Frederic Clark,DEM,C-1004,Paul Wassgren,REP,,,,,,,False,False,0.0,,,False,,REP,projected,projected,
WI-08,house,WI,08,C-1005,Mark Scheffler,DEM,C-1006,Tony Wied,REP,,,,,,,False,False,0.0,,,False,REP,REP,projected,projected,
WV-01,house,WV,01,C-1007,Vince George,DEM,C-1008,Carol Miller,REP,,,,,,,False,False,0.0,,,False,REP,REP,confirmed,confirmed,
WV-02,house,WV,02,C-1009,Ahsan Parsi,DEM,C-1010,Riley Moore,REP,,,,,,,False,False,0.0,,,False,REP,REP,projected,projected,
WY-01,house,WY,01,C-1011,Lisa Kinney,DEM,C-1014,Chuck Gray,REP,,,,,,,False,False,0.0,,,False,,REP,projected,projected,
