state,chamber,dem_seats,count
AL,House,7,1
AL,House,11,1
AL,House,12,5
AL,House,13,8
AL,House,14,9
AL,House,15,10
AL,House,16,8
AL,House,17,15
AL,House,18,25
AL,House,19,28
AL,House,20,37
AL,House,21,56
AL,House,22,63
AL,House,23,121
AL,House,24,200
AL,House,25,260
AL,House,26,507
AL,House,27,924
AL,House,28,1567
AL,House,29,1747
AL,House,30,1215
AL,House,31,756
AL,House,32,555
AL,House,33,378
AL,House,34,277
AL,House,35,220
AL,House,36,167
AL,House,37,138
AL,House,38,100
AL,House,39,78
AL,House,40,64
AL,House,41,57
AL,House,42,51
AL,House,43,38
AL,House,44,26
AL,House,45,35
AL,House,46,28
AL,House,47,28
AL,House,48,17
AL,House,49,16
AL,House,50,10
AL,House,51,15
AL,House,52,17
AL,House,53,10
AL,House,54,10
AL,House,55,15
AL,House,56,9
AL,House,57,9
AL,House,58,8
AL,House,59,6
AL,House,60,4
AL,House,61,6
AL,House,62,1
AL,House,63,4
AL,House,64,2
AL,House,65,5
AL,House,66,4
AL,House,67,3
AL,House,68,8
AL,House,69,3
AL,House,71,1
AL,House,72,1
AL,House,73,2
AL,House,74,1
AL,House,76,3
AL,House,77,3
AL,House,78,1
AL,House,83,1
AL,House,89,1
AL,House,91,1
AL,Senate,0,1
AL,Senate,1,1
AL,Senate,2,8
AL,Senate,3,10
AL,Senate,4,38
AL,Senate,5,90
AL,Senate,6,243
AL,Senate,7,636
AL,Senate,8,2531
AL,Senate,9,3996
AL,Senate,10,1293
AL,Senate,11,542
AL,Senate,12,223
AL,Senate,13,146
AL,Senate,14,77
AL,Senate,15,46
AL,Senate,16,39
AL,Senate,17,26
AL,Senate,18,16
AL,Senate,19,12
AL,Senate,20,10
AL,Senate,21,7
AL,Senate,22,4
AL,Senate,23,1
AL,Senate,26,4
AK,House,3,4
AK,House,4,2
AK,House,5,11
AK,House,6,19
AK,House,7,13
AK,House,8,41
AK,House,9,39
AK,House,10,84
AK,House,11,129
AK,House,12,242
AK,House,13,363
AK,House,14,710
AK,House,15,1081
AK,House,16,1458
AK,House,17,1791
AK,House,18,1598
AK,House,19,1128
AK,House,20,585
AK,House,21,284
AK,House,22,158
AK,House,23,91
AK,House,24,54
AK,House,25,41
AK,House,26,24
AK,House,27,14
AK,House,28,13
AK,House,29,12
AK,House,30,5
AK,House,31,2
AK,House,32,3
AK,House,34,1
AK,Senate,5,11
AK,Senate,6,42
AK,Senate,7,263
AK,Senate,8,1670
AK,Senate,9,6769
AK,Senate,10,963
AK,Senate,11,214
AK,Senate,12,49
AK,Senate,13,17
AK,Senate,14,2
AZ,House,8,1
AZ,House,10,1
AZ,House,11,1
AZ,House,12,2
AZ,House,13,2
AZ,House,14,2
AZ,House,15,8
AZ,House,16,8
AZ,House,17,10
AZ,House,18,31
AZ,House,19,40
AZ,House,20,88
AZ,House,21,138
AZ,House,22,235
AZ,House,23,367
AZ,House,24,502
AZ,House,25,599
AZ,House,26,748
AZ,House,27,718
AZ,House,28,725
AZ,House,29,737
AZ,House,30,664
AZ,House,31,662
AZ,House,32,555
AZ,House,33,526
AZ,House,34,468
AZ,House,35,370
AZ,House,36,319
AZ,House,37,255
AZ,House,38,250
AZ,House,39,189
AZ,House,40,171
AZ,House,41,131
AZ,House,42,97
AZ,House,43,88
AZ,House,44,65
AZ,House,45,56
AZ,House,46,41
AZ,House,47,38
AZ,House,48,31
AZ,House,49,16
AZ,House,50,16
AZ,House,51,8
AZ,House,52,9
AZ,House,53,5
AZ,House,54,3
AZ,House,55,1
AZ,House,56,2
AZ,House,57,1
AZ,Senate,4,2
AZ,Senate,5,4
AZ,Senate,6,10
AZ,Senate,7,13
AZ,Senate,8,31
AZ,Senate,9,57
AZ,Senate,10,111
AZ,Senate,11,203
AZ,Senate,12,432
AZ,Senate,13,950
AZ,Senate,14,1410
AZ,Senate,15,1602
AZ,Senate,16,1578
AZ,Senate,17,1195
AZ,Senate,18,824
AZ,Senate,19,602
AZ,Senate,20,331
AZ,Senate,21,256
AZ,Senate,22,162
AZ,Senate,23,87
AZ,Senate,24,51
AZ,Senate,25,39
AZ,Senate,26,24
AZ,Senate,27,10
AZ,Senate,28,9
AZ,Senate,29,6
AZ,Senate,30,1
AR,House,4,4
AR,House,5,2
AR,House,6,3
AR,House,7,5
AR,House,8,6
AR,House,9,20
AR,House,10,23
AR,House,11,41
AR,House,12,63
AR,House,13,82
AR,House,14,109
AR,House,15,176
AR,House,16,260
AR,House,17,400
AR,House,18,573
AR,House,19,729
AR,House,20,759
AR,House,21,826
AR,House,22,837
AR,House,23,799
AR,House,24,722
AR,House,25,570
AR,House,26,486
AR,House,27,432
AR,House,28,368
AR,House,29,277
AR,House,30,218
AR,House,31,177
AR,House,32,158
AR,House,33,118
AR,House,34,99
AR,House,35,84
AR,House,36,68
AR,House,37,46
AR,House,38,53
AR,House,39,53
AR,House,40,45
AR,House,41,46
AR,House,42,31
AR,House,43,22
AR,House,44,25
AR,House,45,19
AR,House,46,26
AR,House,47,17
AR,House,48,15
AR,House,49,7
AR,House,50,10
AR,House,51,13
AR,House,52,8
AR,House,53,5
AR,House,54,13
AR,House,55,6
AR,House,56,7
AR,House,57,6
AR,House,58,4
AR,House,59,6
AR,House,60,5
AR,House,62,2
AR,House,63,1
AR,House,65,3
AR,House,66,2
AR,House,68,3
AR,House,69,2
AR,House,70,2
AR,House,71,1
AR,House,75,1
AR,House,76,1
AR,Senate,2,11
AR,Senate,3,53
AR,Senate,4,179
AR,Senate,5,939
AR,Senate,6,3510
AR,Senate,7,3417
AR,Senate,8,1064
AR,Senate,9,430
AR,Senate,10,201
AR,Senate,11,83
AR,Senate,12,48
AR,Senate,13,30
AR,Senate,14,20
AR,Senate,15,7
AR,Senate,16,3
AR,Senate,17,1
AR,Senate,18,2
AR,Senate,19,2
CA,Assembly,14,1
CA,Assembly,23,1
CA,Assembly,28,2
CA,Assembly,29,2
CA,Assembly,31,2
CA,Assembly,32,2
CA,Assembly,33,2
CA,Assembly,34,1
CA,Assembly,35,1
CA,Assembly,36,5
CA,Assembly,37,9
CA,Assembly,38,7
CA,Assembly,39,8
CA,Assembly,40,10
CA,Assembly,41,7
CA,Assembly,42,12
CA,Assembly,43,12
CA,Assembly,44,23
CA,Assembly,45,27
CA,Assembly,46,34
CA,Assembly,47,40
CA,Assembly,48,44
CA,Assembly,49,43
CA,Assembly,50,73
CA,Assembly,51,78
CA,Assembly,52,109
CA,Assembly,53,146
CA,Assembly,54,180
CA,Assembly,55,245
CA,Assembly,56,294
CA,Assembly,57,348
CA,Assembly,58,448
CA,Assembly,59,497
CA,Assembly,60,569
CA,Assembly,61,622
CA,Assembly,62,704
CA,Assembly,63,730
CA,Assembly,64,722
CA,Assembly,65,748
CA,Assembly,66,629
CA,Assembly,67,588
CA,Assembly,68,538
CA,Assembly,69,405
CA,Assembly,70,352
CA,Assembly,71,235
CA,Assembly,72,169
CA,Assembly,73,108
CA,Assembly,74,73
CA,Assembly,75,43
CA,Assembly,76,27
CA,Assembly,77,15
CA,Assembly,78,4
CA,Assembly,79,6
CA,Senate,19,1
CA,Senate,20,3
CA,Senate,21,2
CA,Senate,22,9
CA,Senate,23,30
CA,Senate,24,47
CA,Senate,25,101
CA,Senate,26,165
CA,Senate,27,298
CA,Senate,28,518
CA,Senate,29,814
CA,Senate,30,1225
CA,Senate,31,1690
CA,Senate,32,1794
CA,Senate,33,1594
CA,Senate,34,1228
CA,Senate,35,420
CA,Senate,36,61
CO,House,9,1
CO,House,11,1
CO,House,12,1
CO,House,13,1
CO,House,14,1
CO,House,16,2
CO,House,17,3
CO,House,18,4
CO,House,19,3
CO,House,20,1
CO,House,21,4
CO,House,22,3
CO,House,23,4
CO,House,24,7
CO,House,25,16
CO,House,26,15
CO,House,27,18
CO,House,28,28
CO,House,29,35
CO,House,30,27
CO,House,31,34
CO,House,32,46
CO,House,33,48
CO,House,34,83
CO,House,35,70
CO,House,36,122
CO,House,37,133
CO,House,38,165
CO,House,39,213
CO,House,40,277
CO,House,41,363
CO,House,42,444
CO,House,43,533
CO,House,44,639
CO,House,45,784
CO,House,46,758
CO,House,47,805
CO,House,48,774
CO,House,49,753
CO,House,50,580
CO,House,51,489
CO,House,52,390
CO,House,53,358
CO,House,54,239
CO,House,55,209
CO,House,56,147
CO,House,57,119
CO,House,58,93
CO,House,59,64
CO,House,60,37
CO,House,61,22
CO,House,62,18
CO,House,63,10
CO,House,64,3
CO,House,65,3
CO,Senate,13,1
CO,Senate,15,8
CO,Senate,16,24
CO,Senate,17,71
CO,Senate,18,128
CO,Senate,19,247
CO,Senate,20,485
CO,Senate,21,885
CO,Senate,22,1583
CO,Senate,23,2240
CO,Senate,24,2081
CO,Senate,25,1552
CO,Senate,26,566
CO,Senate,27,101
CO,Senate,28,24
CO,Senate,29,4
CT,House,28,1
CT,House,30,2
CT,House,31,1
CT,House,32,1
CT,House,33,1
CT,House,34,1
CT,House,36,1
CT,House,38,2
CT,House,39,1
CT,House,40,1
CT,House,42,1
CT,House,43,2
CT,House,44,2
CT,House,45,4
CT,House,46,2
CT,House,47,1
CT,House,48,4
CT,House,49,6
CT,House,50,3
CT,House,51,4
CT,House,52,6
CT,House,53,4
CT,House,54,5
CT,House,55,6
CT,House,56,2
CT,House,57,4
CT,House,58,6
CT,House,59,6
CT,House,60,7
CT,House,61,9
CT,House,62,11
CT,House,63,12
CT,House,64,12
CT,House,65,10
CT,House,66,11
CT,House,67,12
CT,House,68,12
CT,House,69,12
CT,House,70,13
CT,House,71,15
CT,House,72,22
CT,House,73,18
CT,House,74,18
CT,House,75,24
CT,House,76,17
CT,House,77,23
CT,House,78,15
CT,House,79,28
CT,House,80,24
CT,House,81,34
CT,House,82,24
CT,House,83,36
CT,House,84,37
CT,House,85,33
CT,House,86,43
CT,House,87,28
CT,House,88,45
CT,House,89,35
CT,House,90,54
CT,House,91,50
CT,House,92,43
CT,House,93,71
CT,House,94,60
CT,House,95,73
CT,House,96,67
CT,House,97,68
CT,House,98,80
CT,House,99,62
CT,House,100,88
CT,House,101,84
CT,House,102,70
CT,House,103,83
CT,House,104,107
CT,House,105,106
CT,House,106,108
CT,House,107,107
CT,House,108,108
CT,House,109,108
CT,House,110,116
CT,House,111,146
CT,House,112,140
CT,House,113,142
CT,House,114,118
CT,House,115,147
CT,House,116,166
CT,House,117,176
CT,House,118,170
CT,House,119,178
CT,House,120,171
CT,House,121,195
CT,House,122,193
CT,House,123,178
CT,House,124,213
CT,House,125,225
CT,House,126,231
CT,House,127,221
CT,House,128,230
CT,House,129,231
CT,House,130,231
CT,House,131,252
CT,House,132,233
CT,House,133,249
CT,House,134,267
CT,House,135,269
CT,House,136,252
CT,House,137,244
CT,House,138,278
CT,House,139,230
CT,House,140,231
CT,House,141,240
CT,House,142,221
CT,House,143,219
CT,House,144,175
CT,House,145,176
CT,House,146,132
CT,House,147,101
CT,House,148,48
CT,House,149,29
CT,House,150,17
CT,House,151,2
CT,Senate,6,3
CT,Senate,7,1
CT,Senate,8,8
CT,Senate,9,7
CT,Senate,10,15
CT,Senate,11,21
CT,Senate,12,27
CT,Senate,13,47
CT,Senate,14,44
CT,Senate,15,53
CT,Senate,16,71
CT,Senate,17,87
CT,Senate,18,115
CT,Senate,19,167
CT,Senate,20,166
CT,Senate,21,207
CT,Senate,22,247
CT,Senate,23,287
CT,Senate,24,369
CT,Senate,25,363
CT,Senate,26,497
CT,Senate,27,513
CT,Senate,28,602
CT,Senate,29,706
CT,Senate,30,757
CT,Senate,31,962
CT,Senate,32,1066
CT,Senate,33,1154
CT,Senate,34,1230
CT,Senate,35,181
CT,Senate,36,27
DE,House,7,1
DE,House,8,1
DE,House,11,1
DE,House,12,1
DE,House,13,3
DE,House,14,5
DE,House,15,6
DE,House,16,12
DE,House,17,19
DE,House,18,24
DE,House,19,25
DE,House,20,38
DE,House,21,64
DE,House,22,74
DE,House,23,101
DE,House,24,136
DE,House,25,187
DE,House,26,242
DE,House,27,370
DE,House,28,552
DE,House,29,662
DE,House,30,958
DE,House,31,1078
DE,House,32,1135
DE,House,33,1014
DE,House,34,984
DE,House,35,766
DE,House,36,621
DE,House,37,429
DE,House,38,273
DE,House,39,140
DE,House,40,57
DE,House,41,21
DE,Senate,7,1
DE,Senate,8,1
DE,Senate,9,2
DE,Senate,10,17
DE,Senate,11,59
DE,Senate,12,126
DE,Senate,13,419
DE,Senate,14,1166
DE,Senate,15,2591
DE,Senate,16,2421
DE,Senate,17,1864
DE,Senate,18,1333
FL,House,6,1
FL,House,7,1
FL,House,8,1
FL,House,9,1
FL,House,11,1
FL,House,12,3
FL,House,13,1
FL,House,14,3
FL,House,15,5
FL,House,16,7
FL,House,17,5
FL,House,18,8
FL,House,19,13
FL,House,20,11
FL,House,21,15
FL,House,22,18
FL,House,23,18
FL,House,24,24
FL,House,25,34
FL,House,26,50
FL,House,27,51
FL,House,28,68
FL,House,29,65
FL,House,30,91
FL,House,31,134
FL,House,32,127
FL,House,33,164
FL,House,34,169
FL,House,35,219
FL,House,36,226
FL,House,37,252
FL,House,38,324
FL,House,39,334
FL,House,40,299
FL,House,41,345
FL,House,42,315
FL,House,43,321
FL,House,44,332
FL,House,45,351
FL,House,46,335
FL,House,47,315
FL,House,48,239
FL,House,49,287
FL,House,50,264
FL,House,51,252
FL,House,52,246
FL,House,53,226
FL,House,54,235
FL,House,55,215
FL,House,56,206
FL,House,57,200
FL,House,58,180
FL,House,59,174
FL,House,60,171
FL,House,61,147
FL,House,62,139
FL,House,63,150
FL,House,64,114
FL,House,65,129
FL,House,66,106
FL,House,67,103
FL,House,68,102
FL,House,69,71
FL,House,70,66
FL,House,71,70
FL,House,72,64
FL,House,73,56
FL,House,74,68
FL,House,75,70
FL,House,76,76
FL,House,77,53
FL,House,78,46
FL,House,79,47
FL,House,80,38
FL,House,81,32
FL,House,82,31
FL,House,83,30
FL,House,84,26
FL,House,85,23
FL,House,86,26
FL,House,87,16
FL,House,88,13
FL,House,89,14
FL,House,90,14
FL,House,91,11
FL,House,92,16
FL,House,93,7
FL,House,94,15
FL,House,95,8
FL,House,96,10
FL,House,97,4
FL,House,98,6
FL,House,99,2
FL,House,100,2
FL,House,101,5
FL,House,102,7
FL,House,103,3
FL,House,104,4
FL,House,105,1
FL,House,107,2
FL,House,108,1
FL,House,109,1
FL,House,110,1
FL,House,111,1
FL,House,112,1
FL,Senate,6,5
FL,Senate,7,23
FL,Senate,8,73
FL,Senate,9,179
FL,Senate,10,530
FL,Senate,11,1160
FL,Senate,12,1590
FL,Senate,13,1461
FL,Senate,14,1301
FL,Senate,15,969
FL,Senate,16,854
FL,Senate,17,626
FL,Senate,18,498
FL,Senate,19,327
FL,Senate,20,198
FL,Senate,21,124
FL,Senate,22,63
FL,Senate,23,17
FL,Senate,24,2
GA,House,26,1
GA,House,29,1
GA,House,36,2
GA,House,38,2
GA,House,40,2
GA,House,41,1
GA,House,42,1
GA,House,44,3
GA,House,45,3
GA,House,46,3
GA,House,47,4
GA,House,48,5
GA,House,49,3
GA,House,50,5
GA,House,52,8
GA,House,53,4
GA,House,54,4
GA,House,55,9
GA,House,56,4
GA,House,57,6
GA,House,58,7
GA,House,59,9
GA,House,60,13
GA,House,61,11
GA,House,62,22
GA,House,63,22
GA,House,64,31
GA,House,65,21
GA,House,66,36
GA,House,67,32
GA,House,68,48
GA,House,69,58
GA,House,70,65
GA,House,71,67
GA,House,72,70
GA,House,73,100
GA,House,74,131
GA,House,75,140
GA,House,76,189
GA,House,77,211
GA,House,78,294
GA,House,79,347
GA,House,80,378
GA,House,81,419
GA,House,82,404
GA,House,83,454
GA,House,84,479
GA,House,85,484
GA,House,86,418
GA,House,87,421
GA,House,88,400
GA,House,89,395
GA,House,90,337
GA,House,91,320
GA,House,92,287
GA,House,93,259
GA,House,94,262
GA,House,95,219
GA,House,96,188
GA,House,97,198
GA,House,98,158
GA,House,99,154
GA,House,100,126
GA,House,101,120
GA,House,102,119
GA,House,103,91
GA,House,104,75
GA,House,105,84
GA,House,106,63
GA,House,107,72
GA,House,108,70
GA,House,109,57
GA,House,110,41
GA,House,111,48
GA,House,112,37
GA,House,113,41
GA,House,114,33
GA,House,115,31
GA,House,116,25
GA,House,117,21
GA,House,118,22
GA,House,119,17
GA,House,120,17
GA,House,121,19
GA,House,122,14
GA,House,123,14
GA,House,124,14
GA,House,125,6
GA,House,126,13
GA,House,127,7
GA,House,128,11
GA,House,129,9
GA,House,130,8
GA,House,131,3
GA,House,132,9
GA,House,133,3
GA,House,134,4
GA,House,135,4
GA,House,136,2
GA,House,137,3
GA,House,138,2
GA,House,139,3
GA,House,141,2
GA,House,142,2
GA,House,145,2
GA,House,146,2
GA,House,147,1
GA,House,150,1
GA,House,158,1
GA,House,164,1
GA,House,166,1
GA,Senate,7,1
GA,Senate,8,1
GA,Senate,9,1
GA,Senate,10,2
GA,Senate,11,2
GA,Senate,12,2
GA,Senate,13,10
GA,Senate,14,12
GA,Senate,15,20
GA,Senate,16,28
GA,Senate,17,32
GA,Senate,18,60
GA,Senate,19,125
GA,Senate,20,223
GA,Senate,21,457
GA,Senate,22,908
GA,Senate,23,1584
GA,Senate,24,1448
GA,Senate,25,1158
GA,Senate,26,849
GA,Senate,27,687
GA,Senate,28,581
GA,Senate,29,391
GA,Senate,30,315
GA,Senate,31,240
GA,Senate,32,184
GA,Senate,33,179
GA,Senate,34,118
GA,Senate,35,82
GA,Senate,36,72
GA,Senate,37,59
GA,Senate,38,47
GA,Senate,39,36
GA,Senate,40,28
GA,Senate,41,13
GA,Senate,42,14
GA,Senate,43,13
GA,Senate,44,5
GA,Senate,45,5
GA,Senate,46,4
GA,Senate,47,2
GA,Senate,48,2
HI,House,7,1
HI,House,20,1
HI,House,21,2
HI,House,22,3
HI,House,23,2
HI,House,25,4
HI,House,26,4
HI,House,27,9
HI,House,28,5
HI,House,29,11
HI,House,30,11
HI,House,31,17
HI,House,32,23
HI,House,33,26
HI,House,34,43
HI,House,35,47
HI,House,36,65
HI,House,37,66
HI,House,38,118
HI,House,39,139
HI,House,40,220
HI,House,41,330
HI,House,42,487
HI,House,43,810
HI,House,44,1306
HI,House,45,1753
HI,House,46,1777
HI,House,47,1444
HI,House,48,965
HI,House,49,242
HI,House,50,61
HI,House,51,8
HI,Senate,11,1
HI,Senate,12,1
HI,Senate,13,3
HI,Senate,14,8
HI,Senate,15,9
HI,Senate,16,16
HI,Senate,17,17
HI,Senate,18,47
HI,Senate,19,98
HI,Senate,20,222
HI,Senate,21,760
HI,Senate,22,6995
HI,Senate,23,1823
ID,House,1,3
ID,House,2,14
ID,House,3,25
ID,House,4,77
ID,House,5,183
ID,House,6,342
ID,House,7,607
ID,House,8,994
ID,House,9,1206
ID,House,10,1328
ID,House,11,1133
ID,House,12,974
ID,House,13,759
ID,House,14,589
ID,House,15,464
ID,House,16,351
ID,House,17,255
ID,House,18,169
ID,House,19,128
ID,House,20,74
ID,House,21,63
ID,House,22,63
ID,House,23,49
ID,House,24,27
ID,House,25,21
ID,House,26,16
ID,House,27,16
ID,House,28,17
ID,House,29,12
ID,House,30,10
ID,House,31,4
ID,House,32,3
ID,House,33,1
ID,House,34,4
ID,House,35,4
ID,House,36,6
ID,House,37,1
ID,House,38,1
ID,House,39,4
ID,House,41,1
ID,House,43,1
ID,House,49,1
ID,Senate,0,3
ID,Senate,1,26
ID,Senate,2,138
ID,Senate,3,386
ID,Senate,4,929
ID,Senate,5,1553
ID,Senate,6,2285
ID,Senate,7,2319
ID,Senate,8,1526
ID,Senate,9,470
ID,Senate,10,182
ID,Senate,11,90
ID,Senate,12,34
ID,Senate,13,25
ID,Senate,14,19
ID,Senate,15,7
ID,Senate,16,3
ID,Senate,17,2
ID,Senate,18,1
ID,Senate,19,2
IL,House,17,1
IL,House,21,1
IL,House,26,1
IL,House,27,1
IL,House,31,1
IL,House,32,1
IL,House,34,1
IL,House,35,2
IL,House,36,1
IL,House,37,6
IL,House,38,1
IL,House,39,2
IL,House,40,2
IL,House,41,3
IL,House,42,1
IL,House,43,4
IL,House,44,4
IL,House,45,3
IL,House,46,3
IL,House,47,5
IL,House,48,6
IL,House,49,7
IL,House,50,9
IL,House,51,6
IL,House,52,5
IL,House,53,15
IL,House,54,9
IL,House,55,7
IL,House,56,12
IL,House,57,11
IL,House,58,11
IL,House,59,13
IL,House,60,19
IL,House,61,29
IL,House,62,18
IL,House,63,36
IL,House,64,39
IL,House,65,33
IL,House,66,40
IL,House,67,62
IL,House,68,63
IL,House,69,78
IL,House,70,89
IL,House,71,96
IL,House,72,124
IL,House,73,138
IL,House,74,195
IL,House,75,249
IL,House,76,276
IL,House,77,359
IL,House,78,458
IL,House,79,550
IL,House,80,653
IL,House,81,703
IL,House,82,764
IL,House,83,729
IL,House,84,697
IL,House,85,611
IL,House,86,484
IL,House,87,483
IL,House,88,369
IL,House,89,284
IL,House,90,227
IL,House,91,207
IL,House,92,145
IL,House,93,111
IL,House,94,105
IL,House,95,67
IL,House,96,60
IL,House,97,35
IL,House,98,28
IL,House,99,20
IL,House,100,22
IL,House,101,24
IL,House,102,18
IL,House,103,7
IL,House,104,10
IL,House,105,4
IL,House,106,8
IL,House,107,7
IL,House,108,2
IL,House,109,4
IL,House,110,2
IL,House,111,2
IL,House,112,1
IL,House,116,1
IL,Senate,23,2
IL,Senate,25,3
IL,Senate,26,9
IL,Senate,27,7
IL,Senate,28,6
IL,Senate,29,8
IL,Senate,30,15
IL,Senate,31,27
IL,Senate,32,29
IL,Senate,33,50
IL,Senate,34,58
IL,Senate,35,86
IL,Senate,36,157
IL,Senate,37,201
IL,Senate,38,363
IL,Senate,39,530
IL,Senate,40,771
IL,Senate,41,1094
IL,Senate,42,1312
IL,Senate,43,1406
IL,Senate,44,1191
IL,Senate,45,958
IL,Senate,46,704
IL,Senate,47,446
IL,Senate,48,266
IL,Senate,49,142
IL,Senate,50,82
IL,Senate,51,38
IL,Senate,52,18
IL,Senate,53,10
IL,Senate,54,11
IN,House,4,1
IN,House,5,1
IN,House,6,2
IN,House,9,2
IN,House,10,5
IN,House,11,6
IN,House,12,7
IN,House,13,7
IN,House,14,13
IN,House,15,16
IN,House,16,13
IN,House,17,25
IN,House,18,24
IN,House,19,46
IN,House,20,51
IN,House,21,62
IN,House,22,79
IN,House,23,123
IN,House,24,184
IN,House,25,227
IN,House,26,319
IN,House,27,457
IN,House,28,604
IN,House,29,849
IN,House,30,866
IN,House,31,846
IN,House,32,747
IN,House,33,659
IN,House,34,553
IN,House,35,481
IN,House,36,448
IN,House,37,314
IN,House,38,299
IN,House,39,271
IN,House,40,203
IN,House,41,175
IN,House,42,153
IN,House,43,154
IN,House,44,98
IN,House,45,78
IN,House,46,88
IN,House,47,61
IN,House,48,46
IN,House,49,52
IN,House,50,46
IN,House,51,33
IN,House,52,24
IN,House,53,26
IN,House,54,24
IN,House,55,16
IN,House,56,16
IN,House,57,14
IN,House,58,11
IN,House,59,15
IN,House,60,14
IN,House,61,5
IN,House,62,7
IN,House,63,4
IN,House,64,6
IN,House,65,1
IN,House,66,3
IN,House,67,3
IN,House,68,2
IN,House,69,3
IN,House,70,2
IN,House,71,1
IN,House,72,1
IN,House,73,1
IN,House,74,3
IN,House,75,1
IN,House,77,1
IN,House,84,2
IN,Senate,7,103
IN,Senate,8,768
IN,Senate,9,1302
IN,Senate,10,1502
IN,Senate,11,1625
IN,Senate,12,1511
IN,Senate,13,1076
IN,Senate,14,696
IN,Senate,15,452
IN,Senate,16,308
IN,Senate,17,210
IN,Senate,18,130
IN,Senate,19,112
IN,Senate,20,55
IN,Senate,21,64
IN,Senate,22,35
IN,Senate,23,21
IN,Senate,24,13
IN,Senate,25,10
IN,Senate,26,4
IN,Senate,27,1
IN,Senate,28,1
IN,Senate,29,1
IA,House,6,2
IA,House,8,1
IA,House,9,3
IA,House,10,1
IA,House,11,1
IA,House,12,2
IA,House,13,4
IA,House,14,8
IA,House,15,8
IA,House,16,11
IA,House,17,13
IA,House,18,20
IA,House,19,25
IA,House,20,25
IA,House,21,27
IA,House,22,45
IA,House,23,51
IA,House,24,55
IA,House,25,76
IA,House,26,118
IA,House,27,141
IA,House,28,164
IA,House,29,214
IA,House,30,258
IA,House,31,298
IA,House,32,354
IA,House,33,362
IA,House,34,398
IA,House,35,417
IA,House,36,395
IA,House,37,452
IA,House,38,413
IA,House,39,407
IA,House,40,396
IA,House,41,343
IA,House,42,356
IA,House,43,335
IA,House,44,315
IA,House,45,311
IA,House,46,267
IA,House,47,247
IA,House,48,245
IA,House,49,216
IA,House,50,200
IA,House,51,186
IA,House,52,180
IA,House,53,166
IA,House,54,136
IA,House,55,158
IA,House,56,126
IA,House,57,119
IA,House,58,94
IA,House,59,94
IA,House,60,91
IA,House,61,83
IA,House,62,76
IA,House,63,54
IA,House,64,56
IA,House,65,46
IA,House,66,39
IA,House,67,42
IA,House,68,37
IA,House,69,35
IA,House,70,24
IA,House,71,25
IA,House,72,16
IA,House,73,16
IA,House,74,17
IA,House,75,8
IA,House,76,16
IA,House,77,13
IA,House,78,8
IA,House,79,7
IA,House,80,5
IA,House,81,6
IA,House,82,5
IA,House,83,4
IA,House,84,5
IA,House,85,3
IA,House,86,1
IA,House,88,1
IA,House,90,1
IA,House,91,1
IA,Senate,7,2
IA,Senate,8,1
IA,Senate,9,11
IA,Senate,10,18
IA,Senate,11,25
IA,Senate,12,57
IA,Senate,13,126
IA,Senate,14,255
IA,Senate,15,555
IA,Senate,16,901
IA,Senate,17,1421
IA,Senate,18,1536
IA,Senate,19,1415
IA,Senate,20,1235
IA,Senate,21,955
IA,Senate,22,645
IA,Senate,23,402
IA,Senate,24,219
IA,Senate,25,111
IA,Senate,26,64
IA,Senate,27,26
IA,Senate,28,11
IA,Senate,29,7
IA,Senate,30,2
KS,House,6,1
KS,House,12,2
KS,House,13,3
KS,House,14,1
KS,House,15,3
KS,House,16,1
KS,House,17,6
KS,House,18,6
KS,House,19,3
KS,House,20,5
KS,House,21,7
KS,House,22,10
KS,House,23,6
KS,House,24,22
KS,House,25,15
KS,House,26,22
KS,House,27,27
KS,House,28,34
KS,House,29,48
KS,House,30,70
KS,House,31,78
KS,House,32,111
KS,House,33,128
KS,House,34,166
KS,House,35,214
KS,House,36,286
KS,House,37,389
KS,House,38,436
KS,House,39,446
KS,House,40,489
KS,House,41,524
KS,House,42,512
KS,House,43,475
KS,House,44,484
KS,House,45,443
KS,House,46,397
KS,House,47,413
KS,House,48,360
KS,House,49,331
KS,House,50,315
KS,House,51,269
KS,House,52,260
KS,House,53,243
KS,House,54,202
KS,House,55,174
KS,House,56,152
KS,House,57,146
KS,House,58,151
KS,House,59,115
KS,House,60,103
KS,House,61,89
KS,House,62,93
KS,House,63,88
KS,House,64,75
KS,House,65,45
KS,House,66,69
KS,House,67,46
KS,House,68,39
KS,House,69,48
KS,House,70,35
KS,House,71,32
KS,House,72,29
KS,House,73,22
KS,House,74,24
KS,House,75,24
KS,House,76,17
KS,House,77,16
KS,House,78,16
KS,House,79,9
KS,House,80,3
KS,House,81,13
KS,House,82,8
KS,House,83,9
KS,House,84,5
KS,House,85,6
KS,House,86,4
KS,House,87,3
KS,House,88,3
KS,House,89,4
KS,House,90,6
KS,House,91,4
KS,House,92,6
KS,House,93,1
KS,House,94,1
KS,House,95,1
KS,House,96,1
KS,House,97,1
KS,House,111,1
KY,House,4,1
KY,House,5,1
KY,House,6,5
KY,House,7,4
KY,House,8,10
KY,House,9,16
KY,House,10,20
KY,House,11,49
KY,House,12,73
KY,House,13,106
KY,House,14,181
KY,House,15,271
KY,House,16,426
KY,House,17,685
KY,House,18,953
KY,House,19,1049
KY,House,20,1038
KY,House,21,946
KY,House,22,804
KY,House,23,613
KY,House,24,464
KY,House,25,389
KY,House,26,307
KY,House,27,252
KY,House,28,204
KY,House,29,168
KY,House,30,116
KY,House,31,111
KY,House,32,96
KY,House,33,76
KY,House,34,73
KY,House,35,59
KY,House,36,52
KY,House,37,50
KY,House,38,27
KY,House,39,36
KY,House,40,21
KY,House,41,32
KY,House,42,26
KY,House,43,26
KY,House,44,21
KY,House,45,13
KY,House,46,18
KY,House,47,13
KY,House,48,12
KY,House,49,10
KY,House,50,13
KY,House,51,5
KY,House,52,8
KY,House,53,4
KY,House,54,5
KY,House,55,8
KY,House,57,6
KY,House,58,4
KY,House,59,1
KY,House,60,2
KY,House,61,2
KY,House,62,3
KY,House,63,1
KY,House,64,3
KY,House,65,1
KY,House,67,2
KY,House,68,2
KY,House,70,3
KY,House,71,1
KY,House,72,1
KY,House,82,1
KY,House,83,1
KY,Senate,5,138
KY,Senate,6,5909
KY,Senate,7,2029
KY,Senate,8,913
KY,Senate,9,406
KY,Senate,10,221
KY,Senate,11,141
KY,Senate,12,85
KY,Senate,13,55
KY,Senate,14,36
KY,Senate,15,23
KY,Senate,16,13
KY,Senate,17,10
KY,Senate,18,9
KY,Senate,19,3
KY,Senate,20,5
KY,Senate,21,3
KY,Senate,22,1
ME,House,16,1
ME,House,19,1
ME,House,21,2
ME,House,23,1
ME,House,26,1
ME,House,28,1
ME,House,29,1
ME,House,30,1
ME,House,31,2
ME,House,32,2
ME,House,33,1
ME,House,34,2
ME,House,35,4
ME,House,36,1
ME,House,37,7
ME,House,38,5
ME,House,39,7
ME,House,40,7
ME,House,41,5
ME,House,42,18
ME,House,43,14
ME,House,44,12
ME,House,45,13
ME,House,46,14
ME,House,47,23
ME,House,48,18
ME,House,49,19
ME,House,50,16
ME,House,51,22
ME,House,52,28
ME,House,53,25
ME,House,54,41
ME,House,55,44
ME,House,56,43
ME,House,57,44
ME,House,58,70
ME,House,59,53
ME,House,60,79
ME,House,61,77
ME,House,62,72
ME,House,63,108
ME,House,64,111
ME,House,65,112
ME,House,66,136
ME,House,67,131
ME,House,68,160
ME,House,69,146
ME,House,70,177
ME,House,71,168
ME,House,72,209
ME,House,73,188
ME,House,74,177
ME,House,75,224
ME,House,76,198
ME,House,77,250
ME,House,78,292
ME,House,79,234
ME,House,80,270
ME,House,81,249
ME,House,82,219
ME,House,83,278
ME,House,84,243
ME,House,85,264
ME,House,86,252
ME,House,87,255
ME,House,88,232
ME,House,89,256
ME,House,90,205
ME,House,91,243
ME,House,92,202
ME,House,93,207
ME,House,94,173
ME,House,95,186
ME,House,96,152
ME,House,97,185
ME,House,98,156
ME,House,99,156
ME,House,100,145
ME,House,101,136
ME,House,102,137
ME,House,103,111
ME,House,104,110
ME,House,105,98
ME,House,106,91
ME,House,107,87
ME,House,108,90
ME,House,109,75
ME,House,110,77
ME,House,111,65
ME,House,112,67
ME,House,113,44
ME,House,114,44
ME,House,115,34
ME,House,116,43
ME,House,117,33
ME,House,118,26
ME,House,119,29
ME,House,120,32
ME,House,121,25
ME,House,122,24
ME,House,123,23
ME,House,124,18
ME,House,125,22
ME,House,126,10
ME,House,127,20
ME,House,128,9
ME,House,129,11
ME,House,130,7
ME,House,131,9
ME,House,132,11
ME,House,133,8
ME,House,134,1
ME,House,135,6
ME,House,136,4
ME,House,137,1
ME,House,138,2
ME,House,140,2
ME,House,141,4
ME,House,143,1
ME,House,144,2
ME,House,145,2
ME,House,146,2
ME,House,148,1
ME,Senate,5,3
ME,Senate,6,4
ME,Senate,7,8
ME,Senate,8,11
ME,Senate,9,20
ME,Senate,10,29
ME,Senate,11,46
ME,Senate,12,62
ME,Senate,13,93
ME,Senate,14,149
ME,Senate,15,180
ME,Senate,16,269
ME,Senate,17,411
ME,Senate,18,599
ME,Senate,19,807
ME,Senate,20,994
ME,Senate,21,1078
ME,Senate,22,1016
ME,Senate,23,832
ME,Senate,24,776
ME,Senate,25,652
ME,Senate,26,500
ME,Senate,27,444
ME,Senate,28,334
ME,Senate,29,235
ME,Senate,30,162
ME,Senate,31,132
ME,Senate,32,82
ME,Senate,33,46
ME,Senate,34,19
ME,Senate,35,7
MD,House of Delegates,30,1
MD,House of Delegates,37,1
MD,House of Delegates,42,1
MD,House of Delegates,45,1
MD,House of Delegates,54,1
MD,House of Delegates,55,1
MD,House of Delegates,57,1
MD,House of Delegates,59,2
MD,House of Delegates,62,3
MD,House of Delegates,63,2
MD,House of Delegates,64,4
MD,House of Delegates,65,4
MD,House of Delegates,66,3
MD,House of Delegates,67,3
MD,House of Delegates,68,3
MD,House of Delegates,70,2
MD,House of Delegates,71,5
MD,House of Delegates,72,2
MD,House of Delegates,73,5
MD,House of Delegates,74,3
MD,House of Delegates,75,5
MD,House of Delegates,76,10
MD,House of Delegates,77,5
MD,House of Delegates,78,6
MD,House of Delegates,79,3
MD,House of Delegates,80,9
MD,House of Delegates,81,9
MD,House of Delegates,82,13
MD,House of Delegates,83,7
MD,House of Delegates,84,16
MD,House of Delegates,85,12
MD,House of Delegates,86,18
MD,House of Delegates,87,23
MD,House of Delegates,88,24
MD,House of Delegates,89,32
MD,House of Delegates,90,35
MD,House of Delegates,91,58
MD,House of Delegates,92,51
MD,House of Delegates,93,73
MD,House of Delegates,94,79
MD,House of Delegates,95,120
MD,House of Delegates,96,121
MD,House of Delegates,97,191
MD,House of Delegates,98,240
MD,House of Delegates,99,345
MD,House of Delegates,100,492
MD,House of Delegates,101,698
MD,House of Delegates,102,799
MD,House of Delegates,103,872
MD,House of Delegates,104,802
MD,House of Delegates,105,727
MD,House of Delegates,106,563
MD,House of Delegates,107,522
MD,House of Delegates,108,445
MD,House of Delegates,109,389
MD,House of Delegates,110,352
MD,House of Delegates,111,286
MD,House of Delegates,112,247
MD,House of Delegates,113,181
MD,House of Delegates,114,164
MD,House of Delegates,115,127
MD,House of Delegates,116,140
MD,House of Delegates,117,108
MD,House of Delegates,118,93
MD,House of Delegates,119,80
MD,House of Delegates,120,66
MD,House of Delegates,121,45
MD,House of Delegates,122,45
MD,House of Delegates,123,43
MD,House of Delegates,124,37
MD,House of Delegates,125,23
MD,House of Delegates,126,27
MD,House of Delegates,127,15
MD,House of Delegates,128,13
MD,House of Delegates,129,10
MD,House of Delegates,130,10
MD,House of Delegates,131,8
MD,House of Delegates,132,4
MD,House of Delegates,133,6
MD,House of Delegates,135,5
MD,House of Delegates,136,1
MD,House of Delegates,138,2
MD,Senate,9,1
MD,Senate,11,1
MD,Senate,12,1
MD,Senate,13,2
MD,Senate,14,1
MD,Senate,15,1
MD,Senate,16,5
MD,Senate,17,2
MD,Senate,18,5
MD,Senate,19,3
MD,Senate,20,6
MD,Senate,21,6
MD,Senate,22,7
MD,Senate,23,12
MD,Senate,24,21
MD,Senate,25,25
MD,Senate,26,24
MD,Senate,27,26
MD,Senate,28,59
MD,Senate,29,85
MD,Senate,30,132
MD,Senate,31,208
MD,Senate,32,350
MD,Senate,33,735
MD,Senate,34,1860
MD,Senate,35,1859
MD,Senate,36,1412
MD,Senate,37,1044
MD,Senate,38,715
MD,Senate,39,489
MD,Senate,40,330
MD,Senate,41,229
MD,Senate,42,157
MD,Senate,43,89
MD,Senate,44,60
MD,Senate,45,28
MD,Senate,46,9
MD,Senate,47,1
MA,House,32,1
MA,House,35,1
MA,House,44,1
MA,House,46,1
MA,House,48,2
MA,House,50,1
MA,House,52,1
MA,House,54,1
MA,House,55,1
MA,House,61,1
MA,House,63,3
MA,House,64,1
MA,House,65,1
MA,House,66,1
MA,House,67,1
MA,House,68,1
MA,House,69,3
MA,House,70,2
MA,House,72,5
MA,House,73,2
MA,House,74,1
MA,House,75,4
MA,House,76,2
MA,House,77,3
MA,House,78,5
MA,House,79,2
MA,House,80,2
MA,House,81,3
MA,House,82,3
MA,House,83,6
MA,House,84,3
MA,House,85,3
MA,House,86,4
MA,House,87,8
MA,House,88,4
MA,House,89,2
MA,House,90,8
MA,House,91,4
MA,House,92,13
MA,House,93,3
MA,House,94,2
MA,House,95,7
MA,House,96,9
MA,House,97,7
MA,House,98,11
MA,House,99,10
MA,House,100,7
MA,House,101,8
MA,House,102,12
MA,House,103,13
MA,House,104,12
MA,House,105,10
MA,House,106,11
MA,House,107,14
MA,House,108,25
MA,House,109,22
MA,House,110,23
MA,House,111,20
MA,House,112,24
MA,House,113,31
MA,House,114,32
MA,House,115,36
MA,House,116,37
MA,House,117,34
MA,House,118,33
MA,House,119,33
MA,House,120,45
MA,House,121,56
MA,House,122,48
MA,House,123,65
MA,House,124,73
MA,House,125,87
MA,House,126,92
MA,House,127,110
MA,House,128,123
MA,House,129,106
MA,House,130,161
MA,House,131,149
MA,House,132,172
MA,House,133,221
MA,House,134,248
MA,House,135,299
MA,House,136,336
MA,House,137,383
MA,House,138,439
MA,House,139,553
MA,House,140,486
MA,House,141,600
MA,House,142,634
MA,House,143,555
MA,House,144,632
MA,House,145,580
MA,House,146,491
MA,House,147,490
MA,House,148,374
MA,House,149,274
MA,House,150,216
MA,House,151,128
MA,House,152,66
MA,House,153,53
MA,House,154,27
MA,House,155,18
MA,House,156,6
MA,House,157,5
MA,House,158,2
MA,Senate,4,1
MA,Senate,6,1
MA,Senate,9,1
MA,Senate,10,1
MA,Senate,11,3
MA,Senate,12,2
MA,Senate,13,4
MA,Senate,14,2
MA,Senate,15,3
MA,Senate,16,4
MA,Senate,17,5
MA,Senate,18,3
MA,Senate,19,9
MA,Senate,20,10
MA,Senate,21,10
MA,Senate,22,13
MA,Senate,23,12
MA,Senate,24,17
MA,Senate,25,37
MA,Senate,26,33
MA,Senate,27,50
MA,Senate,28,67
MA,Senate,29,85
MA,Senate,30,145
MA,Senate,31,217
MA,Senate,32,330
MA,Senate,33,591
MA,Senate,34,1256
MA,Senate,35,3383
MA,Senate,36,3173
MA,Senate,37,427
MA,Senate,38,77
MA,Senate,39,22
MA,Senate,40,6
MI,House,19,1
MI,House,20,1
MI,House,22,1
MI,House,23,2
MI,House,24,1
MI,House,25,3
MI,House,27,6
MI,House,28,4
MI,House,29,4
MI,House,30,7
MI,House,31,6
MI,House,32,15
MI,House,33,16
MI,House,34,21
MI,House,35,20
MI,House,36,38
MI,House,37,35
MI,House,38,46
MI,House,39,55
MI,House,40,67
MI,House,41,79
MI,House,42,98
MI,House,43,86
MI,House,44,142
MI,House,45,158
MI,House,46,158
MI,House,47,215
MI,House,48,233
MI,House,49,264
MI,House,50,297
MI,House,51,325
MI,House,52,364
MI,House,53,357
MI,House,54,384
MI,House,55,375
MI,House,56,372
MI,House,57,412
MI,House,58,382
MI,House,59,372
MI,House,60,326
MI,House,61,376
MI,House,62,307
MI,House,63,271
MI,House,64,291
MI,House,65,254
MI,House,66,227
MI,House,67,203
MI,House,68,216
MI,House,69,191
MI,House,70,190
MI,House,71,160
MI,House,72,167
MI,House,73,149
MI,House,74,130
MI,House,75,105
MI,House,76,104
MI,House,77,101
MI,House,78,81
MI,House,79,76
MI,House,80,81
MI,House,81,69
MI,House,82,63
MI,House,83,55
MI,House,84,48
MI,House,85,35
MI,House,86,41
MI,House,87,32
MI,House,88,39
MI,House,89,27
MI,House,90,27
MI,House,91,21
MI,House,92,17
MI,House,93,25
MI,House,94,11
MI,House,95,12
MI,House,96,14
MI,House,97,6
MI,House,98,5
MI,House,99,10
MI,House,100,3
MI,House,101,1
MI,House,102,4
MI,House,103,2
MI,House,104,2
MI,House,106,1
MI,House,107,2
MI,Senate,6,5
MI,Senate,7,4
MI,Senate,8,7
MI,Senate,9,20
MI,Senate,10,24
MI,Senate,11,46
MI,Senate,12,79
MI,Senate,13,116
MI,Senate,14,164
MI,Senate,15,251
MI,Senate,16,310
MI,Senate,17,428
MI,Senate,18,579
MI,Senate,19,729
MI,Senate,20,787
MI,Senate,21,832
MI,Senate,22,836
MI,Senate,23,794
MI,Senate,24,716
MI,Senate,25,624
MI,Senate,26,538
MI,Senate,27,458
MI,Senate,28,385
MI,Senate,29,333
MI,Senate,30,280
MI,Senate,31,217
MI,Senate,32,157
MI,Senate,33,106
MI,Senate,34,83
MI,Senate,35,47
MI,Senate,36,25
MI,Senate,37,15
MI,Senate,38,5
MN,House,25,1
MN,House,26,2
MN,House,31,1
MN,House,32,2
MN,House,34,2
MN,House,35,1
MN,House,36,2
MN,House,37,3
MN,House,38,9
MN,House,39,5
MN,House,40,4
MN,House,41,6
MN,House,42,5
MN,House,43,8
MN,House,44,13
MN,House,45,9
MN,House,46,8
MN,House,47,19
MN,House,48,24
MN,House,49,16
MN,House,50,24
MN,House,51,22
MN,House,52,44
MN,House,53,37
MN,House,54,36
MN,House,55,54
MN,House,56,65
MN,House,57,86
MN,House,58,85
MN,House,59,107
MN,House,60,112
MN,House,61,160
MN,House,62,151
MN,House,63,193
MN,House,64,228
MN,House,65,258
MN,House,66,288
MN,House,67,300
MN,House,68,299
MN,House,69,328
MN,House,70,371
MN,House,71,402
MN,House,72,375
MN,House,73,398
MN,House,74,358
MN,House,75,403
MN,House,76,380
MN,House,77,325
MN,House,78,311
MN,House,79,323
MN,House,80,288
MN,House,81,289
MN,House,82,259
MN,House,83,239
MN,House,84,222
MN,House,85,213
MN,House,86,179
MN,House,87,153
MN,House,88,143
MN,House,89,135
MN,House,90,145
MN,House,91,98
MN,House,92,99
MN,House,93,118
MN,House,94,85
MN,House,95,74
MN,House,96,89
MN,House,97,69
MN,House,98,65
MN,House,99,56
MN,House,100,38
MN,House,101,35
MN,House,102,26
MN,House,103,34
MN,House,104,31
MN,House,105,20
MN,House,106,15
MN,House,107,13
MN,House,108,19
MN,House,109,16
MN,House,110,6
MN,House,111,10
MN,House,112,11
MN,House,113,8
MN,House,114,5
MN,House,115,3
MN,House,116,4
MN,House,117,3
MN,House,118,3
MN,House,119,5
MN,House,120,3
MN,House,121,3
MN,House,122,2
MN,House,123,1
MN,House,124,1
MN,House,126,1
MN,House,127,2
MN,House,130,1
MN,Senate,6,1
MN,Senate,11,3
MN,Senate,13,1
MN,Senate,14,6
MN,Senate,15,3
MN,Senate,16,4
MN,Senate,17,1
MN,Senate,18,4
MN,Senate,19,9
MN,Senate,20,11
MN,Senate,21,18
MN,Senate,22,26
MN,Senate,23,40
MN,Senate,24,30
MN,Senate,25,63
MN,Senate,26,73
MN,Senate,27,103
MN,Senate,28,149
MN,Senate,29,208
MN,Senate,30,284
MN,Senate,31,333
MN,Senate,32,351
MN,Senate,33,469
MN,Senate,34,574
MN,Senate,35,644
MN,Senate,36,673
MN,Senate,37,697
MN,Senate,38,718
MN,Senate,39,682
MN,Senate,40,604
MN,Senate,41,523
MN,Senate,42,455
MN,Senate,43,388
MN,Senate,44,316
MN,Senate,45,294
MN,Senate,46,256
MN,Senate,47,199
MN,Senate,48,174
MN,Senate,49,140
MN,Senate,50,120
MN,Senate,51,85
MN,Senate,52,61
MN,Senate,53,55
MN,Senate,54,42
MN,Senate,55,28
MN,Senate,56,27
MN,Senate,57,14
MN,Senate,58,15
MN,Senate,59,10
MN,Senate,60,8
MN,Senate,61,3
MN,Senate,62,3
MN,Senate,63,2
MO,House,13,1
MO,House,16,1
MO,House,17,2
MO,House,19,1
MO,House,20,2
MO,House,22,4
MO,House,23,1
MO,House,24,4
MO,House,25,4
MO,House,26,5
MO,House,27,4
MO,House,28,9
MO,House,29,6
MO,House,30,10
MO,House,31,9
MO,House,32,17
MO,House,33,8
MO,House,34,18
MO,House,35,25
MO,House,36,29
MO,House,37,40
MO,House,38,44
MO,House,39,30
MO,House,40,60
MO,House,41,71
MO,House,42,72
MO,House,43,92
MO,House,44,121
MO,House,45,131
MO,House,46,169
MO,House,47,210
MO,House,48,247
MO,House,49,260
MO,House,50,310
MO,House,51,344
MO,House,52,351
MO,House,53,386
MO,House,54,398
MO,House,55,433
MO,House,56,380
MO,House,57,401
MO,House,58,381
MO,House,59,349
MO,House,60,376
MO,House,61,392
MO,House,62,341
MO,House,63,337
MO,House,64,296
MO,House,65,255
MO,House,66,258
MO,House,67,211
MO,House,68,213
MO,House,69,202
MO,House,70,156
MO,House,71,191
MO,House,72,147
MO,House,73,141
MO,House,74,139
MO,House,75,93
MO,House,76,87
MO,House,77,81
MO,House,78,72
MO,House,79,62
MO,House,80,60
MO,House,81,62
MO,House,82,49
MO,House,83,43
MO,House,84,37
MO,House,85,35
MO,House,86,23
MO,House,87,25
MO,House,88,25
MO,House,89,26
MO,House,90,19
MO,House,91,17
MO,House,92,7
MO,House,93,8
MO,House,94,12
MO,House,95,6
MO,House,96,6
MO,House,97,6
MO,House,98,4
MO,House,99,4
MO,House,100,4
MO,House,101,5
MO,House,102,4
MO,House,103,3
MO,House,104,1
MO,House,105,3
MO,House,107,1
MO,House,108,1
MO,House,110,2
MO,House,111,3
MO,House,112,1
MO,House,113,2
MO,House,114,1
MO,House,115,2
MO,House,116,1
MO,House,121,1
MO,House,123,1
MO,Senate,8,51
MO,Senate,9,326
MO,Senate,10,2668
MO,Senate,11,2523
MO,Senate,12,2163
MO,Senate,13,1528
MO,Senate,14,506
MO,Senate,15,170
MO,Senate,16,44
MO,Senate,17,17
MO,Senate,18,4
MT,House,4,1
MT,House,7,4
MT,House,8,2
MT,House,9,1
MT,House,10,6
MT,House,11,5
MT,House,12,2
MT,House,13,11
MT,House,14,10
MT,House,15,16
MT,House,16,16
MT,House,17,11
MT,House,18,32
MT,House,19,26
MT,House,20,41
MT,House,21,37
MT,House,22,42
MT,House,23,62
MT,House,24,47
MT,House,25,60
MT,House,26,90
MT,House,27,92
MT,House,28,118
MT,House,29,135
MT,House,30,123
MT,House,31,160
MT,House,32,193
MT,House,33,252
MT,House,34,268
MT,House,35,318
MT,House,36,355
MT,House,37,442
MT,House,38,418
MT,House,39,543
MT,House,40,558
MT,House,41,595
MT,House,42,624
MT,House,43,604
MT,House,44,566
MT,House,45,512
MT,House,46,499
MT,House,47,364
MT,House,48,337
MT,House,49,262
MT,House,50,217
MT,House,51,161
MT,House,52,138
MT,House,53,114
MT,House,54,90
MT,House,55,73
MT,House,56,69
MT,House,57,46
MT,House,58,40
MT,House,59,35
MT,House,60,26
MT,House,61,22
MT,House,62,22
MT,House,63,12
MT,House,64,12
MT,House,65,8
MT,House,66,10
MT,House,67,14
MT,House,68,8
MT,House,69,6
MT,House,70,2
MT,House,71,1
MT,House,72,4
MT,House,73,1
MT,House,74,4
MT,House,75,1
MT,House,76,2
MT,House,77,1
MT,House,79,1
MT,Senate,9,7
MT,Senate,10,14
MT,Senate,11,18
MT,Senate,12,58
MT,Senate,13,97
MT,Senate,14,215
MT,Senate,15,392
MT,Senate,16,631
MT,Senate,17,971
MT,Senate,18,1290
MT,Senate,19,1603
MT,Senate,20,1583
MT,Senate,21,1354
MT,Senate,22,917
MT,Senate,23,439
MT,Senate,24,193
MT,Senate,25,108
MT,Senate,26,45
MT,Senate,27,40
MT,Senate,28,13
MT,Senate,29,4
MT,Senate,30,4
MT,Senate,31,2
MT,Senate,32,2
NE,Legislature,9,1
NE,Legislature,10,6
NE,Legislature,11,20
NE,Legislature,12,60
NE,Legislature,13,143
NE,Legislature,14,339
NE,Legislature,15,779
NE,Legislature,16,1306
NE,Legislature,17,1686
NE,Legislature,18,1560
NE,Legislature,19,1336
NE,Legislature,20,1128
NE,Legislature,21,849
NE,Legislature,22,478
NE,Legislature,23,194
NE,Legislature,24,78
NE,Legislature,25,29
NE,Legislature,26,5
NE,Legislature,27,3
NV,Assembly,4,1
NV,Assembly,5,1
NV,Assembly,6,8
NV,Assembly,7,9
NV,Assembly,8,6
NV,Assembly,9,15
NV,Assembly,10,12
NV,Assembly,11,19
NV,Assembly,12,18
NV,Assembly,13,33
NV,Assembly,14,40
NV,Assembly,15,56
NV,Assembly,16,60
NV,Assembly,17,97
NV,Assembly,18,105
NV,Assembly,19,155
NV,Assembly,20,164
NV,Assembly,21,234
NV,Assembly,22,302
NV,Assembly,23,357
NV,Assembly,24,470
NV,Assembly,25,580
NV,Assembly,26,711
NV,Assembly,27,854
NV,Assembly,28,910
NV,Assembly,29,884
NV,Assembly,30,845
NV,Assembly,31,725
NV,Assembly,32,670
NV,Assembly,33,546
NV,Assembly,34,406
NV,Assembly,35,261
NV,Assembly,36,206
NV,Assembly,37,136
NV,Assembly,38,55
NV,Assembly,39,33
NV,Assembly,40,11
NV,Assembly,41,4
NV,Assembly,42,1
NV,Senate,6,9
NV,Senate,7,15
NV,Senate,8,49
NV,Senate,9,114
NV,Senate,10,292
NV,Senate,11,589
NV,Senate,12,1540
NV,Senate,13,4518
NV,Senate,14,1967
NV,Senate,15,772
NV,Senate,16,124
NV,Senate,17,11
NH,House,44,1
NH,House,45,1
NH,House,46,1
NH,House,55,1
NH,House,56,1
NH,House,57,1
NH,House,71,1
NH,House,72,2
NH,House,74,1
NH,House,76,1
NH,House,77,1
NH,House,79,1
NH,House,80,2
NH,House,81,1
NH,House,83,2
NH,House,86,1
NH,House,87,1
NH,House,88,2
NH,House,89,2
NH,House,90,3
NH,House,92,1
NH,House,93,2
NH,House,94,1
NH,House,95,2
NH,House,96,2
NH,House,97,2
NH,House,98,1
NH,House,99,2
NH,House,100,3
NH,House,101,1
NH,House,102,5
NH,House,103,1
NH,House,104,2
NH,House,105,3
NH,House,106,4
NH,House,107,2
NH,House,108,6
NH,House,109,6
NH,House,110,5
NH,House,111,3
NH,House,112,3
NH,House,113,5
NH,House,114,5
NH,House,115,9
NH,House,116,6
NH,House,117,6
NH,House,118,10
NH,House,119,4
NH,House,120,12
NH,House,121,11
NH,House,122,5
NH,House,123,1
NH,House,124,9
NH,House,125,6
NH,House,126,7
NH,House,127,4
NH,House,128,6
NH,House,129,6
NH,House,130,10
NH,House,131,11
NH,House,132,15
NH,House,133,9
NH,House,134,16
NH,House,135,12
NH,House,136,15
NH,House,137,16
NH,House,138,10
NH,House,139,17
NH,House,140,18
NH,House,141,19
NH,House,142,12
NH,House,143,18
NH,House,144,25
NH,House,145,24
NH,House,146,34
NH,House,147,14
NH,House,148,18
NH,House,149,35
NH,House,150,24
NH,House,151,24
NH,House,152,27
NH,House,153,30
NH,House,154,34
NH,House,155,24
NH,House,156,41
NH,House,157,43
NH,House,158,43
NH,House,159,38
NH,House,160,48
NH,House,161,25
NH,House,162,37
NH,House,163,40
NH,House,164,37
NH,House,165,55
NH,House,166,50
NH,House,167,54
NH,House,168,38
NH,House,169,45
NH,House,170,61
NH,House,171,59
NH,House,172,61
NH,House,173,67
NH,House,174,62
NH,House,175,76
NH,House,176,89
NH,House,177,65
NH,House,178,83
NH,House,179,70
NH,House,180,78
NH,House,181,98
NH,House,182,80
NH,House,183,85
NH,House,184,75
NH,House,185,86
NH,House,186,82
NH,House,187,111
NH,House,188,107
NH,House,189,106
NH,House,190,84
NH,House,191,89
NH,House,192,76
NH,House,193,94
NH,House,194,115
NH,House,195,111
NH,House,196,124
NH,House,197,84
NH,House,198,102
NH,House,199,87
NH,House,200,86
NH,House,201,111
NH,House,202,95
NH,House,203,103
NH,House,204,106
NH,House,205,101
NH,House,206,105
NH,House,207,100
NH,House,208,83
NH,House,209,96
NH,House,210,106
NH,House,211,99
NH,House,212,101
NH,House,213,97
NH,House,214,106
NH,House,215,83
NH,House,216,109
NH,House,217,97
NH,House,218,86
NH,House,219,108
NH,House,220,90
NH,House,221,92
NH,House,222,93
NH,House,223,87
NH,House,224,85
NH,House,225,100
NH,House,226,78
NH,House,227,76
NH,House,228,80
NH,House,229,86
NH,House,230,66
NH,House,231,95
NH,House,232,77
NH,House,233,85
NH,House,234,78
NH,House,235,69
NH,House,236,63
NH,House,237,84
NH,House,238,81
NH,House,239,70
NH,House,240,64
NH,House,241,70
NH,House,242,58
NH,House,243,60
NH,House,244,70
NH,House,245,51
NH,House,246,60
NH,House,247,57
NH,House,248,50
NH,House,249,55
NH,House,250,60
NH,House,251,52
NH,House,252,58
NH,House,253,58
NH,House,254,43
NH,House,255,51
NH,House,256,44
NH,House,257,44
NH,House,258,50
NH,House,259,48
NH,House,260,48
NH,House,261,46
NH,House,262,38
NH,House,263,44
NH,House,264,51
NH,House,265,31
NH,House,266,40
NH,House,267,27
NH,House,268,30
NH,House,269,37
NH,House,270,32
NH,House,271,31
NH,House,272,30
NH,House,273,27
NH,House,274,27
NH,House,275,30
NH,House,276,28
NH,House,277,35
NH,House,278,29
NH,House,279,27
NH,House,280,23
NH,House,281,29
NH,House,282,27
NH,House,283,17
NH,House,284,23
NH,House,285,25
NH,House,286,27
NH,House,287,20
NH,House,288,20
NH,House,289,24
NH,House,290,24
NH,House,291,24
NH,House,292,14
NH,House,293,13
NH,House,294,10
NH,House,295,10
NH,House,296,21
NH,House,297,15
NH,House,298,11
NH,House,299,12
NH,House,300,10
NH,House,301,6
NH,House,302,20
NH,House,303,10
NH,House,304,13
NH,House,305,12
NH,House,306,12
NH,House,307,12
NH,House,308,12
NH,House,309,7
NH,House,310,6
NH,House,311,13
NH,House,312,8
NH,House,313,13
NH,House,314,7
NH,House,315,12
NH,House,316,8
NH,House,317,7
NH,House,318,8
NH,House,319,6
NH,House,320,7
NH,House,321,2
NH,House,322,6
NH,House,323,8
NH,House,324,3
NH,House,325,3
NH,House,326,4
NH,House,327,2
NH,House,328,3
NH,House,329,5
NH,House,330,7
NH,House,331,6
NH,House,332,9
NH,House,333,5
NH,House,334,2
NH,House,335,4
NH,House,336,6
NH,House,337,3
NH,House,338,4
NH,House,339,7
NH,House,340,3
NH,House,341,2
NH,House,342,3
NH,House,343,1
NH,House,345,1
NH,House,346,3
NH,House,348,1
NH,House,349,1
NH,House,350,1
NH,House,351,1
NH,House,353,2
NH,House,354,1
NH,House,355,1
NH,House,357,1
NH,House,359,2
NH,House,360,1
NH,House,362,3
NH,House,363,1
NH,House,364,1
NH,House,365,2
NH,House,366,2
NH,House,368,1
NH,House,373,2
NH,House,374,1
NH,House,375,1
NH,House,378,1
NH,House,390,1
NH,Senate,0,1
NH,Senate,1,4
NH,Senate,2,11
NH,Senate,3,38
NH,Senate,4,85
NH,Senate,5,204
NH,Senate,6,487
NH,Senate,7,799
NH,Senate,8,1195
NH,Senate,9,1221
NH,Senate,10,1082
NH,Senate,11,857
NH,Senate,12,787
NH,Senate,13,653
NH,Senate,14,573
NH,Senate,15,480
NH,Senate,16,398
NH,Senate,17,299
NH,Senate,18,252
NH,Senate,19,200
NH,Senate,20,140
NH,Senate,21,111
NH,Senate,22,78
NH,Senate,23,34
NH,Senate,24,11
NM,House,8,1
NM,House,9,2
NM,House,13,1
NM,House,14,1
NM,House,16,2
NM,House,17,3
NM,House,18,3
NM,House,19,1
NM,House,20,5
NM,House,21,5
NM,House,22,7
NM,House,23,4
NM,House,24,11
NM,House,25,13
NM,House,26,12
NM,House,27,22
NM,House,28,25
NM,House,29,16
NM,House,30,20
NM,House,31,35
NM,House,32,40
NM,House,33,54
NM,House,34,49
NM,House,35,70
NM,House,36,97
NM,House,37,120
NM,House,38,142
NM,House,39,202
NM,House,40,255
NM,House,41,345
NM,House,42,451
NM,House,43,602
NM,House,44,768
NM,House,45,915
NM,House,46,985
NM,House,47,989
NM,House,48,847
NM,House,49,720
NM,House,50,569
NM,House,51,463
NM,House,52,338
NM,House,53,223
NM,House,54,153
NM,House,55,137
NM,House,56,96
NM,House,57,66
NM,House,58,43
NM,House,59,33
NM,House,60,9
NM,House,61,15
NM,House,62,4
NM,House,63,4
NM,House,64,3
NM,House,65,1
NM,House,66,1
NM,House,67,2
NY,Assembly,20,2
NY,Assembly,32,1
NY,Assembly,33,1
NY,Assembly,36,1
NY,Assembly,39,1
NY,Assembly,40,1
NY,Assembly,43,1
NY,Assembly,44,1
NY,Assembly,45,1
NY,Assembly,47,2
NY,Assembly,48,2
NY,Assembly,49,1
NY,Assembly,50,1
NY,Assembly,51,3
NY,Assembly,52,3
NY,Assembly,53,2
NY,Assembly,54,1
NY,Assembly,55,2
NY,Assembly,56,5
NY,Assembly,57,5
NY,Assembly,59,4
NY,Assembly,60,6
NY,Assembly,61,8
NY,Assembly,62,1
NY,Assembly,63,4
NY,Assembly,64,11
NY,Assembly,65,3
NY,Assembly,66,9
NY,Assembly,67,4
NY,Assembly,68,10
NY,Assembly,69,9
NY,Assembly,70,5
NY,Assembly,71,15
NY,Assembly,72,7
NY,Assembly,73,7
NY,Assembly,74,10
NY,Assembly,75,17
NY,Assembly,76,15
NY,Assembly,77,17
NY,Assembly,78,22
NY,Assembly,79,21
NY,Assembly,80,30
NY,Assembly,81,35
NY,Assembly,82,19
NY,Assembly,83,36
NY,Assembly,84,54
NY,Assembly,85,43
NY,Assembly,86,57
NY,Assembly,87,64
NY,Assembly,88,50
NY,Assembly,89,71
NY,Assembly,90,84
NY,Assembly,91,87
NY,Assembly,92,107
NY,Assembly,93,114
NY,Assembly,94,127
NY,Assembly,95,148
NY,Assembly,96,179
NY,Assembly,97,210
NY,Assembly,98,223
NY,Assembly,99,244
NY,Assembly,100,292
NY,Assembly,101,304
NY,Assembly,102,332
NY,Assembly,103,315
NY,Assembly,104,385
NY,Assembly,105,348
NY,Assembly,106,395
NY,Assembly,107,368
NY,Assembly,108,374
NY,Assembly,109,372
NY,Assembly,110,356
NY,Assembly,111,327
NY,Assembly,112,346
NY,Assembly,113,314
NY,Assembly,114,286
NY,Assembly,115,280
NY,Assembly,116,221
NY,Assembly,117,237
NY,Assembly,118,179
NY,Assembly,119,206
NY,Assembly,120,191
NY,Assembly,121,159
NY,Assembly,122,139
NY,Assembly,123,125
NY,Assembly,124,126
NY,Assembly,125,116
NY,Assembly,126,93
NY,Assembly,127,67
NY,Assembly,128,68
NY,Assembly,129,69
NY,Assembly,130,55
NY,Assembly,131,52
NY,Assembly,132,51
NY,Assembly,133,44
NY,Assembly,134,35
NY,Assembly,135,24
NY,Assembly,136,22
NY,Assembly,137,21
NY,Assembly,138,10
NY,Assembly,139,9
NY,Assembly,140,18
NY,Assembly,141,10
NY,Assembly,142,11
NY,Assembly,143,9
NY,Assembly,144,4
NY,Assembly,145,7
NY,Assembly,147,2
NY,Assembly,148,1
NY,Assembly,149,1
NY,Senate,12,1
NY,Senate,13,2
NY,Senate,15,1
NY,Senate,17,5
NY,Senate,18,2
NY,Senate,19,4
NY,Senate,20,5
NY,Senate,21,5
NY,Senate,22,6
NY,Senate,23,13
NY,Senate,24,7
NY,Senate,25,15
NY,Senate,26,16
NY,Senate,27,20
NY,Senate,28,34
NY,Senate,29,31
NY,Senate,30,40
NY,Senate,31,56
NY,Senate,32,65
NY,Senate,33,64
NY,Senate,34,112
NY,Senate,35,142
NY,Senate,36,192
NY,Senate,37,228
NY,Senate,38,299
NY,Senate,39,361
NY,Senate,40,463
NY,Senate,41,604
NY,Senate,42,622
NY,Senate,43,712
NY,Senate,44,745
NY,Senate,45,711
NY,Senate,46,711
NY,Senate,47,654
NY,Senate,48,592
NY,Senate,49,530
NY,Senate,50,407
NY,Senate,51,369
NY,Senate,52,321
NY,Senate,53,243
NY,Senate,54,190
NY,Senate,55,141
NY,Senate,56,106
NY,Senate,57,60
NY,Senate,58,45
NY,Senate,59,36
NY,Senate,60,8
NY,Senate,61,4
NC,House,16,2
NC,House,17,1
NC,House,18,1
NC,House,19,3
NC,House,20,3
NC,House,21,2
NC,House,22,4
NC,House,23,3
NC,House,24,4
NC,House,25,5
NC,House,26,4
NC,House,27,4
NC,House,28,8
NC,House,29,10
NC,House,30,11
NC,House,31,13
NC,House,32,14
NC,House,33,17
NC,House,34,18
NC,House,35,21
NC,House,36,32
NC,House,37,41
NC,House,38,59
NC,House,39,60
NC,House,40,67
NC,House,41,94
NC,House,42,124
NC,House,43,157
NC,House,44,190
NC,House,45,229
NC,House,46,269
NC,House,47,300
NC,House,48,391
NC,House,49,378
NC,House,50,453
NC,House,51,470
NC,House,52,409
NC,House,53,425
NC,House,54,394
NC,House,55,420
NC,House,56,347
NC,House,57,376
NC,House,58,358
NC,House,59,302
NC,House,60,295
NC,House,61,271
NC,House,62,249
NC,House,63,240
NC,House,64,197
NC,House,65,185
NC,House,66,183
NC,House,67,169
NC,House,68,150
NC,House,69,151
NC,House,70,124
NC,House,71,113
NC,House,72,126
NC,House,73,84
NC,House,74,94
NC,House,75,88
NC,House,76,86
NC,House,77,80
NC,House,78,77
NC,House,79,85
NC,House,80,59
NC,House,81,54
NC,House,82,47
NC,House,83,39
NC,House,84,29
NC,House,85,32
NC,House,86,37
NC,House,87,23
NC,House,88,24
NC,House,89,20
NC,House,90,13
NC,House,91,9
NC,House,92,16
NC,House,93,6
NC,House,94,8
NC,House,95,6
NC,House,96,9
NC,House,97,3
NC,House,98,8
NC,House,99,6
NC,House,100,5
NC,House,101,3
NC,House,103,1
NC,House,104,1
NC,House,106,1
NC,House,113,1
NC,Senate,5,1
NC,Senate,7,3
NC,Senate,8,2
NC,Senate,9,4
NC,Senate,10,8
NC,Senate,11,9
NC,Senate,12,16
NC,Senate,13,29
NC,Senate,14,40
NC,Senate,15,90
NC,Senate,16,163
NC,Senate,17,300
NC,Senate,18,518
NC,Senate,19,814
NC,Senate,20,1126
NC,Senate,21,1181
NC,Senate,22,1086
NC,Senate,23,933
NC,Senate,24,789
NC,Senate,25,652
NC,Senate,26,464
NC,Senate,27,390
NC,Senate,28,306
NC,Senate,29,241
NC,Senate,30,215
NC,Senate,31,147
NC,Senate,32,104
NC,Senate,33,89
NC,Senate,34,62
NC,Senate,35,52
NC,Senate,36,36
NC,Senate,37,37
NC,Senate,38,29
NC,Senate,39,14
NC,Senate,40,13
NC,Senate,41,12
NC,Senate,42,13
NC,Senate,43,3
NC,Senate,44,5
NC,Senate,46,2
NC,Senate,48,2
ND,House,1,3
ND,House,2,9
ND,House,3,14
ND,House,4,42
ND,House,5,136
ND,House,6,415
ND,House,7,1490
ND,House,8,1538
ND,House,9,1388
ND,House,10,1182
ND,House,11,976
ND,House,12,757
ND,House,13,614
ND,House,14,438
ND,House,15,302
ND,House,16,199
ND,House,17,153
ND,House,18,106
ND,House,19,69
ND,House,20,56
ND,House,21,34
ND,House,22,28
ND,House,23,20
ND,House,24,7
ND,House,25,11
ND,House,26,4
ND,House,27,4
ND,House,28,1
ND,House,29,1
ND,House,30,2
ND,House,31,1
ND,Senate,2,12
ND,Senate,3,97
ND,Senate,4,564
ND,Senate,5,4550
ND,Senate,6,2223
ND,Senate,7,1059
ND,Senate,8,617
ND,Senate,9,341
ND,Senate,10,224
ND,Senate,11,120
ND,Senate,12,79
ND,Senate,13,54
ND,Senate,14,27
ND,Senate,15,17
ND,Senate,16,8
ND,Senate,17,3
ND,Senate,18,2
ND,Senate,20,1
ND,Senate,22,1
ND,Senate,24,1
OH,House,6,2
OH,House,10,2
OH,House,11,2
OH,House,12,1
OH,House,13,4
OH,House,14,1
OH,House,15,4
OH,House,16,5
OH,House,17,8
OH,House,18,6
OH,House,19,17
OH,House,20,29
OH,House,21,26
OH,House,22,37
OH,House,23,35
OH,House,24,44
OH,House,25,61
OH,House,26,102
OH,House,27,112
OH,House,28,150
OH,House,29,192
OH,House,30,238
OH,House,31,291
OH,House,32,369
OH,House,33,408
OH,House,34,448
OH,House,35,500
OH,House,36,546
OH,House,37,581
OH,House,38,568
OH,House,39,500
OH,House,40,495
OH,House,41,449
OH,House,42,432
OH,House,43,392
OH,House,44,360
OH,House,45,317
OH,House,46,275
OH,House,47,255
OH,House,48,242
OH,House,49,195
OH,House,50,179
OH,House,51,156
OH,House,52,126
OH,House,53,124
OH,House,54,113
OH,House,55,83
OH,House,56,82
OH,House,57,68
OH,House,58,58
OH,House,59,36
OH,House,60,44
OH,House,61,32
OH,House,62,31
OH,House,63,32
OH,House,64,20
OH,House,65,26
OH,House,66,13
OH,House,67,8
OH,House,68,9
OH,House,69,10
OH,House,70,6
OH,House,71,8
OH,House,72,6
OH,House,73,2
OH,House,74,5
OH,House,75,7
OH,House,76,1
OH,House,78,2
OH,House,79,4
OH,House,80,3
OH,House,81,1
OH,House,82,1
OH,House,83,1
OH,House,84,1
OH,House,86,1
OH,Senate,5,1
OH,Senate,6,2
OH,Senate,7,25
OH,Senate,8,200
OH,Senate,9,2273
OH,Senate,10,2050
OH,Senate,11,1731
OH,Senate,12,1381
OH,Senate,13,933
OH,Senate,14,684
OH,Senate,15,413
OH,Senate,16,193
OH,Senate,17,78
OH,Senate,18,27
OH,Senate,19,8
OH,Senate,20,1
OK,House,2,1
OK,House,3,1
OK,House,4,2
OK,House,5,1
OK,House,6,6
OK,House,7,9
OK,House,8,18
OK,House,9,22
OK,House,10,52
OK,House,11,70
OK,House,12,113
OK,House,13,163
OK,House,14,271
OK,House,15,475
OK,House,16,818
OK,House,17,1241
OK,House,18,1371
OK,House,19,1184
OK,House,20,968
OK,House,21,696
OK,House,22,502
OK,House,23,407
OK,House,24,310
OK,House,25,229
OK,House,26,177
OK,House,27,162
OK,House,28,115
OK,House,29,93
OK,House,30,76
OK,House,31,76
OK,House,32,50
OK,House,33,41
OK,House,34,37
OK,House,35,26
OK,House,36,30
OK,House,37,19
OK,House,38,23
OK,House,39,28
OK,House,40,19
OK,House,41,11
OK,House,42,6
OK,House,43,7
OK,House,44,9
OK,House,45,3
OK,House,46,8
OK,House,47,5
OK,House,48,9
OK,House,49,6
OK,House,50,5
OK,House,51,3
OK,House,52,4
OK,House,53,2
OK,House,54,2
OK,House,55,2
OK,House,56,2
OK,House,59,2
OK,House,60,2
OK,House,61,3
OK,House,62,2
OK,House,63,2
OK,House,64,1
OK,House,69,1
OK,House,74,1
OK,Senate,2,1
OK,Senate,3,3
OK,Senate,4,21
OK,Senate,5,33
OK,Senate,6,169
OK,Senate,7,614
OK,Senate,8,6056
OK,Senate,9,1945
OK,Senate,10,653
OK,Senate,11,249
OK,Senate,12,115
OK,Senate,13,69
OK,Senate,14,29
OK,Senate,15,22
OK,Senate,16,8
OK,Senate,17,7
OK,Senate,18,2
OK,Senate,19,3
OK,Senate,21,1
OR,House,14,3
OR,House,16,6
OR,House,17,2
OR,House,18,2
OR,House,19,4
OR,House,20,13
OR,House,21,8
OR,House,22,10
OR,House,23,14
OR,House,24,20
OR,House,25,34
OR,House,26,58
OR,House,27,54
OR,House,28,71
OR,House,29,88
OR,House,30,116
OR,House,31,161
OR,House,32,192
OR,House,33,314
OR,House,34,388
OR,House,35,551
OR,House,36,734
OR,House,37,877
OR,House,38,991
OR,House,39,1001
OR,House,40,931
OR,House,41,761
OR,House,42,660
OR,House,43,508
OR,House,44,391
OR,House,45,278
OR,House,46,195
OR,House,47,162
OR,House,48,122
OR,House,49,85
OR,House,50,72
OR,House,51,51
OR,House,52,21
OR,House,53,17
OR,House,54,13
OR,House,55,11
OR,House,56,7
OR,House,57,1
OR,House,58,2
OR,Senate,10,4
OR,Senate,11,10
OR,Senate,12,14
OR,Senate,13,48
OR,Senate,14,88
OR,Senate,15,204
OR,Senate,16,401
OR,Senate,17,814
OR,Senate,18,1438
OR,Senate,19,1912
OR,Senate,20,2213
OR,Senate,21,1836
OR,Senate,22,1018
PA,House,14,1
PA,House,17,1
PA,House,26,1
PA,House,28,2
PA,House,33,1
PA,House,35,1
PA,House,36,1
PA,House,37,1
PA,House,38,1
PA,House,39,2
PA,House,42,2
PA,House,45,3
PA,House,46,1
PA,House,47,2
PA,House,48,3
PA,House,49,1
PA,House,50,3
PA,House,51,2
PA,House,52,2
PA,House,53,5
PA,House,54,4
PA,House,55,3
PA,House,56,5
PA,House,57,6
PA,House,58,3
PA,House,59,6
PA,House,60,10
PA,House,61,2
PA,House,62,4
PA,House,63,10
PA,House,64,3
PA,House,65,6
PA,House,66,5
PA,House,67,6
PA,House,68,13
PA,House,69,11
PA,House,70,14
PA,House,71,7
PA,House,72,9
PA,House,73,19
PA,House,74,18
PA,House,75,23
PA,House,76,26
PA,House,77,20
PA,House,78,27
PA,House,79,29
PA,House,80,17
PA,House,81,35
PA,House,82,30
PA,House,83,38
PA,House,84,52
PA,House,85,45
PA,House,86,39
PA,House,87,78
PA,House,88,71
PA,House,89,89
PA,House,90,67
PA,House,91,92
PA,House,92,93
PA,House,93,106
PA,House,94,135
PA,House,95,163
PA,House,96,180
PA,House,97,207
PA,House,98,236
PA,House,99,277
PA,House,100,294
PA,House,101,337
PA,House,102,355
PA,House,103,340
PA,House,104,371
PA,House,105,360
PA,House,106,343
PA,House,107,368
PA,House,108,357
PA,House,109,365
PA,House,110,326
PA,House,111,289
PA,House,112,293
PA,House,113,239
PA,House,114,249
PA,House,115,202
PA,House,116,227
PA,House,117,201
PA,House,118,192
PA,House,119,179
PA,House,120,146
PA,House,121,136
PA,House,122,129
PA,House,123,126
PA,House,124,79
PA,House,125,100
PA,House,126,84
PA,House,127,78
PA,House,128,86
PA,House,129,60
PA,House,130,51
PA,House,131,67
PA,House,132,62
PA,House,133,45
PA,House,134,47
PA,House,135,38
PA,House,136,34
PA,House,137,31
PA,House,138,33
PA,House,139,22
PA,House,140,27
PA,House,141,25
PA,House,142,22
PA,House,143,10
PA,House,144,19
PA,House,145,12
PA,House,146,17
PA,House,147,16
PA,House,148,12
PA,House,149,12
PA,House,150,16
PA,House,151,7
PA,House,152,9
PA,House,153,8
PA,House,154,9
PA,House,155,11
PA,House,156,5
PA,House,157,8
PA,House,158,3
PA,House,159,3
PA,House,160,5
PA,House,161,3
PA,House,162,5
PA,House,163,3
PA,House,164,3
PA,House,165,1
PA,House,167,3
PA,House,168,3
PA,House,169,2
PA,House,171,1
PA,House,172,2
PA,House,174,1
PA,House,178,1
PA,Senate,11,3
PA,Senate,12,6
PA,Senate,13,4
PA,Senate,14,11
PA,Senate,15,29
PA,Senate,16,31
PA,Senate,17,75
PA,Senate,18,124
PA,Senate,19,223
PA,Senate,20,363
PA,Senate,21,633
PA,Senate,22,1321
PA,Senate,23,1919
PA,Senate,24,1803
PA,Senate,25,1369
PA,Senate,26,930
PA,Senate,27,549
PA,Senate,28,322
PA,Senate,29,157
PA,Senate,30,65
PA,Senate,31,45
PA,Senate,32,12
PA,Senate,33,3
PA,Senate,34,2
PA,Senate,35,1
RI,House,14,1
RI,House,15,1
RI,House,19,1
RI,House,20,2
RI,House,21,2
RI,House,22,3
RI,House,23,1
RI,House,24,5
RI,House,25,6
RI,House,26,7
RI,House,27,4
RI,House,28,6
RI,House,29,8
RI,House,30,8
RI,House,31,15
RI,House,32,11
RI,House,33,31
RI,House,34,24
RI,House,35,29
RI,House,36,37
RI,House,37,25
RI,House,38,36
RI,House,39,48
RI,House,40,52
RI,House,41,46
RI,House,42,67
RI,House,43,74
RI,House,44,101
RI,House,45,90
RI,House,46,80
RI,House,47,123
RI,House,48,107
RI,House,49,146
RI,House,50,131
RI,House,51,172
RI,House,52,186
RI,House,53,206
RI,House,54,202
RI,House,55,215
RI,House,56,238
RI,House,57,273
RI,House,58,267
RI,House,59,293
RI,House,60,326
RI,House,61,370
RI,House,62,390
RI,House,63,403
RI,House,64,417
RI,House,65,437
RI,House,66,399
RI,House,67,456
RI,House,68,468
RI,House,69,463
RI,House,70,429
RI,House,71,496
RI,House,72,421
RI,House,73,425
RI,House,74,404
RI,House,75,316
RI,Senate,6,1
RI,Senate,8,1
RI,Senate,9,2
RI,Senate,10,5
RI,Senate,11,6
RI,Senate,12,5
RI,Senate,13,8
RI,Senate,14,11
RI,Senate,15,14
RI,Senate,16,22
RI,Senate,17,32
RI,Senate,18,37
RI,Senate,19,65
RI,Senate,20,76
RI,Senate,21,86
RI,Senate,22,129
RI,Senate,23,175
RI,Senate,24,220
RI,Senate,25,262
RI,Senate,26,301
RI,Senate,27,347
RI,Senate,28,400
RI,Senate,29,524
RI,Senate,30,570
RI,Senate,31,635
RI,Senate,32,750
RI,Senate,33,806
RI,Senate,34,919
RI,Senate,35,953
RI,Senate,36,988
RI,Senate,37,901
RI,Senate,38,749
SC,House,7,1
SC,House,8,1
SC,House,9,2
SC,House,12,3
SC,House,13,1
SC,House,14,4
SC,House,15,6
SC,House,16,5
SC,House,17,9
SC,House,18,4
SC,House,19,7
SC,House,20,17
SC,House,21,21
SC,House,22,11
SC,House,23,14
SC,House,24,33
SC,House,25,39
SC,House,26,41
SC,House,27,57
SC,House,28,77
SC,House,29,135
SC,House,30,162
SC,House,31,203
SC,House,32,244
SC,House,33,301
SC,House,34,374
SC,House,35,478
SC,House,36,537
SC,House,37,541
SC,House,38,565
SC,House,39,542
SC,House,40,478
SC,House,41,487
SC,House,42,412
SC,House,43,376
SC,House,44,371
SC,House,45,336
SC,House,46,257
SC,House,47,271
SC,House,48,238
SC,House,49,211
SC,House,50,223
SC,House,51,177
SC,House,52,156
SC,House,53,133
SC,House,54,134
SC,House,55,123
SC,House,56,99
SC,House,57,112
SC,House,58,88
SC,House,59,77
SC,House,60,74
SC,House,61,80
SC,House,62,56
SC,House,63,58
SC,House,64,57
SC,House,65,37
SC,House,66,47
SC,House,67,34
SC,House,68,37
SC,House,69,32
SC,House,70,35
SC,House,71,24
SC,House,72,26
SC,House,73,23
SC,House,74,20
SC,House,75,16
SC,House,76,12
SC,House,77,14
SC,House,78,19
SC,House,79,14
SC,House,80,8
SC,House,81,7
SC,House,82,9
SC,House,83,14
SC,House,84,8
SC,House,85,6
SC,House,86,3
SC,House,87,4
SC,House,88,8
SC,House,89,4
SC,House,90,1
SC,House,91,4
SC,House,92,4
SC,House,93,1
SC,House,94,1
SC,House,95,1
SC,House,96,1
SC,House,97,2
SC,House,98,1
SC,House,99,2
SC,House,106,1
SC,House,114,1
SD,House,0,382
SD,House,1,703
SD,House,2,1306
SD,House,3,1134
SD,House,4,1017
SD,House,5,876
SD,House,6,676
SD,House,7,573
SD,House,8,505
SD,House,9,401
SD,House,10,322
SD,House,11,298
SD,House,12,234
SD,House,13,230
SD,House,14,183
SD,House,15,146
SD,House,16,141
SD,House,17,116
SD,House,18,89
SD,House,19,89
SD,House,20,62
SD,House,21,65
SD,House,22,51
SD,House,23,56
SD,House,24,50
SD,House,25,39
SD,House,26,42
SD,House,27,34
SD,House,28,24
SD,House,29,24
SD,House,30,21
SD,House,31,19
SD,House,32,7
SD,House,33,20
SD,House,34,11
SD,House,35,7
SD,House,36,8
SD,House,37,8
SD,House,38,5
SD,House,39,5
SD,House,40,5
SD,House,41,5
SD,House,42,1
SD,House,43,4
SD,House,46,1
SD,House,49,1
SD,House,50,1
SD,House,51,1
SD,House,53,1
SD,House,58,1
SD,Senate,0,232
SD,Senate,1,919
SD,Senate,2,1378
SD,Senate,3,1682
SD,Senate,4,1652
SD,Senate,5,1414
SD,Senate,6,996
SD,Senate,7,562
SD,Senate,8,326
SD,Senate,9,253
SD,Senate,10,179
SD,Senate,11,124
SD,Senate,12,80
SD,Senate,13,50
SD,Senate,14,43
SD,Senate,15,22
SD,Senate,16,23
SD,Senate,17,13
SD,Senate,18,11
SD,Senate,19,7
SD,Senate,20,7
SD,Senate,21,7
SD,Senate,22,4
SD,Senate,23,4
SD,Senate,24,3
SD,Senate,25,3
SD,Senate,26,1
SD,Senate,29,3
SD,Senate,30,1
SD,Senate,31,1
TN,House,3,1
TN,House,4,1
TN,House,5,3
TN,House,6,1
TN,House,7,1
TN,House,8,4
TN,House,9,3
TN,House,10,4
TN,House,11,11
TN,House,12,23
TN,House,13,14
TN,House,14,35
TN,House,15,46
TN,House,16,47
TN,House,17,91
TN,House,18,113
TN,House,19,200
TN,House,20,272
TN,House,21,474
TN,House,22,741
TN,House,23,1001
TN,House,24,1279
TN,House,25,1214
TN,House,26,947
TN,House,27,752
TN,House,28,588
TN,House,29,459
TN,House,30,334
TN,House,31,243
TN,House,32,191
TN,House,33,165
TN,House,34,126
TN,House,35,94
TN,House,36,77
TN,House,37,64
TN,House,38,57
TN,House,39,54
TN,House,40,38
TN,House,41,22
TN,House,42,35
TN,House,43,24
TN,House,44,27
TN,House,45,17
TN,House,46,15
TN,House,47,11
TN,House,48,18
TN,House,49,5
TN,House,50,6
TN,House,51,5
TN,House,52,5
TN,House,53,7
TN,House,54,5
TN,House,55,4
TN,House,56,2
TN,House,57,2
TN,House,58,1
TN,House,59,6
TN,House,60,3
TN,House,61,1
TN,House,62,1
TN,House,64,2
TN,House,69,3
TN,House,71,1
TN,House,72,2
TN,House,73,2
TN,Senate,2,5
TN,Senate,3,18
TN,Senate,4,103
TN,Senate,5,493
TN,Senate,6,6615
TN,Senate,7,1500
TN,Senate,8,552
TN,Senate,9,282
TN,Senate,10,151
TN,Senate,11,110
TN,Senate,12,63
TN,Senate,13,56
TN,Senate,14,25
TN,Senate,15,13
TN,Senate,16,7
TN,Senate,17,4
TN,Senate,18,3
TX,House,14,1
TX,House,18,1
TX,House,23,1
TX,House,28,2
TX,House,29,2
TX,House,31,1
TX,House,32,3
TX,House,33,1
TX,House,34,2
TX,House,35,4
TX,House,36,4
TX,House,37,2
TX,House,38,7
TX,House,39,8
TX,House,40,9
TX,House,41,10
TX,House,42,11
TX,House,43,10
TX,House,44,21
TX,House,45,15
TX,House,46,19
TX,House,47,26
TX,House,48,26
TX,House,49,34
TX,House,50,44
TX,House,51,52
TX,House,52,50
TX,House,53,74
TX,House,54,67
TX,House,55,124
TX,House,56,117
TX,House,57,158
TX,House,58,208
TX,House,59,265
TX,House,60,308
TX,House,61,373
TX,House,62,432
TX,House,63,479
TX,House,64,442
TX,House,65,454
TX,House,66,440
TX,House,67,392
TX,House,68,388
TX,House,69,434
TX,House,70,333
TX,House,71,319
TX,House,72,306
TX,House,73,304
TX,House,74,246
TX,House,75,190
TX,House,76,214
TX,House,77,185
TX,House,78,191
TX,House,79,183
TX,House,80,167
TX,House,81,161
TX,House,82,138
TX,House,83,137
TX,House,84,120
TX,House,85,102
TX,House,86,115
TX,House,87,95
TX,House,88,111
TX,House,89,76
TX,House,90,94
TX,House,91,74
TX,House,92,60
TX,House,93,69
TX,House,94,49
TX,House,95,39
TX,House,96,49
TX,House,97,35
TX,House,98,44
TX,House,99,30
TX,House,100,29
TX,House,101,30
TX,House,102,23
TX,House,103,18
TX,House,104,18
TX,House,105,25
TX,House,106,10
TX,House,107,18
TX,House,108,13
TX,House,109,8
TX,House,110,8
TX,House,111,4
TX,House,112,5
TX,House,113,5
TX,House,114,7
TX,House,115,4
TX,House,116,3
TX,House,117,1
TX,House,118,2
TX,House,119,2
TX,House,120,3
TX,House,121,1
TX,House,122,1
TX,House,123,3
TX,House,127,1
TX,House,128,1
TX,Senate,7,10
TX,Senate,8,37
TX,Senate,9,130
TX,Senate,10,528
TX,Senate,11,2314
TX,Senate,12,3160
TX,Senate,13,1794
TX,Senate,14,932
TX,Senate,15,568
TX,Senate,16,290
TX,Senate,17,142
TX,Senate,18,63
TX,Senate,19,23
TX,Senate,20,5
TX,Senate,21,3
TX,Senate,22,1
UT,House,3,1
UT,House,5,5
UT,House,6,3
UT,House,7,15
UT,House,8,35
UT,House,9,66
UT,House,10,68
UT,House,11,198
UT,House,12,423
UT,House,13,646
UT,House,14,1046
UT,House,15,1157
UT,House,16,1102
UT,House,17,984
UT,House,18,818
UT,House,19,658
UT,House,20,552
UT,House,21,432
UT,House,22,357
UT,House,23,243
UT,House,24,218
UT,House,25,189
UT,House,26,125
UT,House,27,109
UT,House,28,99
UT,House,29,82
UT,House,30,64
UT,House,31,44
UT,House,32,46
UT,House,33,33
UT,House,34,30
UT,House,35,30
UT,House,36,16
UT,House,37,17
UT,House,38,28
UT,House,39,9
UT,House,40,8
UT,House,41,7
UT,House,42,6
UT,House,43,7
UT,House,44,5
UT,House,45,4
UT,House,46,3
UT,House,47,4
UT,House,48,3
UT,House,50,2
UT,House,51,1
UT,House,52,1
UT,House,57,1
UT,Senate,3,10
UT,Senate,4,115
UT,Senate,5,979
UT,Senate,6,4138
UT,Senate,7,2642
UT,Senate,8,1165
UT,Senate,9,497
UT,Senate,10,265
UT,Senate,11,107
UT,Senate,12,45
UT,Senate,13,29
UT,Senate,14,7
UT,Senate,15,1
VT,House,32,1
VT,House,35,1
VT,House,36,1
VT,House,38,1
VT,House,39,2
VT,House,41,1
VT,House,42,2
VT,House,43,1
VT,House,44,1
VT,House,45,1
VT,House,46,2
VT,House,47,3
VT,House,49,5
VT,House,50,3
VT,House,51,4
VT,House,52,6
VT,House,53,3
VT,House,54,4
VT,House,55,2
VT,House,56,7
VT,House,57,3
VT,House,58,5
VT,House,59,6
VT,House,60,8
VT,House,61,4
VT,House,62,10
VT,House,63,7
VT,House,64,11
VT,House,65,7
VT,House,66,11
VT,House,67,16
VT,House,68,10
VT,House,69,11
VT,House,70,23
VT,House,71,14
VT,House,72,13
VT,House,73,33
VT,House,74,23
VT,House,75,25
VT,House,76,29
VT,House,77,21
VT,House,78,38
VT,House,79,31
VT,House,80,34
VT,House,81,42
VT,House,82,47
VT,House,83,56
VT,House,84,63
VT,House,85,68
VT,House,86,67
VT,House,87,81
VT,House,88,82
VT,House,89,102
VT,House,90,102
VT,House,91,109
VT,House,92,123
VT,House,93,134
VT,House,94,134
VT,House,95,154
VT,House,96,155
VT,House,97,184
VT,House,98,179
VT,House,99,168
VT,House,100,219
VT,House,101,229
VT,House,102,264
VT,House,103,249
VT,House,104,260
VT,House,105,257
VT,House,106,253
VT,House,107,277
VT,House,108,313
VT,House,109,287
VT,House,110,313
VT,House,111,346
VT,House,112,312
VT,House,113,307
VT,House,114,331
VT,House,115,333
VT,House,116,336
VT,House,117,330
VT,House,118,266
VT,House,119,289
VT,House,120,294
VT,House,121,302
VT,House,122,223
VT,House,123,192
VT,House,124,143
VT,House,125,120
VT,House,126,93
VT,House,127,78
VT,House,128,64
VT,House,129,61
VT,House,130,41
VT,House,131,26
VT,House,132,22
VT,House,133,18
VT,House,134,21
VT,House,135,13
VT,House,136,6
VT,House,137,3
VT,House,138,3
VT,House,139,4
VT,House,140,4
VT,House,141,1
VT,House,143,2
VT,House,145,1
VT,Senate,11,2
VT,Senate,12,3
VT,Senate,13,9
VT,Senate,14,15
VT,Senate,15,28
VT,Senate,16,67
VT,Senate,17,115
VT,Senate,18,217
VT,Senate,19,399
VT,Senate,20,742
VT,Senate,21,1326
VT,Senate,22,1862
VT,Senate,23,2114
VT,Senate,24,1672
VT,Senate,25,1037
VT,Senate,26,281
VT,Senate,27,77
VT,Senate,28,25
VT,Senate,29,9
WA,House,14,1
WA,House,16,1
WA,House,22,1
WA,House,23,1
WA,House,24,2
WA,House,26,2
WA,House,28,2
WA,House,30,2
WA,House,31,5
WA,House,32,4
WA,House,33,7
WA,House,34,5
WA,House,35,6
WA,House,36,1
WA,House,37,9
WA,House,38,5
WA,House,39,12
WA,House,40,10
WA,House,41,15
WA,House,42,21
WA,House,43,23
WA,House,44,29
WA,House,45,34
WA,House,46,42
WA,House,47,32
WA,House,48,53
WA,House,49,48
WA,House,50,79
WA,House,51,94
WA,House,52,110
WA,House,53,140
WA,House,54,175
WA,House,55,210
WA,House,56,270
WA,House,57,349
WA,House,58,385
WA,House,59,498
WA,House,60,533
WA,House,61,593
WA,House,62,576
WA,House,63,646
WA,House,64,601
WA,House,65,568
WA,House,66,486
WA,House,67,449
WA,House,68,387
WA,House,69,374
WA,House,70,335
WA,House,71,284
WA,House,72,237
WA,House,73,215
WA,House,74,168
WA,House,75,167
WA,House,76,133
WA,House,77,105
WA,House,78,84
WA,House,79,73
WA,House,80,63
WA,House,81,49
WA,House,82,31
WA,House,83,37
WA,House,84,23
WA,House,85,13
WA,House,86,20
WA,House,87,14
WA,House,88,15
WA,House,89,11
WA,House,90,6
WA,House,91,4
WA,House,92,3
WA,House,93,7
WA,House,94,5
WA,House,96,1
WA,House,97,1
WA,Senate,17,2
WA,Senate,18,1
WA,Senate,19,4
WA,Senate,20,6
WA,Senate,21,10
WA,Senate,22,14
WA,Senate,23,28
WA,Senate,24,57
WA,Senate,25,76
WA,Senate,26,158
WA,Senate,27,293
WA,Senate,28,625
WA,Senate,29,1391
WA,Senate,30,3435
WA,Senate,31,2422
WA,Senate,32,1063
WA,Senate,33,268
WA,Senate,34,100
WA,Senate,35,30
WA,Senate,36,14
WA,Senate,37,3
WV,House of Delegates,1,2
WV,House of Delegates,2,6
WV,House of Delegates,3,8
WV,House of Delegates,4,34
WV,House of Delegates,5,79
WV,House of Delegates,6,162
WV,House of Delegates,7,466
WV,House of Delegates,8,1437
WV,House of Delegates,9,1478
WV,House of Delegates,10,1107
WV,House of Delegates,11,927
WV,House of Delegates,12,732
WV,House of Delegates,13,571
WV,House of Delegates,14,486
WV,House of Delegates,15,357
WV,House of Delegates,16,330
WV,House of Delegates,17,279
WV,House of Delegates,18,232
WV,House of Delegates,19,198
WV,House of Delegates,20,174
WV,House of Delegates,21,136
WV,House of Delegates,22,106
WV,House of Delegates,23,97
WV,House of Delegates,24,71
WV,House of Delegates,25,80
WV,House of Delegates,26,57
WV,House of Delegates,27,51
WV,House of Delegates,28,48
WV,House of Delegates,29,42
WV,House of Delegates,30,34
WV,House of Delegates,31,31
WV,House of Delegates,32,13
WV,House of Delegates,33,33
WV,House of Delegates,34,16
WV,House of Delegates,35,17
WV,House of Delegates,36,9
WV,House of Delegates,37,12
WV,House of Delegates,38,12
WV,House of Delegates,39,8
WV,House of Delegates,40,9
WV,House of Delegates,41,7
WV,House of Delegates,42,4
WV,House of Delegates,43,4
WV,House of Delegates,44,9
WV,House of Delegates,45,1
WV,House of Delegates,46,6
WV,House of Delegates,47,5
WV,House of Delegates,48,3
WV,House of Delegates,49,2
WV,House of Delegates,50,2
WV,House of Delegates,51,1
WV,House of Delegates,52,1
WV,House of Delegates,53,1
WV,House of Delegates,58,2
WV,House of Delegates,59,1
WV,House of Delegates,62,2
WV,House of Delegates,64,1
WV,House of Delegates,67,1
WV,Senate,1,4057
WV,Senate,2,3334
WV,Senate,3,1331
WV,Senate,4,646
WV,Senate,5,292
WV,Senate,6,178
WV,Senate,7,73
WV,Senate,8,41
WV,Senate,9,26
WV,Senate,10,11
WV,Senate,11,6
WV,Senate,12,3
WV,Senate,13,1
WV,Senate,14,1
WI,Assembly,15,2
WI,Assembly,16,1
WI,Assembly,18,2
WI,Assembly,20,4
WI,Assembly,21,5
WI,Assembly,22,2
WI,Assembly,23,6
WI,Assembly,24,7
WI,Assembly,25,8
WI,Assembly,26,11
WI,Assembly,27,19
WI,Assembly,28,16
WI,Assembly,29,17
WI,Assembly,30,30
WI,Assembly,31,34
WI,Assembly,32,28
WI,Assembly,33,47
WI,Assembly,34,47
WI,Assembly,35,67
WI,Assembly,36,81
WI,Assembly,37,91
WI,Assembly,38,117
WI,Assembly,39,114
WI,Assembly,40,173
WI,Assembly,41,212
WI,Assembly,42,250
WI,Assembly,43,322
WI,Assembly,44,343
WI,Assembly,45,397
WI,Assembly,46,475
WI,Assembly,47,512
WI,Assembly,48,587
WI,Assembly,49,603
WI,Assembly,50,530
WI,Assembly,51,593
WI,Assembly,52,501
WI,Assembly,53,469
WI,Assembly,54,413
WI,Assembly,55,394
WI,Assembly,56,302
WI,Assembly,57,284
WI,Assembly,58,233
WI,Assembly,59,235
WI,Assembly,60,163
WI,Assembly,61,179
WI,Assembly,62,143
WI,Assembly,63,124
WI,Assembly,64,110
WI,Assembly,65,103
WI,Assembly,66,87
WI,Assembly,67,59
WI,Assembly,68,62
WI,Assembly,69,46
WI,Assembly,70,35
WI,Assembly,71,47
WI,Assembly,72,42
WI,Assembly,73,32
WI,Assembly,74,18
WI,Assembly,75,17
WI,Assembly,76,28
WI,Assembly,77,23
WI,Assembly,78,15
WI,Assembly,79,12
WI,Assembly,80,13
WI,Assembly,81,9
WI,Assembly,82,8
WI,Assembly,83,6
WI,Assembly,84,4
WI,Assembly,85,4
WI,Assembly,86,6
WI,Assembly,87,4
WI,Assembly,88,6
WI,Assembly,89,3
WI,Assembly,90,2
WI,Assembly,92,2
WI,Assembly,94,2
WI,Assembly,95,1
WI,Assembly,99,1
WI,Senate,10,3
WI,Senate,11,17
WI,Senate,12,56
WI,Senate,13,179
WI,Senate,14,430
WI,Senate,15,936
WI,Senate,16,1805
WI,Senate,17,2382
WI,Senate,18,1746
WI,Senate,19,1067
WI,Senate,20,627
WI,Senate,21,348
WI,Senate,22,185
WI,Senate,23,109
WI,Senate,24,59
WI,Senate,25,32
WI,Senate,26,14
WI,Senate,27,5
WY,House,0,3
WY,House,1,31
WY,House,2,61
WY,House,3,165
WY,House,4,463
WY,House,5,1121
WY,House,6,2201
WY,House,7,2071
WY,House,8,1306
WY,House,9,800
WY,House,10,508
WY,House,11,275
WY,House,12,219
WY,House,13,174
WY,House,14,105
WY,House,15,87
WY,House,16,68
WY,House,17,58
WY,House,18,56
WY,House,19,29
WY,House,20,39
WY,House,21,28
WY,House,22,13
WY,House,23,19
WY,House,24,15
WY,House,25,14
WY,House,26,8
WY,House,27,10
WY,House,28,12
WY,House,29,4
WY,House,30,8
WY,House,31,9
WY,House,32,5
WY,House,33,1
WY,House,34,3
WY,House,36,3
WY,House,37,1
WY,House,40,2
WY,House,42,2
WY,House,43,1
WY,House,45,1
WY,House,46,1
WY,Senate,0,31
WY,Senate,1,316
WY,Senate,2,6182
WY,Senate,3,2417
WY,Senate,4,581
WY,Senate,5,228
WY,Senate,6,114
WY,Senate,7,55
WY,Senate,8,37
WY,Senate,9,21
WY,Senate,10,10
WY,Senate,11,5
WY,Senate,12,1
WY,Senate,13,1
WY,Senate,14,1
