as_of,race_code,race_type,state,district,dem_name,rep_name,incumbent_party,seat_holder,margin,dem_prob,rep_prob,rating,lean,gcb,fundamentals,fundraising,candidates,pres_2024,poll_dem,poll_rep,poll_count,polling_avg,dem_funds,rep_funds,ind_name,ind_pct,ind_prob,dem_pct,rep_pct,oth_pct
2026-07-23,AK-GOV,governor,AK,GOV,Tom Begich,Bernadette Wilson,,REP,-3.18,39.6,60.4,Lean R,-13.27,4.91,-9.42,0.0,0.0,-13.8,46.99,37.94,3,8.06,0,0,,0.0,0.0,44.38,47.62,8.0
2026-07-23,AL-GOV,governor,AL,GOV,Doug Jones,Tommy Tuberville,,REP,-20.91,0.2,99.8,Safe R,-29.66,4.91,-21.86,0.0,3.37,-30.88,34.1,52.6,1,-15.5,0,13792994,,0.0,0.0,39.55,60.45,0.0
2026-07-23,AR-GOV,governor,AR,GOV,Fredrick Love,Sarah Huckabee Sanders,REP,REP,-26.34,0.0,100.0,Safe R,-30.62,4.91,-26.34,0.0,-0.13,-31.57,,,0,,0,0,,0.0,0.0,36.83,63.17,0.0
2026-07-23,AZ-GOV,governor,AZ,GOV,Katie Hobbs,Andy Biggs,DEM,DEM,7.46,88.9,11.1,Likely D,-4.25,4.91,7.97,0.94,6.01,-5.59,42.7,36.79,11,6.65,9827820,2787170,,0.0,0.0,53.73,46.27,0.0
2026-07-23,CA-GOV,governor,CA,GOV,Xavier Becerra,Steve Hilton,,DEM,26.61,100.0,0.0,Safe D,23.42,4.91,29.13,-0.1,0.0,20.82,57.29,33.73,4,23.57,11283904,12875324,,0.0,0.0,63.31,36.69,0.0
2026-07-23,CO-GOV,governor,CO,GOV,Phil Weiser,Victor Marx,,DEM,17.48,99.6,0.4,Safe D,11.48,4.91,17.01,0.64,0.0,11.29,50.1,37.8,1,12.3,6951032,2935521,Greg Lopez,3.6,0.0,56.62,39.78,0.0
2026-07-23,CT-GOV,governor,CT,GOV,Ned Lamont,Ryan Fazio,DEM,DEM,17.34,99.6,0.4,Safe D,15.88,4.91,19.68,0.0,-1.03,14.76,49.0,36.0,1,13.0,0,0,,0.0,0.0,58.67,41.33,0.0
2026-07-23,FL-GOV,governor,FL,GOV,David Jolly,Byron Donalds,,REP,-6.16,15.2,84.8,Likely R,-10.43,4.91,-7.82,-2.35,-0.47,-13.22,39.47,43.33,15,-4.22,2814312,65627327,,0.0,0.0,46.92,53.08,0.0
2026-07-23,GA-GOV,governor,GA,GOV,Keisha Lance Bottoms,Rick Jackson,,REP,3.02,73.6,26.4,Lean D,-1.84,4.91,0.48,-2.47,0.0,-2.21,51.18,45.89,5,5.46,2665880,73526815,,0.0,0.0,51.51,48.49,0.0
2026-07-23,HI-GOV,governor,HI,GOV,Josh Green,Gary Cordery,DEM,DEM,31.84,100.0,0.0,Safe D,25.72,4.91,31.84,0.0,1.67,23.56,,,0,,0,0,,0.0,0.0,65.92,34.08,0.0
2026-07-23,IA-GOV,governor,IA,GOV,Rob Sand,Zach Lahn,,REP,5.52,82.7,17.3,Likely D,-12.13,4.91,5.78,2.86,10.86,-13.45,50.38,45.25,4,5.22,9572747,163603,,0.0,0.0,52.76,47.24,0.0
2026-07-23,ID-GOV,governor,ID,GOV,Terri Pickens,Brad Little,REP,REP,-46.04,0.0,100.0,Safe R,-36.27,4.91,-46.04,-1.82,-12.37,-37.52,,,0,,136953,2057743,,0.0,0.0,26.98,73.02,0.0
2026-07-23,IL-GOV,governor,IL,GOV,JB Pritzker,Darren Bailey,DEM,DEM,19.74,99.8,0.2,Safe D,12.91,4.91,19.64,1.84,-0.02,11.14,54.3,34.0,1,20.3,25619035,2166962,,0.0,0.0,59.87,40.13,0.0
2026-07-23,KS-GOV,governor,KS,GOV,Cindy Holscher,Ty Masterson,,DEM,-11.94,1.2,98.8,Safe R,-16.42,4.91,-11.94,0.0,0.0,-16.41,,,0,,0,0,,0.0,0.0,44.03,55.97,0.0
2026-07-23,MA-GOV,governor,MA,GOV,Maura Healey,Mike Minogue,DEM,DEM,29.05,100.0,0.0,Safe D,27.8,4.91,33.49,0.0,1.13,25.91,53.79,31.4,6,22.39,0,0,,0.0,0.0,64.53,35.47,0.0
2026-07-23,MD-GOV,governor,MD,GOV,Wes Moore,Dan Cox,DEM,DEM,36.12,100.0,0.0,Safe D,30.37,4.91,38.63,0.0,3.43,29.51,49.9,28.0,1,21.9,0,0,,0.0,0.0,68.06,31.94,0.0
2026-07-23,ME-GOV,governor,ME,GOV,Hannah Pingree,Robert Charles,,DEM,12.51,98.9,1.1,Safe D,7.36,4.91,11.3,0.0,0.0,7.09,53.25,39.65,3,13.6,0,0,Rick Bennett,1.14,0.0,55.61,43.25,0.0
2026-07-23,MI-GOV,governor,MI,GOV,Jocelyn Benson,John James,,DEM,12.38,98.9,1.1,Safe D,-0.43,4.91,14.04,0.21,9.97,-1.44,44.9,35.32,17,10.28,5958887,4492470,,0.0,0.0,56.19,43.81,0.0
2026-07-23,MN-GOV,governor,MN,GOV,Amy Klobuchar,Mike Lindell,,DEM,12.36,98.9,1.1,Safe D,4.83,4.91,10.33,1.43,-0.12,4.34,52.96,34.99,2,17.97,7053950,1001473,,0.0,0.0,56.18,43.82,0.0
2026-07-23,NE-GOV,governor,NE,GOV,Lynne Walz,Jim Pillen,REP,REP,-14.07,0.8,99.2,Safe R,-20.91,4.91,-19.73,0.0,-3.25,-20.84,33.0,38.0,1,-8.0,0,0,Brett Lindstrom,12.0,0.0,37.81,50.19,0.0
2026-07-23,NH-GOV,governor,NH,GOV,Cinde Warmington,Kelly Ayotte,REP,REP,-10.69,2.5,97.5,Safe R,3.63,4.91,-13.42,-1.31,-19.79,2.82,38.17,44.73,5,-6.56,606192,3694856,,0.0,0.0,44.65,55.35,0.0
2026-07-23,NM-GOV,governor,NM,GOV,Deb Haaland,Gregg Hull,,DEM,9.0,93.3,6.7,Likely D,7.41,4.91,9.0,1.95,-6.39,6.14,,,0,,13910580,987856,,0.0,0.0,54.5,45.5,0.0
2026-07-23,NV-GOV,governor,NV,GOV,Aaron Ford,Joe Lombardo,REP,REP,1.87,69.1,30.9,Lean D,-1.57,4.91,5.06,0.47,0.85,-3.15,45.35,48.12,6,-3.19,4285307,2275075,,0.0,0.0,50.93,49.07,0.0
2026-07-23,NY-GOV,governor,NY,GOV,Kathy Hochul,Bruce Blakeman,DEM,DEM,15.01,99.3,0.7,Safe D,15.56,4.91,13.26,0.16,-7.5,12.68,50.54,33.77,14,17.24,16594119,13445025,,0.0,0.0,57.51,42.49,0.0
2026-07-23,OH-GOV,governor,OH,GOV,Amy Acton,Vivek Ramaswamy,,REP,-3.47,24.7,75.3,Likely R,-10.38,4.91,-6.82,-0.66,0.0,-11.31,47.65,47.15,16,0.48,10552470,25555956,,0.0,0.0,48.27,51.73,0.0
2026-07-23,OK-GOV,governor,OK,GOV,Cyndi Munson,Gentner Drummond,,REP,-31.35,0.0,100.0,Safe R,-34.86,4.91,-31.35,0.0,-0.7,-34.95,,,0,,0,0,,0.0,0.0,34.32,65.68,0.0
2026-07-23,OR-GOV,governor,OR,GOV,Tina Kotek,Christine Drazan,DEM,DEM,4.19,77.9,22.1,Likely D,15.18,4.91,6.34,0.0,-13.29,14.89,44.2,47.13,3,-0.1,0,0,,0.0,0.0,52.09,47.91,0.0
2026-07-23,PA-GOV,governor,PA,GOV,Josh Shapiro,Stacy Garrity,DEM,DEM,16.33,99.5,0.5,Safe D,-0.99,4.91,16.96,1.95,11.61,-1.75,52.66,37.0,10,15.66,34960533,2545436,,0.0,0.0,58.17,41.83,0.0
2026-07-23,RI-GOV,governor,RI,GOV,Helena Foulkes,Elaine Pelino,,DEM,19.4,99.7,0.3,Safe D,15.75,4.91,20.46,0.0,0.0,14.16,38.59,21.21,2,17.38,0,0,,0.0,0.0,59.7,40.3,0.0
2026-07-23,SC-GOV,governor,SC,GOV,Jermaine Johnson,Alan Wilson,,REP,-10.54,2.9,97.1,Safe R,-16.61,4.91,-10.54,1.47,0.07,-18.12,,,0,,753609,62585,,0.0,0.0,44.73,55.27,0.0
2026-07-23,SD-GOV,governor,SD,GOV,Dan Ahlers,Toby Doeden,,REP,-25.52,0.1,99.9,Safe R,-29.41,4.91,-25.52,0.0,0.0,-29.98,,,0,,0,0,,0.0,0.0,37.24,62.76,0.0
2026-07-23,TN-GOV,governor,TN,GOV,Jerri Green,Marsha Blackburn,,REP,-21.32,0.2,99.8,Safe R,-28.6,4.91,-20.5,0.0,3.73,-30.12,27.01,51.0,3,-23.99,0,0,,0.0,0.0,39.34,60.66,0.0
2026-07-23,TX-GOV,governor,TX,GOV,Gina Hinojosa,Greg Abbott,REP,REP,-8.69,7.5,92.5,Likely R,-11.93,4.91,-10.9,-1.58,-3.33,-13.88,42.26,48.75,15,-6.45,8589462,71434049,,0.0,0.0,45.65,54.35,0.0
2026-07-23,VT-GOV,governor,VT,GOV,Amanda Janoo,Phil Scott,REP,REP,-18.46,0.3,99.7,Safe R,33.44,4.91,-25.18,0.0,-62.58,32.77,30.95,43.32,2,-12.37,0,0,,0.0,0.0,40.77,59.23,0.0
2026-07-23,WI-GOV,governor,WI,GOV,Francesca Hong,Tom Tiffany,,DEM,3.68,76.1,23.9,Likely D,-0.43,4.91,4.28,0.18,0.28,-0.87,46.04,43.87,5,2.57,13951,1,,0.0,0.0,51.84,48.16,0.0
2026-07-23,WY-GOV,governor,WY,GOV,Kenneth Casner,Megan Degenfelder,,REP,-39.99,0.0,100.0,Safe R,-46.77,4.91,-39.99,0.0,2.51,-46.96,,,0,,0,5226,,0.0,0.0,30.0,70.0,0.0
2026-07-23,AK-01,house,AK,01,(No Democrat),Nick Begich III,REP,REP,-3.18,40.0,60.0,Toss-up,-2.53,4.91,-1.45,-1.1,-1.67,-13.8,38.0,48.0,1,-13.0,0,5261611,Bill Hill,48.41,40.0,0.0,51.59,0.0
2026-07-23,AL-01,house,AL,01,Clyde Jones,Jerry Carl,,REP,-29.07,0.0,100.0,Safe R,-31.65,4.91,-29.07,-1.77,0.0,-36.34,,,0,,55423,1065922,,0.0,0.0,35.46,64.54,0.0
2026-07-23,AL-02,house,AL,02,Shomari Figures,Rhett Marques,DEM,DEM,-3.41,25.0,75.0,Likely R,-9.87,4.91,-3.07,-0.31,2.48,-14.46,44.0,45.0,1,-4.0,1295921,1300076,,0.0,0.0,48.3,51.7,0.0
2026-07-23,AL-03,house,AL,03,Victor McInnis,Mike Rogers,REP,REP,-42.02,0.0,100.0,Safe R,-42.42,4.91,-42.02,-2.23,-1.67,-47.04,,,0,,60787,2133554,,0.0,0.0,28.99,71.01,0.0
2026-07-23,AL-04,house,AL,04,Amanda Pusczek,Robert Aderholt,REP,REP,-62.2,0.0,100.0,Safe R,-62.67,4.91,-62.2,-2.1,-1.67,-66.99,,,0,,15591,1022664,,0.0,0.0,18.9,81.1,0.0
2026-07-23,AL-05,house,AL,05,Andrew Sneed,Dale Strong,REP,REP,-24.12,0.1,99.9,Safe R,-26.21,4.91,-24.12,-0.59,-1.67,-29.51,,,0,,646512,1477819,,0.0,0.0,37.94,62.06,0.0
2026-07-23,AL-06,house,AL,06,Elizabeth Anderson,Gary Palmer,REP,REP,-30.2,0.0,100.0,Safe R,-31.73,4.91,-30.2,-2.11,-0.72,-34.79,,,0,,15899,1011566,,0.0,0.0,34.9,65.1,0.0
2026-07-23,AL-07,house,AL,07,Terri Sewell,Republican candidate (AL-07),DEM,DEM,31.61,100.0,0.0,Safe D,22.5,4.91,31.61,0.0,4.31,17.99,,,0,,1933864,0,,0.0,0.0,65.8,34.2,0.0
2026-07-23,AR-01,house,AR,01,Terri Green,Rick Crawford,REP,REP,-44.29,0.0,100.0,Safe R,-42.62,4.91,-44.29,-1.62,-4.28,-46.4,,,0,,65149,944302,,0.0,0.0,27.85,72.15,0.0
2026-07-23,AR-02,house,AR,02,Chris Jones,French Hill,REP,REP,-11.14,1.6,98.4,Safe R,-13.42,4.91,-11.14,-0.99,-1.12,-16.22,,,0,,1174414,4421510,,0.0,0.0,44.43,55.57,0.0
2026-07-23,AR-03,house,AR,03,Robb Ryerse,Steve Womack,REP,REP,-27.15,0.0,100.0,Safe R,-23.61,4.91,-27.15,-1.82,-6.29,-25.81,,,0,,120526,1871761,,0.0,0.0,36.42,63.58,0.0
2026-07-23,AR-04,house,AR,04,James Russell,Bruce Westerman,REP,REP,-40.41,0.0,100.0,Safe R,-36.98,4.91,-40.41,-2.88,-4.96,-40.73,,,0,,5853,2562973,,0.0,0.0,29.8,70.2,0.0
2026-07-23,AZ-01,house,AZ,01,Amish Shah,Jay Feely,,REP,4.47,79.0,21.0,Likely D,1.0,4.91,5.12,-0.5,0.0,-3.14,42.71,42.94,2,-0.94,1830193,2525520,,0.0,0.0,51.25,46.87,1.88
2026-07-23,AZ-02,house,AZ,02,Jonathan Nez,Eli Crane,REP,REP,-1.0,34.3,65.7,Lean R,-10.13,4.91,1.22,-0.7,7.81,-15.12,41.0,44.0,1,-6.0,3519760,9481428,,0.0,0.0,49.5,50.5,0.0
2026-07-23,AZ-03,house,AZ,03,Yassamin Ansari,Kirt Burgess,DEM,DEM,60.18,100.0,0.0,Safe D,46.71,4.91,60.18,0.0,6.47,40.31,,,0,,1435713,0,,0.0,0.0,80.09,19.91,0.0
2026-07-23,AZ-04,house,AZ,04,Greg Stanton,Zuhdi Jasser,DEM,DEM,19.68,99.8,0.2,Safe D,10.55,4.91,19.68,0.99,3.02,6.76,,,0,,2117114,564641,,0.0,0.0,59.84,40.16,0.0
2026-07-23,AZ-05,house,AZ,05,Christopher James,Daniel Keenan,,REP,-13.39,0.9,99.1,Safe R,-16.35,4.91,-13.39,-1.75,0.0,-20.19,,,0,,134852,1851302,,0.0,0.0,43.3,56.7,0.0
2026-07-23,AZ-06,house,AZ,06,JoAnna Mendoza,Juan Ciscomani,REP,REP,4.59,79.4,20.6,Likely D,2.46,4.91,5.7,0.13,-1.91,-0.76,46.6,44.6,3,0.1,7354599,6172867,,0.0,0.0,51.19,46.69,2.12
2026-07-23,AZ-07,house,AZ,07,Adelita Grijalva,Daniel Butierez,DEM,DEM,39.1,100.0,0.0,Safe D,28.75,4.91,39.1,1.53,2.05,22.39,,,0,,2285639,224367,,0.0,0.0,69.55,30.45,0.0
2026-07-23,AZ-08,house,AZ,08,Bernadette Greene Placentia,Abraham Hamadeh,REP,REP,-10.12,3.9,96.1,Safe R,-12.85,4.91,-10.12,-1.18,-0.95,-16.48,,,0,,209358,1206361,,0.0,0.0,44.94,55.06,0.0
2026-07-23,AZ-09,house,AZ,09,Danielle Sterbinsky,Paul Gosar,REP,REP,-23.25,0.1,99.9,Safe R,-26.97,4.91,-23.25,-0.33,-1.21,-31.34,,,0,,354383,580042,,0.0,0.0,38.38,61.62,0.0
2026-07-23,CA-01,house,CA,01,Mike McGuire,James Gallagher,REP,DEM,18.97,99.7,0.3,Safe D,15.41,4.91,18.97,0.21,-1.67,12.63,,,0,,1827711,1488906,,0.0,0.0,59.49,40.51,0.0
2026-07-23,CA-02,house,CA,02,Jared Huffman,Robin Littau,DEM,DEM,33.05,100.0,0.0,Safe D,27.79,4.91,33.05,0.0,0.77,25.45,,,0,,978277,0,,0.0,0.0,66.52,33.48,0.0
2026-07-23,CA-03,house,CA,03,Amerish Bera,Robb Tucker,DEM,DEM,20.86,99.8,0.2,Safe D,12.77,4.91,20.86,1.08,2.23,10.55,,,0,,1250126,258139,,0.0,0.0,60.43,39.57,0.0
2026-07-23,CA-04,house,CA,04,Mike Thompson,(no Republican — top-two),DEM,DEM,40.0,100.0,0.0,Safe D,18.24,4.91,26.28,0.0,2.74,14.96,,,0,,4203207,0,,0.0,0.0,100.0,0.0,0.0
2026-07-23,CA-05,house,CA,05,Michael Masuda,Tom McClintock,REP,REP,-18.5,0.3,99.7,Safe R,-18.28,4.91,-18.5,-0.65,-4.77,-21.2,,,0,,361735,928788,,0.0,0.0,40.75,59.25,0.0
2026-07-23,CA-06,house,CA,06,Richard Pan,Kevin Kiley,IND,IND,12.13,98.9,1.1,Safe D,11.21,4.91,12.13,-0.35,-3.7,8.67,,,0,,1098283,2988805,,0.0,0.0,56.06,43.94,0.0
2026-07-23,CA-07,house,CA,07,Doris Matsui,(no Republican — top-two),DEM,DEM,40.0,100.0,0.0,Safe D,16.59,4.91,25.15,0.0,3.51,13.26,,,0,,3192087,0,,0.0,0.0,100.0,0.0,0.0
2026-07-23,CA-08,house,CA,08,John Garamendi,Rudy Recile,DEM,DEM,48.7,100.0,0.0,Safe D,39.14,4.91,48.7,1.66,2.41,35.19,,,0,,489135,8576,,0.0,0.0,74.35,25.65,0.0
2026-07-23,CA-09,house,CA,09,Josh Harder,John McBride,DEM,DEM,30.44,100.0,0.0,Safe D,17.27,4.91,30.44,2.78,4.61,11.8,,,0,,4083528,52178,,0.0,0.0,65.22,34.78,0.0
2026-07-23,CA-10,house,CA,10,Mark DeSaulnier,Jeff Frese,DEM,DEM,42.61,100.0,0.0,Safe D,37.44,4.91,42.61,0.0,0.33,34.75,,,0,,567258,0,,0.0,0.0,71.3,28.7,0.0
2026-07-23,CA-11,house,CA,11,Scott Wiener,(no Republican — top-two),,DEM,40.0,100.0,0.0,Safe D,74.0,4.91,78.6,0.0,0.0,70.62,,,0,,4561120,0,,0.0,0.0,100.0,0.0,0.0
2026-07-23,CA-12,house,CA,12,Lateefah Simon,(no Republican — top-two),DEM,DEM,40.0,100.0,0.0,Safe D,80.74,4.91,87.58,0.0,1.67,77.64,,,0,,1449191,0,,0.0,0.0,100.0,0.0,0.0
2026-07-23,CA-13,house,CA,13,Adam Gray,Kevin Lincoln,DEM,DEM,21.33,99.8,0.2,Safe D,6.84,4.91,21.33,0.46,7.04,0.51,,,0,,4191397,2237084,,0.0,0.0,60.66,39.34,0.0
2026-07-23,CA-14,house,CA,14,Aisha Wahab,(no Republican — top-two),,DEM,40.0,100.0,0.0,Safe D,40.67,4.91,45.7,0.0,0.0,36.2,,,0,,575282,0,,0.0,0.0,100.0,0.0,0.0
2026-07-23,CA-15,house,CA,15,Kevin Mullin,Charles Hoelter,DEM,DEM,57.94,100.0,0.0,Safe D,53.76,4.91,57.94,0.0,-0.99,49.64,,,0,,822012,0,,0.0,0.0,78.97,21.03,0.0
2026-07-23,CA-16,house,CA,16,Sam Liccardo,Peter Sundin Soulé,DEM,DEM,59.35,100.0,0.0,Safe D,52.88,4.91,59.35,0.0,1.67,49.91,,,0,,3489798,0,,0.0,0.0,79.68,20.32,0.0
2026-07-23,CA-17,house,CA,17,Rohit Khanna,Ritesh Tandon,DEM,DEM,48.71,100.0,0.0,Safe D,45.11,4.91,48.71,3.69,-4.76,40.75,,,0,,13761491,37653,,0.0,0.0,74.35,25.65,0.0
2026-07-23,CA-18,house,CA,18,Zoe Lofgren,Shane Lewis,DEM,DEM,43.65,100.0,0.0,Safe D,35.04,4.91,43.65,2.1,-0.49,29.37,,,0,,1721916,60180,,0.0,0.0,71.82,28.18,0.0
2026-07-23,CA-19,house,CA,19,Jimmy Panetta,Peter Verbica,DEM,DEM,49.0,100.0,0.0,Safe D,38.61,4.91,49.92,2.46,3.85,35.64,,,0,,2887610,76324,,0.0,0.0,71.77,24.57,3.66
2026-07-23,CA-20,house,CA,20,Sandra Van Scotter,Vince Fong,REP,REP,-28.89,0.0,100.0,Safe R,-30.36,4.91,-28.89,-2.51,-1.67,-32.98,,,0,,17086,1849356,,0.0,0.0,35.55,64.45,0.0
2026-07-23,CA-21,house,CA,21,Jim Costa,Kyle Kirkland,DEM,DEM,20.61,99.8,0.2,Safe D,11.75,4.91,20.61,0.95,0.92,6.17,,,0,,1337630,338971,,0.0,0.0,60.31,39.69,0.0
2026-07-23,CA-22,house,CA,22,Randy Villegas,David Valadao,REP,REP,5.21,81.6,18.4,Likely D,4.91,4.91,6.89,-0.32,-5.26,-1.86,48.0,44.0,2,1.0,2645560,4927602,,0.0,0.0,52.6,47.4,0.0
2026-07-23,CA-23,house,CA,23,Tessa Lynn Hodge,Jay Obernolte,REP,REP,-16.67,0.5,99.5,Safe R,-16.78,4.91,-16.67,-1.89,-3.99,-19.9,,,0,,79499,1455868,,0.0,0.0,41.67,58.33,0.0
2026-07-23,CA-24,house,CA,24,Salud Carbajal,Robert Smith,DEM,DEM,36.36,100.0,0.0,Safe D,28.16,4.91,36.36,1.43,1.13,25.76,,,0,,1650355,203264,,0.0,0.0,68.18,31.82,0.0
2026-07-23,CA-25,house,CA,25,Raul Ruiz,Joe Males,DEM,DEM,19.46,99.7,0.3,Safe D,10.38,4.91,19.46,0.58,1.67,5.97,,,0,,2093907,936496,,0.0,0.0,59.73,40.27,0.0
2026-07-23,CA-26,house,CA,26,Jacqui Irwin,Samuel Gallucci,,DEM,25.53,99.9,0.1,Safe D,19.03,4.91,25.53,0.63,0.0,15.73,,,0,,822382,377078,,0.0,0.0,62.76,37.24,0.0
2026-07-23,CA-27,house,CA,27,George Whitesides,Jason Gibbs,DEM,DEM,26.53,100.0,0.0,Safe D,14.16,4.91,26.53,1.74,4.43,10.06,,,0,,3963530,379440,,0.0,0.0,63.27,36.73,0.0
2026-07-23,CA-28,house,CA,28,Judy Chu,April Verlato,DEM,DEM,39.49,100.0,0.0,Safe D,29.75,4.91,39.49,2.23,2.3,26.17,,,0,,930123,250,,0.0,0.0,69.74,30.26,0.0
2026-07-23,CA-29,house,CA,29,Luz Rivas,(no Republican — top-two),DEM,DEM,40.0,100.0,0.0,Safe D,41.31,4.91,53.05,0.0,4.75,34.71,,,0,,670678,0,,0.0,0.0,100.0,0.0,0.0
2026-07-23,CA-30,house,CA,30,Laura Friedman,Scott Alan Meyers,DEM,DEM,51.39,100.0,0.0,Safe D,44.76,4.91,51.39,1.57,0.0,41.41,,,0,,827895,58294,,0.0,0.0,75.69,24.31,0.0
2026-07-23,CA-31,house,CA,31,Gilbert Cisneros,Eric Ching,DEM,DEM,15.76,99.4,0.6,Safe D,17.84,4.91,15.76,1.31,-10.02,12.61,,,0,,705263,81571,,0.0,0.0,57.88,42.12,0.0
2026-07-23,CA-32,house,CA,32,Brad Sherman,Larry Thompson,DEM,DEM,39.24,100.0,0.0,Safe D,29.87,4.91,39.24,2.65,1.61,25.76,,,0,,2514330,34316,,0.0,0.0,69.62,30.38,0.0
2026-07-23,CA-33,house,CA,33,Pete Aguilar,Stephanie Vargas,DEM,DEM,28.08,100.0,0.0,Safe D,16.22,4.91,28.08,0.0,4.9,10.12,,,0,,4722835,0,,0.0,0.0,64.04,35.96,0.0
2026-07-23,CA-34,house,CA,34,Jimmy Gomez,(no Republican — top-two),DEM,DEM,40.0,100.0,0.0,Safe D,58.78,4.91,67.49,0.0,1.67,53.04,,,0,,1175128,0,,0.0,0.0,100.0,0.0,0.0
2026-07-23,CA-35,house,CA,35,Norma Torres,Mike Cargile,DEM,DEM,25.99,100.0,0.0,Safe D,14.05,4.91,25.99,2.03,3.11,8.0,,,0,,769061,4759,,0.0,0.0,62.99,37.01,0.0
2026-07-23,CA-36,house,CA,36,Ted Lieu,Houston Brignano,DEM,DEM,50.77,100.0,0.0,Safe D,43.37,4.91,50.77,2.66,0.02,40.42,,,0,,1832769,5139,,0.0,0.0,75.38,24.62,0.0
2026-07-23,CA-37,house,CA,37,Sydney Kamlager-Dove,(no Republican — top-two),DEM,DEM,40.0,100.0,0.0,Safe D,67.78,4.91,76.26,0.0,1.67,62.31,,,0,,1150468,0,,0.0,0.0,100.0,0.0,0.0
2026-07-23,CA-38,house,CA,38,Hilda Solis,Pedro Casas,,DEM,25.7,99.9,0.1,Safe D,18.92,4.91,25.7,0.0,0.0,12.8,,,0,,1049534,0,,0.0,0.0,62.85,37.15,0.0
2026-07-23,CA-39,house,CA,39,Mark Takano,Steve Manos,DEM,DEM,25.01,99.9,0.1,Safe D,15.94,4.91,25.01,0.0,2.05,9.85,,,0,,893848,0,,0.0,0.0,62.51,37.49,0.0
2026-07-23,CA-40,house,CA,40,(no Democrat — top-two),Ken Calvert,REP,REP,-40.0,0.0,100.0,Safe R,-10.28,4.91,-5.01,0.0,-0.16,-12.6,,,0,,0,6142469,,0.0,0.0,0.0,100.0,0.0
2026-07-23,CA-41,house,CA,41,Linda Sanchez,Mitch Clemmons,DEM,DEM,30.84,100.0,0.0,Safe D,19.48,4.91,30.84,2.64,1.82,14.61,,,0,,1602790,1709,,0.0,0.0,65.42,34.58,0.0
2026-07-23,CA-42,house,CA,42,Robert Garcia,Brian Burley,DEM,DEM,25.94,100.0,0.0,Safe D,16.72,4.91,25.94,1.69,2.11,13.57,,,0,,2615120,231371,,0.0,0.0,62.97,37.03,0.0
2026-07-23,CA-43,house,CA,43,Maxine Waters,Cristian Morales,DEM,DEM,63.15,100.0,0.0,Safe D,56.69,4.91,63.15,0.0,-0.56,50.59,,,0,,863683,0,,0.0,0.0,81.58,18.42,0.0
2026-07-23,CA-44,house,CA,44,Nanette Barragan,Genevieve Angel,DEM,DEM,58.59,100.0,0.0,Safe D,43.46,4.91,58.59,1.93,5.72,36.32,,,0,,785765,13898,,0.0,0.0,79.29,20.71,0.0
2026-07-23,CA-45,house,CA,45,Derek Tran,Chuong Vo,DEM,DEM,19.97,99.8,0.2,Safe D,8.16,4.91,19.97,1.39,4.91,4.07,,,0,,4981277,756510,,0.0,0.0,59.98,40.02,0.0
2026-07-23,CA-46,house,CA,46,Lou Correa,David Pan,DEM,DEM,39.09,100.0,0.0,Safe D,21.92,4.91,39.09,1.73,8.5,16.7,,,0,,1226104,80726,,0.0,0.0,69.54,30.46,0.0
2026-07-23,CA-47,house,CA,47,Dave Min,Jenny Rae Le Roux,DEM,DEM,22.9,99.9,0.1,Safe D,13.25,4.91,22.18,1.61,2.57,10.47,,,0,,3381161,375883,,0.0,0.0,59.23,37.16,3.61
2026-07-23,CA-48,house,CA,48,Marni von Wilpert,Jim Desmond,,DEM,11.44,98.7,1.3,Safe D,5.54,4.91,11.44,0.13,0.0,3.52,,,0,,2174872,2258836,,0.0,0.0,55.72,44.28,0.0
2026-07-23,CA-49,house,CA,49,Mike Levin,Armen Kurdian,DEM,DEM,21.63,99.8,0.2,Safe D,14.45,4.91,21.63,2.54,-0.29,12.48,,,0,,3164023,58784,,0.0,0.0,60.82,39.18,0.0
2026-07-23,CA-50,house,CA,50,Scott Peters,Steve Cohen,DEM,DEM,25.91,100.0,0.0,Safe D,20.7,4.91,25.91,0.0,0.44,18.83,,,0,,1810961,0,,0.0,0.0,62.95,37.05,0.0
2026-07-23,CA-51,house,CA,51,Sara Jacobs,Ricardo Cabrera,DEM,DEM,27.14,100.0,0.0,Safe D,21.35,4.91,27.14,0.0,0.56,18.79,,,0,,1639893,0,,0.0,0.0,63.57,36.43,0.0
2026-07-23,CA-52,house,CA,52,Juan Vargas,Jeff Belle,DEM,DEM,39.39,100.0,0.0,Safe D,24.43,4.91,39.39,1.58,6.46,18.06,,,0,,568520,25498,,0.0,0.0,69.69,30.31,0.0
2026-07-23,CO-01,house,CO,01,Melat Kiros,Christy Peterson,,DEM,69.07,100.0,0.0,Safe D,62.63,4.91,69.07,1.19,0.0,57.61,,,0,,1091198,2057,,0.0,0.0,84.53,15.47,0.0
2026-07-23,CO-02,house,CO,02,Joe Neguse,Kelley Dennison,DEM,DEM,51.56,100.0,0.0,Safe D,44.37,4.91,51.56,0.0,2.69,40.92,,,0,,2742281,0,,0.0,0.0,75.78,24.22,0.0
2026-07-23,CO-03,house,CO,03,Dwayne Romero,Jeffrey Hurd,REP,REP,-2.87,27.0,73.0,Lean R,-6.09,4.91,-2.14,-1.17,0.11,-9.98,37.0,47.0,1,-7.0,716276,3552599,,0.0,0.0,48.57,51.43,0.0
2026-07-23,CO-04,house,CO,04,Eileen Laubacher,Lauren Boebert,REP,REP,-5.92,16.0,84.0,Likely R,-15.59,4.91,-5.92,1.71,3.47,-18.71,,,0,,10349940,1010297,,0.0,0.0,47.04,52.96,0.0
2026-07-23,CO-05,house,CO,05,Jessica Killin,Jeff Crank,REP,REP,-7.53,10.9,89.1,Likely R,-6.64,4.91,-7.8,0.27,-6.17,-9.34,40.0,43.0,1,-6.0,3143744,2177288,,0.0,0.0,46.23,53.77,0.0
2026-07-23,CO-06,house,CO,06,Jason Crow,Khaleb Dammen,DEM,DEM,32.41,100.0,0.0,Safe D,24.64,4.91,32.41,0.0,2.76,20.36,,,0,,3177447,0,,0.0,0.0,66.21,33.79,0.0
2026-07-23,CO-07,house,CO,07,Brittany Pettersen,Amanda Capobianco,DEM,DEM,25.95,100.0,0.0,Safe D,18.37,4.91,25.95,0.0,3.03,15.41,,,0,,1866765,0,,0.0,0.0,62.98,37.02,0.0
2026-07-23,CO-08,house,CO,08,Manny Rutinel,Gabe Evans,REP,REP,7.3,88.4,11.6,Likely D,3.28,4.91,7.3,0.02,-1.67,-1.88,,,0,,4336988,5393673,,0.0,0.0,53.65,46.35,0.0
2026-07-23,CT-01,house,CT,01,John Larson,Amy Chai,DEM,DEM,36.4,100.0,0.0,Safe D,25.09,4.91,36.4,2.93,3.47,23.27,,,0,,2460386,840,,0.0,0.0,68.2,31.8,0.0
2026-07-23,CT-02,house,CT,02,Joe Courtney,Mike France,DEM,DEM,26.88,100.0,0.0,Safe D,9.03,4.91,26.88,1.43,12.1,7.86,,,0,,760424,70790,,0.0,0.0,63.44,36.56,0.0
2026-07-23,CT-03,house,CT,03,Rosa Delauro,Christopher Lancia,DEM,DEM,27.92,100.0,0.0,Safe D,16.16,4.91,27.92,2.19,4.74,14.34,,,0,,1152007,14649,,0.0,0.0,63.96,36.04,0.0
2026-07-23,CT-04,house,CT,04,Jim Himes,Michael Goldstein,DEM,DEM,34.42,100.0,0.0,Safe D,26.07,4.91,34.42,2.06,1.17,23.73,,,0,,1379560,42112,,0.0,0.0,67.21,32.79,0.0
2026-07-23,CT-05,house,CT,05,Jahana Hayes,Michele Botelho,DEM,DEM,14.83,99.3,0.7,Safe D,7.31,4.91,14.83,1.9,0.67,5.68,,,0,,1290078,56497,,0.0,0.0,57.42,42.58,0.0
2026-07-23,DE-01,house,DE,01,Sarah McBride,Donyale Hall,DEM,DEM,30.39,100.0,0.0,Safe D,17.98,4.91,30.39,3.4,4.39,14.84,,,0,,4659086,769,,0.0,0.0,65.2,34.8,0.0
2026-07-23,FL-01,house,FL,01,Marcel Davis,Jimmy Patronis,REP,REP,-31.12,0.0,100.0,Safe R,-33.83,4.91,-31.12,0.0,-1.67,-37.53,,,0,,0,3603374,,0.0,0.0,34.44,65.56,0.0
2026-07-23,FL-02,house,FL,02,Nicholas Zateslo,Keith Gross,,REP,-11.33,1.3,98.7,Safe R,-13.53,4.91,-11.33,-2.31,0.0,-18.33,,,0,,440861,10654949,,0.0,0.0,44.33,55.67,0.0
2026-07-23,FL-03,house,FL,03,Seth Harp,Kat Cammack,REP,REP,-17.66,0.4,99.6,Safe R,-16.51,4.91,-17.66,-2.37,-3.43,-21.26,,,0,,32195,1886103,,0.0,0.0,41.17,58.83,0.0
2026-07-23,FL-04,house,FL,04,Michael Kirwan,Aaron Bean,REP,REP,-7.2,11.9,88.1,Likely R,-7.9,4.91,-7.2,-0.74,-3.29,-11.96,,,0,,719152,2001447,,0.0,0.0,46.4,53.6,0.0
2026-07-23,FL-05,house,FL,05,Rachel Grage,John Rutherford,REP,REP,-18.12,0.3,99.7,Safe R,-17.71,4.91,-18.12,-0.69,-4.34,-21.69,,,0,,248286,696207,,0.0,0.0,40.94,59.06,0.0
2026-07-23,FL-06,house,FL,06,Democratic candidate (FL-06),Randy Fine,REP,REP,-22.79,0.1,99.9,Safe R,-25.65,4.91,-22.79,0.0,-1.67,-30.31,,,0,,0,4236072,,0.0,0.0,38.61,61.39,0.0
2026-07-23,FL-07,house,FL,07,Bale Dalton,Cory Mills,REP,REP,-4.47,21.1,78.9,Likely R,-7.96,4.91,-5.42,0.25,-2.73,-12.62,41.0,39.0,1,-1.0,1201455,864851,,0.0,0.0,47.77,52.23,0.0
2026-07-23,FL-08,house,FL,08,Jennifer Jenkins,Mike Haridopolos,REP,REP,-9.72,4.9,95.1,Safe R,-12.16,4.91,-9.72,-0.65,-1.67,-16.4,,,0,,697539,1718546,,0.0,0.0,45.14,54.86,0.0
2026-07-23,FL-09,house,FL,09,Darren Soto,Thomas Chalifoux,DEM,DEM,2.7,72.3,27.7,Lean D,-11.73,4.91,2.7,-0.34,8.83,-17.93,,,0,,1973450,3127529,,0.0,0.0,51.35,48.65,0.0
2026-07-23,FL-10,house,FL,10,Maxwell Frost,Stuart Farber,DEM,DEM,37.8,100.0,0.0,Safe D,29.81,4.91,37.8,0.0,2.11,24.29,,,0,,3373929,0,,0.0,0.0,68.9,31.1,0.0
2026-07-23,FL-11,house,FL,11,Barbie Harden Hall,Carey Baker,,REP,-8.01,9.5,90.5,Likely R,-11.44,4.91,-8.01,-0.81,-0.83,-15.84,,,0,,23989,167570,,0.0,0.0,46.0,54.0,0.0
2026-07-23,FL-12,house,FL,12,Christopher Irizarry,Gus Bilirakis,REP,REP,-11.1,1.6,98.4,Safe R,-9.95,4.91,-11.1,0.0,-6.47,-15.55,,,0,,0,1489323,,0.0,0.0,44.45,55.55,0.0
2026-07-23,FL-13,house,FL,13,Leela Gray,Anna Paulina Luna,REP,REP,-5.56,17.2,82.8,Likely R,-9.1,4.91,-5.72,-0.74,-0.35,-13.46,39.0,41.0,1,-5.0,1084672,2988238,,0.0,0.0,47.22,52.78,0.0
2026-07-23,FL-14,house,FL,14,Kathy Castor,John Peters,DEM,DEM,6.83,87.0,13.0,Likely D,-5.81,4.91,6.83,1.67,5.55,-10.62,,,0,,1954817,166022,,0.0,0.0,53.42,46.58,0.0
2026-07-23,FL-15,house,FL,15,Darren McAuley,Laurel Lee,REP,REP,-13.46,0.9,99.1,Safe R,-14.63,4.91,-13.46,0.0,-3.69,-20.09,,,0,,0,2289998,,0.0,0.0,43.27,56.73,0.0
2026-07-23,FL-16,house,FL,16,Kelly Kirschner,Sydney Gruters,,REP,-5.11,18.8,81.2,Likely R,-8.68,4.91,-5.11,-1.15,0.0,-13.81,,,0,,223280,971068,,0.0,0.0,47.44,52.56,0.0
2026-07-23,FL-17,house,FL,17,Matthew Montavon,Greg Steube,REP,REP,-18.73,0.3,99.7,Safe R,-17.19,4.91,-18.73,-1.69,-4.39,-22.24,,,0,,90660,1285468,,0.0,0.0,40.63,59.37,0.0
2026-07-23,FL-18,house,FL,18,Tiffanie Luong,Scott Franklin,REP,REP,-9.51,5.4,94.6,Likely R,-12.25,4.91,-9.51,0.0,-2.65,-17.1,,,0,,0,827754,,0.0,0.0,45.24,54.76,0.0
2026-07-23,FL-19,house,FL,19,Howard Sapp,Madison Cawthorn,,REP,-22.12,0.1,99.9,Safe R,-25.43,4.91,-22.12,-1.64,0.0,-30.42,,,0,,52432,861654,,0.0,0.0,38.94,61.06,0.0
2026-07-23,FL-20,house,FL,20,Elijah Manley,Rodenay Joseph,,DEM,50.9,100.0,0.0,Safe D,43.67,4.91,50.9,1.49,0.0,37.5,,,0,,955386,88417,,0.0,0.0,75.45,24.55,0.0
2026-07-23,FL-21,house,FL,21,Adam Aarons,Brian Mast,REP,REP,-13.11,0.9,99.1,Safe R,-11.49,4.91,-13.11,0.0,-6.47,-16.36,,,0,,0,4090032,,0.0,0.0,43.44,56.56,0.0
2026-07-23,FL-22,house,FL,22,Pia Dandiya,Michael Carbonara,,REP,1.13,66.2,33.8,Lean D,-3.84,4.91,1.13,-0.76,0.0,-10.6,,,0,,2095603,5867349,,0.0,0.0,50.57,49.43,0.0
2026-07-23,FL-23,house,FL,23,Lois Frankel,Raven Harrison,DEM,DEM,29.56,100.0,0.0,Safe D,20.57,4.91,29.56,0.0,3.42,13.94,,,0,,2215066,0,,0.0,0.0,64.78,35.22,0.0
2026-07-23,FL-24,house,FL,24,Shevrin Jones,Patricia Gonzalez,,DEM,55.6,100.0,0.0,Safe D,47.68,4.91,55.6,1.23,0.0,39.08,,,0,,148029,1333,,0.0,0.0,77.8,22.2,0.0
2026-07-23,FL-25,house,FL,25,Jared Moskowitz,Scott Singer,DEM,DEM,6.77,86.8,13.2,Likely D,-2.04,4.91,6.31,0.19,2.65,-9.22,47.36,36.17,2,8.19,2657093,1994943,,0.0,0.0,53.39,46.61,0.0
2026-07-23,FL-26,house,FL,26,Yurina Gil,Mario Diaz-Balart,REP,REP,-11.97,1.2,98.8,Safe R,-9.46,4.91,-11.97,-2.32,-8.17,-18.5,,,0,,38588,1902246,,0.0,0.0,44.01,55.99,0.0
2026-07-23,FL-27,house,FL,27,Richard Lamondin,Maria Salazar,REP,REP,-7.15,12.0,88.0,Likely R,-6.62,4.91,-6.47,-0.69,-7.1,-14.7,34.0,45.0,1,-11.0,743712,1951030,,0.0,0.0,46.43,53.57,0.0
2026-07-23,FL-28,house,FL,28,Phil Ehr,Carlos Gimenez,REP,REP,-14.45,0.7,99.3,Safe R,-16.1,4.91,-16.3,-0.2,-7.91,-25.63,41.0,45.0,1,-4.0,424189,567482,,0.0,0.0,42.77,57.23,0.0
2026-07-23,GA-01,house,GA,01,Amanda Hollowell,James Kingston,,REP,-8.75,7.4,92.6,Likely R,-11.45,4.91,-8.75,-1.91,0.0,-15.92,,,0,,162500,1944528,,0.0,0.0,45.63,54.37,0.0
2026-07-23,GA-02,house,GA,02,Sanford Bishop,Matt Day,DEM,DEM,24.1,99.9,0.1,Safe D,12.41,4.91,24.1,1.36,5.49,7.66,,,0,,1126530,142715,,0.0,0.0,62.05,37.95,0.0
2026-07-23,GA-03,house,GA,03,Maura Keller,Brian Jack,REP,REP,-29.31,0.0,100.0,Safe R,-26.35,4.91,-29.31,-1.75,-5.67,-29.88,,,0,,150514,2009763,,0.0,0.0,35.35,64.65,0.0
2026-07-23,GA-04,house,GA,04,Henry Johnson,Jim Duffie,DEM,DEM,65.2,100.0,0.0,Safe D,58.41,4.91,65.2,0.0,1.33,53.04,,,0,,402315,0,,0.0,0.0,82.6,17.4,0.0
2026-07-23,GA-05,house,GA,05,Nikema Williams,Republican candidate (GA-05),DEM,DEM,83.65,100.0,0.0,Safe D,76.81,4.91,83.65,0.0,1.79,72.33,,,0,,599715,0,,0.0,0.0,91.83,8.17,0.0
2026-07-23,GA-06,house,GA,06,Lucia McBath,Kevin Martin,DEM,DEM,62.95,100.0,0.0,Safe D,53.94,4.91,62.95,2.07,1.78,50.34,,,0,,896856,10320,,0.0,0.0,81.48,18.52,0.0
2026-07-23,GA-07,house,GA,07,Haiden Moburg,Rich McCormick,REP,REP,-20.07,0.2,99.8,Safe R,-18.33,4.91,-20.07,0.0,-6.18,-22.27,,,0,,0,1642413,,0.0,0.0,39.96,60.04,0.0
2026-07-23,GA-08,house,GA,08,James Cooper,Austin Scott,REP,REP,-29.93,0.0,100.0,Safe R,-26.17,4.91,-29.93,-2.36,-6.01,-30.76,,,0,,123,1124952,,0.0,0.0,35.04,64.96,0.0
2026-07-23,GA-09,house,GA,09,Nicholas Alex,Andrew Clyde,REP,REP,-30.22,0.0,100.0,Safe R,-30.49,4.91,-30.22,-0.9,-3.57,-34.33,,,0,,155052,671072,,0.0,0.0,34.89,65.11,0.0
2026-07-23,GA-10,house,GA,10,Pamela DeLancy,Houston Gaines,,REP,-16.39,0.5,99.5,Safe R,-17.43,4.91,-16.39,-2.86,-0.63,-20.93,,,0,,23080,2303880,,0.0,0.0,41.8,58.2,0.0
2026-07-23,GA-11,house,GA,11,Chris Harden,John Cowan,,REP,-17.49,0.4,99.6,Safe R,-19.86,4.91,-17.49,-2.21,0.0,-23.52,,,0,,76330,2347796,,0.0,0.0,41.25,58.75,0.0
2026-07-23,GA-12,house,GA,12,Ceretta Smith,Rick Allen,REP,REP,-11.83,1.2,98.8,Safe R,-9.32,4.91,-11.83,-1.96,-5.19,-14.2,,,0,,26696,993220,,0.0,0.0,44.09,55.91,0.0
2026-07-23,GA-13,house,GA,13,Jasmine Clark,Jonathan Chavez,,DEM,50.74,100.0,0.0,Safe D,45.56,4.91,50.74,0.0,-0.08,42.65,,,0,,1619079,0,,0.0,0.0,75.37,24.63,0.0
2026-07-23,GA-14,house,GA,14,Shawn Harris,Clay Fuller,REP,REP,-21.88,0.1,99.9,Safe R,-33.77,4.91,-21.88,0.62,6.73,-37.03,,,0,,8098514,1846892,,0.0,0.0,39.06,60.94,0.0
2026-07-23,HI-01,house,HI,01,Ed Case,Maxwell Frazier,DEM,DEM,47.67,100.0,0.0,Safe D,28.97,4.91,47.67,0.0,14.37,25.17,,,0,,1038814,0,,0.0,0.0,73.83,26.17,0.0
2026-07-23,HI-02,house,HI,02,Jill Tokuda,Brenton Awa,DEM,DEM,43.17,100.0,0.0,Safe D,26.69,4.91,43.17,1.2,10.72,22.06,,,0,,801957,122390,,0.0,0.0,71.59,28.41,0.0
2026-07-23,IA-01,house,IA,01,Christina Bohannan,Mariannette Miller-Meeks,REP,REP,11.01,98.2,1.8,Safe D,-0.86,4.91,13.39,-0.01,10.1,-8.59,42.5,42.0,1,-2.5,7051745,7208271,,0.0,0.0,55.5,44.5,0.0
2026-07-23,IA-02,house,IA,02,Lindsay James,Joe Mitchell,,REP,1.35,67.1,32.9,Lean D,-2.41,4.91,1.59,-0.08,0.0,-10.13,36.0,33.0,1,0.0,1628201,1938593,,0.0,0.0,50.67,49.33,0.0
2026-07-23,IA-03,house,IA,03,Sarah Trone Garriott,Zach Nunn,REP,REP,4.8,80.2,19.8,Likely D,2.69,4.91,5.99,0.06,-1.03,-4.46,42.61,45.83,2,-0.48,5293773,4869249,,0.0,0.0,52.4,47.6,0.0
2026-07-23,IA-04,house,IA,04,Dave Dawson,Chris McGowan,,REP,-21.18,0.2,99.8,Safe R,-24.39,4.91,-21.18,-1.08,0.0,-31.9,,,0,,135722,679844,,0.0,0.0,39.41,60.59,0.0
2026-07-23,ID-01,house,ID,01,Kaylee Peterson,Russ Fulcher,REP,REP,-44.53,0.0,100.0,Safe R,-46.74,4.91,-44.53,-0.84,-1.29,-46.2,,,0,,181024,662615,,0.0,0.0,27.74,72.26,0.0
2026-07-23,ID-02,house,ID,02,Elinor Gilbreath,Mike Simpson,REP,REP,-31.16,0.0,100.0,Safe R,-28.93,4.91,-31.16,-1.51,-5.22,-27.56,,,0,,106892,1118093,,0.0,0.0,34.42,65.58,0.0
2026-07-23,IL-01,house,IL,01,Jonathan Jackson,Christian Maxwell,DEM,DEM,46.2,100.0,0.0,Safe D,39.2,4.91,46.2,1.1,0.87,32.27,,,0,,418350,58502,,0.0,0.0,73.1,26.9,0.0
2026-07-23,IL-02,house,IL,02,Donna Miller,Calvin Coleman,,DEM,47.76,100.0,0.0,Safe D,39.34,4.91,47.76,3.15,0.0,33.6,,,0,,2452894,7994,,0.0,0.0,73.88,26.12,0.0
2026-07-23,IL-03,house,IL,03,Delia Ramirez,Angel Oakley,DEM,DEM,50.11,100.0,0.0,Safe D,38.54,4.91,50.11,2.45,2.93,31.81,,,0,,1465280,8080,,0.0,0.0,75.06,24.94,0.0
2026-07-23,IL-04,house,IL,04,Patty Garcia,Lupe Castillo,,DEM,44.77,100.0,0.0,Safe D,37.63,4.91,44.77,0.0,0.0,28.79,,,0,,358667,0,,0.0,0.0,72.38,27.62,0.0
2026-07-23,IL-05,house,IL,05,Mike Quigley,Tom Hanson,DEM,DEM,48.4,100.0,0.0,Safe D,42.06,4.91,48.4,0.0,1.88,37.55,,,0,,725695,0,,0.0,0.0,74.2,25.8,0.0
2026-07-23,IL-06,house,IL,06,Sean Casten,Niki Conforti,DEM,DEM,19.8,99.8,0.2,Safe D,10.58,4.91,19.8,1.34,3.32,5.67,,,0,,2108920,313038,,0.0,0.0,59.9,40.1,0.0
2026-07-23,IL-07,house,IL,07,La Shawn Ford,Chad Koppie,,DEM,75.35,100.0,0.0,Safe D,72.24,4.91,75.35,-0.15,-1.95,66.13,,,0,,722009,55451,,0.0,0.0,87.67,12.33,0.0
2026-07-23,IL-08,house,IL,08,Melissa Bean,Jennifer Davis,,DEM,18.78,99.7,0.3,Safe D,12.99,4.91,18.78,0.8,0.0,7.01,,,0,,2071076,1476009,,0.0,0.0,59.39,40.61,0.0
2026-07-23,IL-09,house,IL,09,Daniel Biss,John Elleson,,DEM,46.84,100.0,0.0,Safe D,42.25,4.91,46.84,0.0,0.0,37.04,,,0,,2946675,0,,0.0,0.0,73.42,26.58,0.0
2026-07-23,IL-10,house,IL,10,Bradley Schneider,Republican candidate (IL-10),DEM,DEM,33.0,100.0,0.0,Safe D,26.93,4.91,33.0,0.0,1.01,22.34,,,0,,3006862,0,,0.0,0.0,66.5,33.5,0.0
2026-07-23,IL-11,house,IL,11,Bill Foster,Jeffrey Walter,DEM,DEM,24.49,99.9,0.1,Safe D,16.02,4.91,24.49,1.37,2.3,11.6,,,0,,2180937,311439,,0.0,0.0,62.25,37.75,0.0
2026-07-23,IL-12,house,IL,12,Julie Fortier,Mike Bost,REP,REP,-42.11,0.0,100.0,Safe R,-40.37,4.91,-42.11,-1.73,-4.05,-44.13,,,0,,88060,1327225,,0.0,0.0,28.95,71.05,0.0
2026-07-23,IL-13,house,IL,13,Nikki Budzinski,Jeff Wilson,DEM,DEM,26.66,100.0,0.0,Safe D,14.37,4.91,26.66,1.67,6.25,10.63,,,0,,2885018,267865,,0.0,0.0,63.33,36.67,0.0
2026-07-23,IL-14,house,IL,14,Lauren Underwood,James Marter,DEM,DEM,23.15,99.9,0.1,Safe D,10.41,4.91,23.15,1.92,5.77,5.26,,,0,,2417082,140848,,0.0,0.0,61.57,38.43,0.0
2026-07-23,IL-15,house,IL,15,Jennifer Todd,Mary Miller,REP,REP,-35.86,0.0,100.0,Safe R,-36.65,4.91,-35.86,-1.56,-1.67,-40.5,,,0,,122996,1331399,,0.0,0.0,32.07,67.93,0.0
2026-07-23,IL-16,house,IL,16,Paul Nolley,Darin LaHood,REP,REP,-18.43,0.3,99.7,Safe R,-19.36,4.91,-18.43,-1.56,-1.67,-23.07,,,0,,415748,3672739,,0.0,0.0,40.78,59.22,0.0
2026-07-23,IL-17,house,IL,17,Eric Sorensen,Dillan Vancil,DEM,DEM,20.06,99.8,0.2,Safe D,9.27,4.91,20.06,1.39,4.85,4.81,,,0,,2233676,308832,,0.0,0.0,60.03,39.97,0.0
2026-07-23,IN-01,house,IN,01,Frank Mrvan,Barb Regnitz,DEM,DEM,14.45,99.3,0.7,Safe D,2.9,4.91,14.45,0.0,6.67,0.4,,,0,,2386268,2376256,,0.0,0.0,57.23,42.77,0.0
2026-07-23,IN-02,house,IN,02,Jamee Decio,Rudy Yakym,REP,REP,-26.28,0.0,100.0,Safe R,-26.05,4.91,-26.28,-1.93,-2.73,-26.92,,,0,,355589,5246030,,0.0,0.0,36.86,63.14,0.0
2026-07-23,IN-03,house,IN,03,Kelly Thompson,Marlin Stutzman,REP,REP,-30.31,0.0,100.0,Safe R,-31.69,4.91,-30.31,-1.17,-1.67,-31.73,,,0,,136340,839565,,0.0,0.0,34.85,65.15,0.0
2026-07-23,IN-04,house,IN,04,Joseph MacKey,Jim Baird,REP,REP,-31.02,0.0,100.0,Safe R,-30.19,4.91,-31.02,-1.14,-3.91,-29.88,,,0,,11234,358293,,0.0,0.0,34.49,65.51,0.0
2026-07-23,IN-05,house,IN,05,James Ford,Victoria Spartz,REP,REP,-15.85,0.6,99.4,Safe R,-17.4,4.91,-15.85,-0.58,-2.0,-17.13,,,0,,582087,1327228,,0.0,0.0,42.07,57.93,0.0
2026-07-23,IN-06,house,IN,06,Cynthia Wirth,Jefferson Shreve,REP,REP,-35.11,0.0,100.0,Safe R,-33.34,4.91,-35.11,-2.51,-3.38,-33.1,,,0,,37046,2426805,,0.0,0.0,32.44,67.56,0.0
2026-07-23,IN-07,house,IN,07,Andre Carson,Felipe Rios,DEM,DEM,48.42,100.0,0.0,Safe D,42.2,4.91,48.42,0.0,1.24,42.16,,,0,,1006177,0,,0.0,0.0,74.21,25.79,0.0
2026-07-23,IN-08,house,IN,08,Mary Allen,Mark Messmer,REP,REP,-37.99,0.0,100.0,Safe R,-35.75,4.91,-37.99,-0.95,-5.33,-36.49,,,0,,294502,1171366,,0.0,0.0,31.0,69.0,0.0
2026-07-23,IN-09,house,IN,09,James Graham,Erin Houchin,REP,REP,-30.16,0.0,100.0,Safe R,-29.74,4.91,-30.16,-1.78,-2.69,-30.39,,,0,,128179,1856572,,0.0,0.0,34.92,65.08,0.0
2026-07-23,KS-01,house,KS,01,Kenneth McRoberts,Tracey Mann,REP,REP,-32.38,0.0,100.0,Safe R,-29.84,4.91,-32.38,-1.71,-5.4,-31.85,,,0,,105413,1467439,,0.0,0.0,33.81,66.19,0.0
2026-07-23,KS-02,house,KS,02,Don Coover,Derek Schmidt,REP,REP,-18.56,0.3,99.7,Safe R,-17.41,4.91,-18.56,-0.47,-5.18,-20.06,,,0,,727521,1404518,,0.0,0.0,40.72,59.28,0.0
2026-07-23,KS-03,house,KS,03,Sharice Davids,Chase LaPorte,DEM,DEM,17.22,99.6,0.4,Safe D,5.56,4.91,17.22,0.0,7.29,4.17,,,0,,3594654,0,,0.0,0.0,58.61,41.39,0.0
2026-07-23,KS-04,house,KS,04,Chris Carmichael,Ron Estes,REP,REP,-24.53,0.1,99.9,Safe R,-21.79,4.91,-24.53,-1.94,-5.29,-23.7,,,0,,93010,1841348,,0.0,0.0,37.74,62.26,0.0
2026-07-23,KY-01,house,KY,01,Drew Williams,James Comer,REP,REP,-46.58,0.0,100.0,Safe R,-46.36,4.91,-46.58,-1.84,-2.5,-47.91,,,0,,118755,1899533,,0.0,0.0,26.71,73.29,0.0
2026-07-23,KY-02,house,KY,02,Megan Wingfield,Brett Guthrie,REP,REP,-44.26,0.0,100.0,Safe R,-40.46,4.91,-44.26,-3.32,-4.58,-41.93,,,0,,7539,4707593,,0.0,0.0,27.87,72.13,0.0
2026-07-23,KY-03,house,KY,03,Morgan McGarvey,Maria Rodriguez,DEM,DEM,32.7,100.0,0.0,Safe D,20.29,4.91,32.7,2.21,5.67,19.27,,,0,,1633684,38069,,0.0,0.0,66.35,33.65,0.0
2026-07-23,KY-04,house,KY,04,Melissa Strange,Ed Gallrein,,REP,-31.62,0.0,100.0,Safe R,-35.24,4.91,-31.62,-0.46,0.0,-36.16,,,0,,94464,3567324,,0.0,0.0,34.19,65.81,0.0
2026-07-23,KY-05,house,KY,05,Ned Pillersdorf,Harold Rogers,REP,REP,-61.78,0.0,100.0,Safe R,-63.02,4.91,-61.78,-1.02,-1.67,-64.67,,,0,,182256,849758,,0.0,0.0,19.11,80.89,0.0
2026-07-23,KY-06,house,KY,06,Zach Dembo,Ralph Alvarado,,REP,-7.7,10.4,89.6,Likely R,-14.22,4.91,-9.99,-0.01,0.0,-15.31,37.16,37.4,2,-3.24,1463855,1521813,,0.0,0.0,46.15,53.85,0.0
2026-07-23,LA-01,house,LA,01,Lauren Jewett,Steve Scalise,REP,REP,-47.49,0.0,100.0,Safe R,-39.96,4.91,-47.49,-3.08,-9.01,-39.08,,,0,,126085,10590473,,0.0,0.0,26.26,73.74,0.0
2026-07-23,LA-02,house,LA,02,Troy Carter,Republican candidate (LA-02),DEM,DEM,62.85,100.0,0.0,Safe D,49.48,4.91,62.85,0.0,8.23,48.71,,,0,,1383847,0,,0.0,0.0,81.43,18.57,0.0
2026-07-23,LA-03,house,LA,03,Tia Lebrun,Clay Higgins,REP,REP,-37.38,0.0,100.0,Safe R,-36.1,4.91,-37.38,-2.04,-3.74,-36.65,,,0,,6968,816186,,0.0,0.0,31.31,68.69,0.0
2026-07-23,LA-04,house,LA,04,Matthew Gromlich,Mike Johnson,REP,REP,-40.28,0.0,100.0,Safe R,-33.82,4.91,-40.28,-3.21,-7.75,-34.59,,,0,,234784,20548480,,0.0,0.0,29.86,70.14,0.0
2026-07-23,LA-05,house,LA,05,Dan McKay,Blake Miguez,,REP,-31.52,0.0,100.0,Safe R,-33.45,4.91,-31.52,-2.6,0.0,-34.39,,,0,,83511,6564561,,0.0,0.0,34.24,65.76,0.0
2026-07-23,LA-06,house,LA,06,Cleo Fields,Peter Williams,DEM,DEM,-20.43,0.2,99.8,Safe R,-32.97,4.91,-20.43,0.0,8.0,-32.4,,,0,,832825,0,,0.0,0.0,39.78,60.22,0.0
2026-07-23,MA-01,house,MA,01,Richard Neal,Republican candidate (MA-01),DEM,DEM,23.72,99.9,0.1,Safe D,17.26,4.91,23.72,0.0,1.67,13.91,,,0,,2288096,0,,0.0,0.0,61.86,38.14,0.0
2026-07-23,MA-02,house,MA,02,Jim McGovern,Republican candidate (MA-02),DEM,DEM,33.33,100.0,0.0,Safe D,27.21,4.91,33.33,0.0,1.67,24.29,,,0,,759435,0,,0.0,0.0,66.67,33.33,0.0
2026-07-23,MA-03,house,MA,03,Lori Trahan,Gary Grossi,DEM,DEM,31.89,100.0,0.0,Safe D,22.71,4.91,31.89,2.52,1.67,19.39,,,0,,1580068,6716,,0.0,0.0,65.94,34.06,0.0
2026-07-23,MA-04,house,MA,04,Jake Auchincloss,Republican candidate (MA-04),DEM,DEM,29.39,100.0,0.0,Safe D,23.53,4.91,29.39,0.0,1.67,20.13,,,0,,3535358,0,,0.0,0.0,64.7,35.3,0.0
2026-07-23,MA-05,house,MA,05,Katherine Clark,Republican candidate (MA-05),DEM,DEM,55.01,100.0,0.0,Safe D,48.89,4.91,55.01,0.0,1.67,46.35,,,0,,4236009,0,,0.0,0.0,77.5,22.5,0.0
2026-07-23,MA-06,house,MA,06,Daniel Koh,John Field,,DEM,28.15,100.0,0.0,Safe D,23.74,4.91,28.15,0.0,0.0,21.09,,,0,,4547693,0,,0.0,0.0,64.07,35.93,0.0
2026-07-23,MA-07,house,MA,07,Ayanna Pressley,Republican candidate (MA-07),DEM,DEM,75.8,100.0,0.0,Safe D,68.9,4.91,75.8,0.0,1.67,65.14,,,0,,1125853,0,,0.0,0.0,87.9,12.1,0.0
2026-07-23,MA-08,house,MA,08,Stephen Lynch,Gavin Solomon,DEM,DEM,45.12,100.0,0.0,Safe D,30.31,4.91,45.12,0.0,10.45,26.99,,,0,,817344,0,,0.0,0.0,72.56,27.44,0.0
2026-07-23,MA-09,house,MA,09,Bill Keating,Robert MacAllister,DEM,DEM,22.14,99.9,0.1,Safe D,13.78,4.91,22.14,0.51,3.67,10.94,,,0,,371290,163494,,0.0,0.0,61.07,38.93,0.0
2026-07-23,MD-01,house,MD,01,Daniel Schwartz,Andy Harris,REP,REP,-15.72,0.6,99.4,Safe R,-15.58,4.91,-15.72,-0.86,-3.57,-17.31,,,0,,695170,2319668,,0.0,0.0,42.14,57.86,0.0
2026-07-23,MD-02,house,MD,02,John Olszewski,David Wallace,DEM,DEM,31.39,100.0,0.0,Safe D,20.64,4.91,31.39,2.06,4.22,18.95,,,0,,1040390,20194,,0.0,0.0,65.7,34.3,0.0
2026-07-23,MD-03,house,MD,03,Sarah Elfreth,Penny Kennedy,DEM,DEM,32.95,100.0,0.0,Safe D,25.86,4.91,32.95,0.0,2.59,24.49,,,0,,1139858,0,,0.0,0.0,66.47,33.53,0.0
2026-07-23,MD-04,house,MD,04,Glenn Ivey,Republican candidate (MD-04),,DEM,85.18,100.0,0.0,Safe D,79.34,4.91,85.18,0.0,0.0,75.67,,,0,,674406,0,,0.0,0.0,92.59,7.41,0.0
2026-07-23,MD-05,house,MD,05,Adrian Boafo,Chris Chaffee,,DEM,40.08,100.0,0.0,Safe D,35.75,4.91,40.08,0.0,-0.45,34.05,,,0,,1676916,0,,0.0,0.0,70.04,29.96,0.0
2026-07-23,MD-06,house,MD,06,April Delaney,Robin Ficker,DEM,DEM,19.41,99.7,0.3,Safe D,8.13,4.91,19.41,2.47,4.17,5.93,,,0,,12308220,403934,,0.0,0.0,59.71,40.29,0.0
2026-07-23,MD-07,house,MD,07,Kweisi Mfume,Republican candidate (MD-07),DEM,DEM,72.15,100.0,0.0,Safe D,63.22,4.91,72.15,0.0,3.9,60.49,,,0,,415174,0,,0.0,0.0,86.08,13.92,0.0
2026-07-23,MD-08,house,MD,08,Jamie Raskin,Cheryl Riley,DEM,DEM,69.64,100.0,0.0,Safe D,61.07,4.91,69.64,3.54,-0.02,58.06,,,0,,7425389,16590,,0.0,0.0,84.82,15.18,0.0
2026-07-23,ME-01,house,ME,01,Chellie Pingree,Ronald Russell,DEM,DEM,30.56,100.0,0.0,Safe D,22.27,4.91,31.01,1.0,3.77,22.33,,,0,,429634,75680,,0.0,0.0,62.23,32.77,5.0
2026-07-23,ME-02,house,ME,02,Matthew Dunlap,Paul LePage,,DEM,-3.88,37.6,62.4,Lean R,-8.87,4.91,-5.44,-0.48,0.0,-9.72,47.29,48.12,3,-2.56,1205432,2563901,,0.0,0.0,45.41,49.59,5.0
2026-07-23,MI-01,house,MI,01,Callie Barr,John Bergman,REP,REP,-13.03,1.0,99.0,Safe R,-17.3,4.91,-13.03,-0.61,1.0,-21.52,,,0,,803423,1877392,,0.0,0.0,43.49,56.51,0.0
2026-07-23,MI-02,house,MI,02,Benjamin Ambrose,John Moolenaar,REP,REP,-27.97,0.0,100.0,Safe R,-25.96,4.91,-27.97,-1.9,-4.17,-30.54,,,0,,84011,1648987,,0.0,0.0,36.02,63.98,0.0
2026-07-23,MI-03,house,MI,03,Hillary Scholten,Allen Fiorletta,DEM,DEM,20.46,99.8,0.2,Safe D,11.7,4.91,20.46,0.0,4.28,7.95,,,0,,2287558,0,,0.0,0.0,60.23,39.77,0.0
2026-07-23,MI-04,house,MI,04,Sean McCann,Bill Huizenga,REP,REP,-1.74,31.4,68.6,Lean R,-1.46,4.91,-2.32,-0.31,-4.89,-5.61,47.07,45.06,3,-0.13,2508603,4003831,,0.0,0.0,49.13,50.87,0.0
2026-07-23,MI-05,house,MI,05,Christian Vukasovich,Timothy Walberg,REP,REP,-25.77,0.0,100.0,Safe R,-22.67,4.91,-25.77,-2.14,-5.07,-27.41,,,0,,51717,1717295,,0.0,0.0,37.11,62.89,0.0
2026-07-23,MI-06,house,MI,06,Debbie Dingell,Republican candidate (MI-06),DEM,DEM,38.41,100.0,0.0,Safe D,28.52,4.91,38.41,0.0,5.67,23.92,,,0,,1155234,0,,0.0,0.0,69.2,30.8,0.0
2026-07-23,MI-07,house,MI,07,Bridget Brink,Tom Barrett,REP,REP,0.66,64.3,35.7,Lean D,3.08,4.91,2.84,-0.62,-3.8,-1.33,45.14,45.85,3,-3.71,2893770,6180398,,0.0,0.0,50.33,49.67,0.0
2026-07-23,MI-08,house,MI,08,Kristen McDonald Rivet,Amir Hassan,DEM,DEM,18.82,99.7,0.3,Safe D,3.15,4.91,18.82,1.52,9.86,-2.01,,,0,,5540175,687295,,0.0,0.0,59.41,40.59,0.0
2026-07-23,MI-09,house,MI,09,Steven Pooley,Lisa McClain,REP,REP,-32.75,0.0,100.0,Safe R,-28.2,4.91,-32.75,-3.38,-5.22,-32.75,,,0,,7579,5146490,,0.0,0.0,33.62,66.38,0.0
2026-07-23,MI-10,house,MI,10,Christina Hines,Michael Bouchard,,REP,2.1,70.0,30.0,Lean D,-1.4,4.91,2.65,-0.11,0.0,-6.68,44.0,42.0,1,-1.0,1161111,1386621,,0.0,0.0,51.05,48.95,0.0
2026-07-23,MI-11,house,MI,11,Jeremy Moss,Mike Steger,,DEM,27.52,100.0,0.0,Safe D,21.14,4.91,27.52,2.12,0.0,16.42,,,0,,1235233,28616,,0.0,0.0,63.76,36.24,0.0
2026-07-23,MI-12,house,MI,12,Rashida Tlaib,Republican candidate (MI-12),DEM,DEM,56.07,100.0,0.0,Safe D,46.18,4.91,56.07,0.0,5.22,39.62,,,0,,2713214,0,,0.0,0.0,78.04,21.96,0.0
2026-07-23,MI-13,house,MI,13,Shri Thanedar,Andrew Lorenz,DEM,DEM,58.78,100.0,0.0,Safe D,48.68,4.91,58.78,0.0,5.11,42.28,,,0,,-1103507,0,,0.0,0.0,79.39,20.61,0.0
2026-07-23,MN-01,house,MN,01,Jake Johnson,Brad Finstad,REP,REP,-6.33,14.6,85.4,Likely R,-9.14,4.91,-6.63,-0.02,-1.67,-12.23,41.0,46.96,2,-5.01,1872308,1916146,,0.0,0.0,46.84,53.16,0.0
2026-07-23,MN-02,house,MN,02,Matt Little,Eric Pratt,,DEM,13.22,99.1,0.9,Safe D,8.48,4.91,13.22,0.47,0.0,5.95,,,0,,892676,461815,,0.0,0.0,56.61,43.39,0.0
2026-07-23,MN-03,house,MN,03,Kelly Morrison,Tyler Bass,DEM,DEM,29.63,100.0,0.0,Safe D,23.76,4.91,29.63,0.0,1.67,21.72,,,0,,1278346,0,,0.0,0.0,64.81,35.19,0.0
2026-07-23,MN-04,house,MN,04,Betty McCollum,Paul Wikstrom,DEM,DEM,47.41,100.0,0.0,Safe D,39.46,4.91,47.41,2.14,1.5,36.47,,,0,,1217732,23031,,0.0,0.0,73.7,26.3,0.0
2026-07-23,MN-05,house,MN,05,Ilhan Omar,Dalia Al-Aqidi,DEM,DEM,65.54,100.0,0.0,Safe D,66.29,4.91,65.54,1.22,-6.48,63.54,,,0,,5715729,1078205,,0.0,0.0,82.77,17.23,0.0
2026-07-23,MN-06,house,MN,06,Democratic candidate (MN-06),Tom Emmer,REP,REP,-14.94,0.7,99.3,Safe R,-17.33,4.91,-14.94,0.0,-1.67,-20.07,,,0,,0,9631580,,0.0,0.0,42.53,57.47,0.0
2026-07-23,MN-07,house,MN,07,Democratic candidate (MN-07),Michelle Fischbach,REP,REP,-31.27,0.0,100.0,Safe R,-33.68,4.91,-31.27,0.0,-1.67,-37.1,,,0,,0,1239373,,0.0,0.0,34.36,65.64,0.0
2026-07-23,MN-08,house,MN,08,Democratic candidate (MN-08),Peter Stauber,REP,REP,-8.95,6.8,93.2,Likely R,-11.14,4.91,-8.95,0.0,-1.67,-14.53,,,0,,0,1940297,,0.0,0.0,45.52,54.48,0.0
2026-07-23,MO-01,house,MO,01,Wesley Bell,Republican candidate (MO-01),DEM,DEM,67.76,100.0,0.0,Safe D,58.87,4.91,67.76,0.0,4.17,58.61,,,0,,3295182,0,,0.0,0.0,83.88,16.12,0.0
2026-07-23,MO-02,house,MO,02,Frederick Wellman,Ann Wagner,REP,REP,-10.74,2.4,97.6,Safe R,-11.95,4.91,-12.13,-0.83,-3.37,-11.57,42.5,46.0,1,-6.5,1119886,3478123,,0.0,0.0,44.63,55.37,0.0
2026-07-23,MO-03,house,MO,03,Bethany Mann,Bob Onder,REP,REP,-19.96,0.2,99.8,Safe R,-20.24,4.91,-19.96,-1.79,-2.01,-20.27,,,0,,41591,940192,,0.0,0.0,40.02,59.98,0.0
2026-07-23,MO-04,house,MO,04,Hartzell Gray,Mark Alford,REP,REP,-21.33,0.2,99.8,Safe R,-21.08,4.91,-21.33,-1.17,-3.26,-21.37,,,0,,250118,1370433,,0.0,0.0,39.34,60.66,0.0
2026-07-23,MO-05,house,MO,05,Emanuel Cleaver,Bradley Patty,DEM,DEM,-7.54,10.8,89.2,Likely R,-17.47,4.91,-7.54,2.36,3.1,-18.62,,,0,,1298255,7774,,0.0,0.0,46.23,53.77,0.0
2026-07-23,MO-06,house,MO,06,Matthew Levine,Chris Stigall,,REP,-23.68,0.1,99.9,Safe R,-26.78,4.91,-23.68,-1.06,0.0,-27.0,,,0,,51046,546096,,0.0,0.0,38.16,61.84,0.0
2026-07-23,MO-07,house,MO,07,Missi Hesketh,Eric Burlison,REP,REP,-43.69,0.0,100.0,Safe R,-43.17,4.91,-43.69,-1.97,-2.63,-43.18,,,0,,50540,1339538,,0.0,0.0,28.16,71.84,0.0
2026-07-23,MO-08,house,MO,08,Clayton Harbison,Jason Smith,REP,REP,-54.99,0.0,100.0,Safe R,-53.72,4.91,-54.99,-3.43,-1.83,-54.42,,,0,,4251,5211627,,0.0,0.0,22.5,77.5,0.0
2026-07-23,MS-01,house,MS,01,Cliff Johnson,Trent Kelly,REP,REP,-32.81,0.0,100.0,Safe R,-33.81,4.91,-32.81,-0.42,-2.99,-37.53,,,0,,551243,1004205,,0.0,0.0,33.6,66.4,0.0
2026-07-23,MS-02,house,MS,02,Bennie Thompson,Ron Eller,DEM,DEM,35.13,100.0,0.0,Safe D,24.58,4.91,35.13,1.61,4.05,20.59,,,0,,770971,45390,,0.0,0.0,67.57,32.43,0.0
2026-07-23,MS-03,house,MS,03,Michael Chiaradio,Mike Guest,REP,REP,-24.31,0.1,99.9,Safe R,-25.99,4.91,-24.31,-1.09,-1.67,-29.5,,,0,,155400,822761,,0.0,0.0,37.85,62.15,0.0
2026-07-23,MS-04,house,MS,04,Jeffrey Hulum,Mike Ezell,REP,REP,-41.91,0.0,100.0,Safe R,-39.63,4.91,-41.91,-1.93,-4.75,-43.01,,,0,,29045,990106,,0.0,0.0,29.05,70.95,0.0
2026-07-23,MT-01,house,MT,01,Sam Forstag,Aaron Flint,,REP,-6.16,15.2,84.8,Likely R,-11.0,4.91,-7.22,-0.14,0.0,-11.92,43.78,44.86,2,-4.08,1382873,1303394,,0.0,0.0,46.92,53.08,0.0
2026-07-23,MT-02,house,MT,02,Brian Miller,Troy Downing,REP,REP,-32.96,0.0,100.0,Safe R,-29.97,4.91,-32.96,-2.59,-4.27,-30.51,,,0,,19174,2127927,,0.0,0.0,33.52,66.48,0.0
2026-07-23,NC-01,house,NC,01,Don Davis,Laurie Buckhout,DEM,DEM,2.38,71.1,28.9,Lean D,-7.9,4.91,3.07,0.04,6.36,-11.71,43.96,41.76,3,0.79,4287386,3793077,,0.0,0.0,51.19,48.81,0.0
2026-07-23,NC-02,house,NC,02,Deborah Ross,Eugene Douglass,DEM,DEM,44.99,100.0,0.0,Safe D,36.88,4.91,44.99,0.0,3.34,34.41,,,0,,1675978,0,,0.0,0.0,72.49,27.51,0.0
2026-07-23,NC-03,house,NC,03,Raymond Smith,Greg Murphy,REP,REP,-8.35,8.5,91.5,Likely R,-9.94,4.91,-8.35,-1.57,-1.67,-13.76,,,0,,223119,2357956,,0.0,0.0,45.83,54.17,0.0
2026-07-23,NC-04,house,NC,04,Valerie Foushee,Mahesh Ganorkar,DEM,DEM,58.5,100.0,0.0,Safe D,48.57,4.91,58.5,1.88,3.37,46.04,,,0,,912011,11917,,0.0,0.0,79.25,20.75,0.0
2026-07-23,NC-05,house,NC,05,Chuck Hubbard,Virginia Foxx,REP,REP,-11.19,1.5,98.5,Safe R,-14.8,4.91,-11.19,-0.98,0.13,-17.92,,,0,,394695,1662604,,0.0,0.0,44.4,55.6,0.0
2026-07-23,NC-06,house,NC,06,Cyril Jefferson,Addison McDowell,REP,REP,-13.28,0.9,99.1,Safe R,-14.97,4.91,-13.28,-1.22,-1.67,-17.36,,,0,,199881,1226408,,0.0,0.0,43.36,56.64,0.0
2026-07-23,NC-07,house,NC,07,Kimberly Hardy,David Rouzer,REP,REP,-10.98,1.9,98.1,Safe R,-10.98,4.91,-11.31,-1.34,-3.43,-14.02,,,0,,293818,1990423,,0.0,0.0,43.79,54.59,1.62
2026-07-23,NC-08,house,NC,08,Colby Watson,Mark Harris,REP,REP,-17.36,0.4,99.6,Safe R,-17.02,4.91,-17.36,-1.86,-2.87,-19.62,,,0,,39569,1019134,,0.0,0.0,41.32,58.68,0.0
2026-07-23,NC-09,house,NC,09,Richard Ojeda,Richard Hudson,REP,REP,-11.89,1.2,98.8,Safe R,-13.31,4.91,-11.89,-0.26,-3.02,-16.03,,,0,,2237508,3215341,,0.0,0.0,44.05,55.95,0.0
2026-07-23,NC-10,house,NC,10,Ashley Bell,Pat Harrigan,REP,REP,-15.92,0.6,99.4,Safe R,-15.14,4.91,-16.79,-1.6,-4.63,-17.89,37.5,51.5,1,-11.0,84024,1081821,,0.0,0.0,42.04,57.96,0.0
2026-07-23,NC-11,house,NC,11,Jamie Ager,Chuck Edwards,REP,REP,-5.79,16.4,83.6,Likely R,-7.96,4.91,-5.79,0.88,-2.91,-9.61,,,0,,3052354,939985,,0.0,0.0,47.1,52.9,0.0
2026-07-23,NC-12,house,NC,12,Alma Adams,John Codiga,DEM,DEM,59.4,100.0,0.0,Safe D,50.29,4.91,59.4,1.26,2.65,47.04,,,0,,370506,28704,,0.0,0.0,79.7,20.3,0.0
2026-07-23,NC-13,house,NC,13,Paul Barringer,Brad Knott,REP,REP,-13.88,0.8,99.2,Safe R,-14.68,4.91,-13.42,-0.19,-3.23,-16.71,,,0,,1022610,1339161,,0.0,0.0,42.26,55.89,1.85
2026-07-23,NC-14,house,NC,14,Lakesha Womack,Tim Moore,REP,REP,-13.33,0.9,99.1,Safe R,-13.48,4.91,-14.72,-2.3,-3.38,-15.22,39.0,47.5,1,-5.5,24888,1538952,,0.0,0.0,43.33,56.67,0.0
2026-07-23,ND-01,house,ND,01,Trygve Hammer,Julie Fedorchak,REP,REP,-36.04,0.0,100.0,Safe R,-36.86,4.91,-36.04,-1.5,-1.67,-37.39,,,0,,190064,1730663,,0.0,0.0,31.98,68.02,0.0
2026-07-23,NE-01,house,NE,01,Christopher Backemeyer,Mike Flood,REP,REP,-9.91,4.4,95.6,Safe R,-9.02,4.91,-10.6,-0.99,-4.96,-13.23,38.0,45.0,1,-7.0,592233,2368910,,0.0,0.0,45.05,54.95,0.0
2026-07-23,NE-02,house,NE,02,Denise Powell,Brinker Harding,,REP,12.2,98.9,1.1,Safe D,8.84,4.91,13.82,0.43,0.0,4.68,46.5,40.5,1,3.0,2668287,2034386,,0.0,0.0,56.1,43.9,0.0
2026-07-23,NE-03,house,NE,03,Becky Stille,Adrian Smith,REP,REP,-53.15,0.0,100.0,Safe R,-49.97,4.91,-53.15,-2.18,-5.38,-54.43,,,0,,55101,1777414,,0.0,0.0,23.43,76.57,0.0
2026-07-23,NH-01,house,NH,01,Stefany Shaheen,Anthony DiLorenzo,,DEM,4.8,80.1,19.9,Likely D,0.74,4.91,4.8,0.01,0.0,2.02,,,0,,2208010,2326786,,0.0,0.0,52.4,47.6,0.0
2026-07-23,NH-02,house,NH,02,Maggie Goodlander,Lily Williams,DEM,DEM,15.88,99.4,0.6,Safe D,2.79,4.91,14.65,0.88,6.93,3.63,49.87,31.71,6,18.16,3709390,1108535,,0.0,0.0,57.94,42.06,0.0
2026-07-23,NJ-01,house,NJ,01,Donald Norcross,Damon Galdo,DEM,DEM,33.4,100.0,0.0,Safe D,24.02,4.91,33.4,2.5,2.11,19.0,,,0,,1657743,11125,,0.0,0.0,66.7,33.3,0.0
2026-07-23,NJ-02,house,NJ,02,Zack Mullock,Jeff Van Drew,REP,REP,-9.48,5.5,94.5,Likely R,-7.78,4.91,-8.86,-1.01,-4.87,-13.29,36.0,46.0,1,-13.0,462863,1930058,,0.0,0.0,45.26,54.74,0.0
2026-07-23,NJ-03,house,NJ,03,Herb Conaway,Michael McGuire,DEM,DEM,22.77,99.9,0.1,Safe D,12.8,4.91,22.77,1.52,3.88,7.92,,,0,,934660,79190,,0.0,0.0,61.39,38.61,0.0
2026-07-23,NJ-04,house,NJ,04,Rachel Peace,Chris Smith,REP,REP,-28.8,0.0,100.0,Safe R,-25.79,4.91,-28.8,-1.52,-5.89,-31.01,,,0,,34352,592016,,0.0,0.0,35.6,64.4,0.0
2026-07-23,NJ-05,house,NJ,05,Josh Gottheimer,Sean Kirrane,DEM,DEM,22.02,99.9,0.1,Safe D,7.38,4.91,22.02,2.86,7.03,1.29,,,0,,4765145,55656,,0.0,0.0,61.01,38.99,0.0
2026-07-23,NJ-06,house,NJ,06,Frank Pallone,Hillary Herzig,DEM,DEM,27.99,100.0,0.0,Safe D,13.26,4.91,27.99,2.75,6.79,6.23,,,0,,2214837,7645,,0.0,0.0,63.99,36.01,0.0
2026-07-23,NJ-07,house,NJ,07,Rebecca Bennett,Tom Kean Jr.,REP,REP,4.24,78.1,21.9,Likely D,2.41,4.91,5.21,-0.04,-1.67,-1.9,47.0,43.0,1,1.0,4272034,4892807,,0.0,0.0,52.12,47.88,0.0
2026-07-23,NJ-08,house,NJ,08,Rob Menendez,Republican candidate (NJ-08),DEM,DEM,45.6,100.0,0.0,Safe D,37.36,4.91,45.6,0.0,1.67,28.85,,,0,,1958766,0,,0.0,0.0,72.8,27.2,0.0
2026-07-23,NJ-09,house,NJ,09,Nelida Pou,Rosemary Pino,DEM,DEM,21.22,99.8,0.2,Safe D,7.87,4.91,21.22,1.29,6.01,-1.3,,,0,,2661928,437829,,0.0,0.0,60.61,39.39,0.0
2026-07-23,NJ-10,house,NJ,10,Lamonica McIver,Carmen Bucco,DEM,DEM,66.18,100.0,0.0,Safe D,56.21,4.91,66.18,2.8,1.49,48.73,,,0,,2136938,2270,,0.0,0.0,83.09,16.91,0.0
2026-07-23,NJ-11,house,NJ,11,Analilia Mejia,Joe Hathaway,DEM,DEM,20.63,99.8,0.2,Safe D,13.38,4.91,20.63,0.81,1.67,7.93,,,0,,1823436,657711,,0.0,0.0,60.31,39.69,0.0
2026-07-23,NJ-12,house,NJ,12,Adam Hamawy,Gregg Mele,,DEM,37.07,100.0,0.0,Safe D,29.83,4.91,37.07,2.13,0.0,23.58,,,0,,1533852,79425,,0.0,0.0,68.53,31.47,0.0
2026-07-23,NM-01,house,NM,01,Melanie Stansbury,Ndidiamaka Okpareke,DEM,DEM,26.13,100.0,0.0,Safe D,16.34,4.91,26.13,1.68,2.33,13.0,,,0,,1353564,100340,,0.0,0.0,63.07,36.93,0.0
2026-07-23,NM-02,house,NM,02,Gabriel Vasquez,Greg Cunningham,DEM,DEM,14.43,99.3,0.7,Safe D,3.49,4.91,16.54,0.67,5.64,-1.84,44.0,43.0,1,4.0,3784102,1510080,,0.0,0.0,57.22,42.78,0.0
2026-07-23,NM-03,house,NM,03,Teresa Leger Fernandez,Martin Zamora,DEM,DEM,23.15,99.9,0.1,Safe D,10.1,4.91,23.15,0.73,6.72,5.32,,,0,,1249949,440623,,0.0,0.0,61.57,38.43,0.0
2026-07-23,NV-01,house,NV,01,Dina Titus,Carrie Buck,DEM,DEM,16.05,99.5,0.5,Safe D,5.48,4.91,16.05,-0.16,5.03,2.3,,,0,,1537358,1915058,,0.0,0.0,58.02,41.98,0.0
2026-07-23,NV-02,house,NV,02,Teresa Benitez-Thompson,David Flippo,,REP,-3.51,24.6,75.4,Likely R,-12.34,4.91,-8.76,-1.32,0.0,-14.26,48.0,46.0,1,2.0,257087,2275392,,0.0,0.0,48.24,51.76,0.0
2026-07-23,NV-03,house,NV,03,Susie Lee,Marty O'Donnell,DEM,DEM,11.52,98.8,1.2,Safe D,2.59,4.91,11.52,0.06,3.88,-0.75,,,0,,4401421,4055410,,0.0,0.0,55.76,44.24,0.0
2026-07-23,NV-04,house,NV,04,Steven Horsford,Cody Whipple,DEM,DEM,17.31,99.6,0.4,Safe D,5.52,4.91,17.31,0.97,5.12,2.37,,,0,,3350563,884687,,0.0,0.0,58.65,41.35,0.0
2026-07-23,NY-01,house,NY,01,Christopher Gallant,Nick LaLota,REP,REP,-3.08,26.2,73.8,Lean R,-7.96,4.91,-2.56,0.0,0.78,-10.19,38.0,41.0,1,-6.0,647598,0,,0.0,0.0,48.46,51.54,0.0
2026-07-23,NY-02,house,NY,02,Patrick Halpin,Andrew Garbarino,REP,REP,-11.19,1.4,98.6,Safe R,-10.82,4.91,-11.19,-1.46,-4.23,-14.08,,,0,,461848,3513016,,0.0,0.0,44.4,55.6,0.0
2026-07-23,NY-03,house,NY,03,Tom Suozzi,Mike LiPetri,DEM,DEM,15.12,99.3,0.7,Safe D,0.14,4.91,15.12,0.87,9.48,-4.35,,,0,,5456698,1666542,,0.0,0.0,57.56,42.44,0.0
2026-07-23,NY-04,house,NY,04,Laura Gillen,Marvin Suber Williams,DEM,REP,15.32,99.4,0.6,Safe D,5.24,4.91,17.14,2.49,4.21,1.29,46.0,41.0,1,5.0,5097222,137263,,0.0,0.0,57.66,42.34,0.0
2026-07-23,NY-05,house,NY,05,Gregory Meeks,Aaron Cherry,DEM,DEM,58.61,100.0,0.0,Safe D,49.16,4.91,58.61,0.0,3.89,42.8,,,0,,1744888,0,,0.0,0.0,79.31,20.69,0.0
2026-07-23,NY-06,house,NY,06,Grace Meng,Juan Pagan,DEM,DEM,29.31,100.0,0.0,Safe D,13.93,4.91,29.31,0.0,10.25,6.53,,,0,,2033045,0,,0.0,0.0,64.66,35.34,0.0
2026-07-23,NY-07,house,NY,07,Claire Valdez,Republican candidate (NY-07),,DEM,58.24,100.0,0.0,Safe D,52.39,4.91,58.24,0.0,0.0,47.19,,,0,,1693312,0,,0.0,0.0,79.12,20.88,0.0
2026-07-23,NY-08,house,NY,08,Hakeem Jeffries,Richard Simmons,DEM,DEM,60.84,100.0,0.0,Safe D,48.87,4.91,60.84,0.0,6.67,44.77,,,0,,14899981,0,,0.0,0.0,80.42,19.58,0.0
2026-07-23,NY-09,house,NY,09,Yvette Clarke,Jean Depalis,DEM,DEM,61.84,100.0,0.0,Safe D,45.61,4.91,61.84,2.27,8.81,41.39,,,0,,1013953,6202,,0.0,0.0,80.92,19.08,0.0
2026-07-23,NY-10,house,NY,10,Brad Lander,Gavin Solomon,,DEM,70.37,100.0,0.0,Safe D,65.45,4.91,70.37,0.0,0.0,61.89,,,0,,2455130,0,,0.0,0.0,85.19,14.81,0.0
2026-07-23,NY-11,house,NY,11,Troy McGhie,Nicole Malliotakis,REP,REP,-20.14,0.2,99.8,Safe R,-19.82,4.91,-20.14,-2.3,-2.82,-24.83,,,0,,79597,2750505,,0.0,0.0,39.93,60.07,0.0
2026-07-23,NY-12,house,NY,12,Micah Lasher,Amy Jordan,,DEM,73.49,100.0,0.0,Safe D,67.55,4.91,73.49,1.42,0.0,64.9,,,0,,3315975,58897,,0.0,0.0,86.74,13.26,0.0
2026-07-23,NY-13,house,NY,13,Darializa Avila Chevalier,Republican candidate (NY-13),,DEM,72.99,100.0,0.0,Safe D,66.24,4.91,72.99,0.0,0.0,60.27,,,0,,1354602,0,,0.0,0.0,86.49,13.51,0.0
2026-07-23,NY-14,house,NY,14,Alexandria Ocasio-Cortez,Tina Forte,DEM,DEM,48.72,100.0,0.0,Safe D,39.83,4.91,48.72,2.73,-0.49,32.37,,,0,,32607754,803141,,0.0,0.0,74.36,25.64,0.0
2026-07-23,NY-15,house,NY,15,Ritchie Torres,Republican candidate (NY-15),DEM,DEM,69.45,100.0,0.0,Safe D,56.05,4.91,69.45,0.0,6.49,48.81,,,0,,6908655,0,,0.0,0.0,84.72,15.28,0.0
2026-07-23,NY-16,house,NY,16,George Latimer,Republican candidate (NY-16),DEM,DEM,50.16,100.0,0.0,Safe D,37.02,4.91,50.16,0.0,7.51,33.31,,,0,,513967,0,,0.0,0.0,75.08,24.92,0.0
2026-07-23,NY-17,house,NY,17,Cait Conley,Mike Lawler,REP,REP,3.78,76.4,23.6,Likely D,3.59,4.91,4.05,-0.42,-4.09,0.56,50.21,44.32,2,3.23,4317457,8172046,,0.0,0.0,51.89,48.11,0.0
2026-07-23,NY-18,house,NY,18,Pat Ryan,Sharanjit Thind,DEM,DEM,16.89,99.5,0.5,Safe D,5.0,4.91,18.63,0.0,8.76,3.35,42.0,35.0,1,7.0,4723627,0,,0.0,0.0,58.44,41.56,0.0
2026-07-23,NY-19,house,NY,19,Josh Riley,Peter Oberacker,DEM,DEM,13.46,99.1,0.9,Safe D,2.75,4.91,13.46,1.0,5.47,1.8,,,0,,4825666,1237179,,0.0,0.0,56.73,43.27,0.0
2026-07-23,NY-20,house,NY,20,Paul Tonko,Ralph Ambrosio,DEM,DEM,29.43,100.0,0.0,Safe D,15.87,4.91,29.43,1.91,7.34,14.32,,,0,,957587,29026,,0.0,0.0,64.72,35.28,0.0
2026-07-23,NY-21,house,NY,21,Blake Gendebien,Anthony Constantino,,REP,-12.64,1.0,99.0,Safe R,-19.11,4.91,-15.48,-0.4,0.0,-20.76,44.0,45.0,1,-4.0,5461528,9460254,,0.0,0.0,43.68,56.32,0.0
2026-07-23,NY-22,house,NY,22,John Mannion,John Lemondes,DEM,DEM,24.15,99.9,0.1,Safe D,9.02,4.91,24.15,2.56,8.35,7.69,,,0,,2694739,41022,,0.0,0.0,62.07,37.93,0.0
2026-07-23,NY-23,house,NY,23,Aaron Gies,Nick Langworthy,REP,REP,-21.75,0.1,99.9,Safe R,-20.39,4.91,-21.75,-1.61,-3.78,-21.19,,,0,,227174,2326405,,0.0,0.0,39.13,60.87,0.0
2026-07-23,NY-24,house,NY,24,Alissa Ellman,Claudia Tenney,REP,REP,-22.3,0.1,99.9,Safe R,-22.25,4.91,-22.3,-1.84,-2.27,-23.24,,,0,,193088,2763139,,0.0,0.0,38.85,61.15,0.0
2026-07-23,NY-25,house,NY,25,Joe Morelle,Virginia McIntyre,DEM,DEM,27.88,100.0,0.0,Safe D,19.59,4.91,27.88,2.4,1.39,18.65,,,0,,1786904,32416,,0.0,0.0,63.94,36.06,0.0
2026-07-23,NY-26,house,NY,26,Timothy Kennedy,Republican candidate (NY-26),DEM,DEM,36.66,100.0,0.0,Safe D,21.29,4.91,36.66,0.0,10.93,19.56,,,0,,2310288,0,,0.0,0.0,68.33,31.67,0.0
2026-07-23,OH-01,house,OH,01,Greg Landsman,Eric Conroy,DEM,DEM,11.36,98.7,1.3,Safe D,1.71,4.91,11.36,0.77,4.61,-2.62,,,0,,4633250,1513614,,0.0,0.0,55.68,44.32,0.0
2026-07-23,OH-02,house,OH,02,Jennifer Mazzuckelli,David Taylor,REP,REP,-36.58,0.0,100.0,Safe R,-37.89,4.91,-36.58,0.0,-2.62,-42.48,,,0,,0,1095248,,0.0,0.0,31.71,68.29,0.0
2026-07-23,OH-03,house,OH,03,Joyce Beatty,Republican candidate (OH-03),DEM,DEM,52.31,100.0,0.0,Safe D,45.19,4.91,52.31,0.0,2.61,40.65,,,0,,1201451,0,,0.0,0.0,76.16,23.84,0.0
2026-07-23,OH-04,house,OH,04,Tamara Wilson,Jim Jordan,REP,REP,-38.98,0.0,100.0,Safe R,-38.65,4.91,-38.98,-3.15,-1.21,-43.01,,,0,,22050,4774322,,0.0,0.0,30.51,69.49,0.0
2026-07-23,OH-05,house,OH,05,Daniel Burket,Bob Latta,REP,REP,-22.77,0.1,99.9,Safe R,-19.34,4.91,-22.77,-2.45,-5.23,-23.97,,,0,,7551,1461648,,0.0,0.0,38.61,61.39,0.0
2026-07-23,OH-06,house,OH,06,Malcolm Ritchie,Michael Rulli,REP,REP,-28.84,0.0,100.0,Safe R,-29.56,4.91,-28.84,-2.12,-1.23,-34.9,,,0,,19728,1127553,,0.0,0.0,35.58,64.42,0.0
2026-07-23,OH-07,house,OH,07,Brian Poindexter,Max Miller,REP,REP,-6.75,13.3,86.7,Likely R,-7.09,4.91,-8.13,-0.51,-4.58,-11.15,43.0,44.0,1,-4.0,603156,2142562,,0.0,0.0,46.62,53.38,0.0
2026-07-23,OH-08,house,OH,08,Vanessa Enoch,Warren Davidson,REP,REP,-9.08,6.5,93.5,Likely R,-12.09,4.91,-9.08,0.0,-1.23,-15.78,,,0,,0,661353,,0.0,0.0,45.46,54.54,0.0
2026-07-23,OH-09,house,OH,09,Marcy Kaptur,Derek Merrin,DEM,DEM,8.92,93.1,6.9,Likely D,-5.69,4.91,10.77,0.77,11.37,-10.68,43.0,47.0,1,-1.0,4303416,1508953,,0.0,0.0,54.46,45.54,0.0
2026-07-23,OH-10,house,OH,10,Kristina Knickerbocker,Mike Turner,REP,REP,-10.04,4.1,95.9,Safe R,-3.69,4.91,-10.04,-0.62,-9.99,-7.86,,,0,,362666,894595,,0.0,0.0,44.98,55.02,0.0
2026-07-23,OH-11,house,OH,11,Shontel Brown,Mike Kirchner,DEM,DEM,70.21,100.0,0.0,Safe D,60.36,4.91,70.21,0.0,4.98,55.47,,,0,,1183643,0,,0.0,0.0,85.11,14.89,0.0
2026-07-23,OH-12,house,OH,12,Jerrad Christian,Troy Balderson,REP,REP,-26.16,0.0,100.0,Safe R,-26.4,4.91,-26.16,-1.94,-1.79,-30.36,,,0,,84378,1743281,,0.0,0.0,36.92,63.08,0.0
2026-07-23,OH-13,house,OH,13,Emilia Sykes,Carey Coleman,DEM,DEM,18.34,99.7,0.3,Safe D,7.86,4.91,18.34,2.17,4.16,3.32,,,0,,3135891,127109,,0.0,0.0,59.17,40.83,0.0
2026-07-23,OH-14,house,OH,14,Maria Jukic,David Joyce,REP,REP,-20.29,0.2,99.8,Safe R,-15.76,4.91,-20.29,-1.93,-6.65,-20.53,,,0,,61678,1410643,,0.0,0.0,39.85,60.15,0.0
2026-07-23,OH-15,house,OH,15,Don Leonard,Mike Carey,REP,REP,-6.12,15.3,84.7,Likely R,-5.81,4.91,-6.12,-1.22,-3.35,-10.11,,,0,,606658,3299678,,0.0,0.0,46.94,53.06,0.0
2026-07-23,OK-01,house,OK,01,John Croisant,Jackson Lahmeyer,,REP,-18.38,0.3,99.7,Safe R,-21.87,4.91,-18.38,-0.85,0.0,-22.0,,,0,,141972,415914,,0.0,0.0,40.81,59.19,0.0
2026-07-23,OK-02,house,OK,02,Erik Terwey,Josh Brecheen,REP,REP,-52.92,0.0,100.0,Safe R,-55.13,4.91,-52.92,-1.1,-0.28,-56.51,,,0,,11759,218894,,0.0,0.0,23.54,76.46,0.0
2026-07-23,OK-03,house,OK,03,Jules Roberson,Frank Lucas,REP,REP,-46.85,0.0,100.0,Safe R,-44.84,4.91,-46.85,-2.2,-4.46,-45.69,,,0,,945,907279,,0.0,0.0,26.58,73.42,0.0
2026-07-23,OK-04,house,OK,04,Mitchell Jacob,Tom Cole,REP,REP,-36.19,0.0,100.0,Safe R,-32.86,4.91,-36.19,-2.65,-4.87,-33.57,,,0,,65289,3827891,,0.0,0.0,31.9,68.1,0.0
2026-07-23,OK-05,house,OK,05,Jena Nelson,Stephanie Bice,REP,REP,-18.24,0.3,99.7,Safe R,-18.62,4.91,-18.24,-1.04,-2.87,-18.66,,,0,,449421,1943507,,0.0,0.0,40.88,59.12,0.0
2026-07-23,OR-01,house,OR,01,Suzanne Bonamici,Barbara Kahl,DEM,DEM,48.95,100.0,0.0,Safe D,38.49,4.91,48.95,2.08,3.85,39.2,,,0,,816770,4466,,0.0,0.0,74.47,25.53,0.0
2026-07-23,OR-02,house,OR,02,Chris Beck,Cliff Bentz,REP,REP,-29.53,0.0,100.0,Safe R,-28.34,4.91,-29.53,-1.49,-4.12,-27.9,,,0,,94774,1011413,,0.0,0.0,35.24,64.76,0.0
2026-07-23,OR-03,house,OR,03,Maxine Dexter,Loran Ayles,DEM,DEM,54.65,100.0,0.0,Safe D,47.06,4.91,54.65,0.0,3.05,47.61,,,0,,1038514,0,,0.0,0.0,77.33,22.67,0.0
2026-07-23,OR-04,house,OR,04,Valerie Hoyle,Monique Despain,DEM,DEM,16.49,99.5,0.5,Safe D,11.56,4.91,16.49,0.47,0.25,12.44,,,0,,1222922,677571,,0.0,0.0,58.25,41.75,0.0
2026-07-23,OR-05,house,OR,05,Janelle Bynum,Patti Adair,DEM,REP,16.11,99.5,0.5,Safe D,7.79,4.91,16.11,1.57,2.47,8.92,,,0,,3760212,423922,,0.0,0.0,58.05,41.95,0.0
2026-07-23,OR-06,house,OR,06,Andrea Salinas,David Russ,DEM,DEM,17.48,99.6,0.4,Safe D,11.02,4.91,17.48,2.46,-0.75,11.74,,,0,,1613394,12791,,0.0,0.0,58.74,41.26,0.0
2026-07-23,PA-01,house,PA,01,Robert Harvie,Brian Fitzpatrick,REP,REP,-2.37,28.9,71.1,Lean R,5.82,4.91,-0.93,-0.89,-10.04,0.33,41.97,47.81,2,-8.83,2007499,6734931,,0.0,0.0,48.82,51.18,0.0
2026-07-23,PA-02,house,PA,02,Brendan Boyle,Jessica Arriaga,DEM,DEM,55.33,100.0,0.0,Safe D,43.1,4.91,55.33,0.0,6.83,36.13,,,0,,2451958,0,,0.0,0.0,77.67,22.33,0.0
2026-07-23,PA-03,house,PA,03,Chris Rabb,Alexander Schnell,,DEM,91.6,100.0,0.0,Safe D,83.87,4.91,91.6,2.85,0.0,78.22,,,0,,1329253,81,,0.0,0.0,95.8,4.2,0.0
2026-07-23,PA-04,house,PA,04,Madeleine Dean,Aurora Stuski,DEM,DEM,29.11,100.0,0.0,Safe D,21.11,4.91,29.11,0.0,3.75,15.97,,,0,,1371536,0,,0.0,0.0,64.55,35.45,0.0
2026-07-23,PA-05,house,PA,05,Mary Scanlon,Melvin Johnakin,DEM,DEM,41.91,100.0,0.0,Safe D,34.34,4.91,41.91,0.0,3.07,28.94,,,0,,990586,0,,0.0,0.0,70.95,29.05,0.0
2026-07-23,PA-06,house,PA,06,Chrissy Houlahan,Martin Young,DEM,DEM,25.4,99.9,0.1,Safe D,16.64,4.91,25.4,1.03,3.03,11.53,,,0,,1763415,411270,,0.0,0.0,62.7,37.3,0.0
2026-07-23,PA-07,house,PA,07,Bob Brooks,Ryan Mackenzie,REP,REP,2.09,70.0,30.0,Lean D,2.16,4.91,2.83,-0.22,-3.92,-3.24,47.0,43.0,1,1.0,2392215,4357405,,0.0,0.0,51.04,48.96,0.0
2026-07-23,PA-08,house,PA,08,Paige Cognetti,Rob Bresnahan,REP,DEM,0.58,64.0,36.0,Lean D,-2.87,4.91,0.58,-0.09,-1.0,-8.58,,,0,,4609589,5234586,,0.0,0.0,50.29,49.71,0.0
2026-07-23,PA-09,house,PA,09,Rachel Wallace,Dan Meuser,REP,REP,-33.03,0.0,100.0,Safe R,-33.58,4.91,-33.03,-0.72,-2.87,-38.27,,,0,,697865,1903078,,0.0,0.0,33.49,66.51,0.0
2026-07-23,PA-10,house,PA,10,Janelle Stelson,Scott Perry,REP,REP,8.48,91.9,8.1,Likely D,-0.78,4.91,10.2,0.15,6.4,-5.29,50.81,44.94,3,2.87,6364069,5194925,,0.0,0.0,54.24,45.76,0.0
2026-07-23,PA-11,house,PA,11,Nancy Mannion,Lloyd Smucker,REP,REP,-17.26,0.4,99.6,Safe R,-17.27,4.91,-17.26,-1.34,-2.99,-21.57,,,0,,214230,1524161,,0.0,0.0,41.37,58.63,0.0
2026-07-23,PA-12,house,PA,12,Summer Lee,Leonard Fechter,DEM,DEM,29.36,100.0,0.0,Safe D,24.1,4.91,29.36,2.34,-1.29,19.36,,,0,,1466287,17477,,0.0,0.0,64.68,35.32,0.0
2026-07-23,PA-13,house,PA,13,Elizabeth Farnham,John Joyce,REP,REP,-41.24,0.0,100.0,Safe R,-41.34,4.91,-41.24,-2.37,-1.57,-45.91,,,0,,55347,2418119,,0.0,0.0,29.38,70.62,0.0
2026-07-23,PA-14,house,PA,14,David Bradstock,Guy Reschenthaler,REP,REP,-27.72,0.0,100.0,Safe R,-28.56,4.91,-27.72,-2.12,-1.01,-33.59,,,0,,201421,4209644,,0.0,0.0,36.14,63.86,0.0
2026-07-23,PA-15,house,PA,15,Raymond Bilger,Glenn Thompson,REP,REP,-35.24,0.0,100.0,Safe R,-33.44,4.91,-35.24,-1.73,-4.07,-38.3,,,0,,139521,1851459,,0.0,0.0,32.38,67.62,0.0
2026-07-23,PA-16,house,PA,16,Justin Wagner,George Kelly,REP,REP,-18.4,0.3,99.7,Safe R,-17.92,4.91,-18.4,-1.76,-2.74,-22.97,,,0,,66591,1168433,,0.0,0.0,40.8,59.2,0.0
2026-07-23,PA-17,house,PA,17,Chris Deluzio,Jesse Vodvarka,DEM,DEM,21.39,99.8,0.2,Safe D,9.98,4.91,21.39,2.76,4.58,5.56,,,0,,2776943,21506,,0.0,0.0,60.69,39.31,0.0
2026-07-23,RI-01,house,RI,01,Gabriel Amo,Republican candidate (RI-01),DEM,DEM,40.07,100.0,0.0,Safe D,27.01,4.91,40.07,0.0,8.21,22.62,,,0,,1507413,0,,0.0,0.0,70.04,29.96,0.0
2026-07-23,RI-02,house,RI,02,Seth Magaziner,Victor Mellor,DEM,DEM,16.78,99.5,0.5,Safe D,11.15,4.91,16.78,-0.61,1.67,6.97,,,0,,1249772,2893809,,0.0,0.0,58.39,41.61,0.0
2026-07-23,SC-01,house,SC,01,Nancy Lacore,Jenny Costa Honeycutt,,REP,-3.06,26.3,73.7,Lean R,-8.67,4.91,-3.49,0.72,0.0,-13.29,,,0,,2279585,556418,,0.0,0.0,47.42,50.4,2.18
2026-07-23,SC-02,house,SC,02,Zyon Khalifa,Joe Wilson,REP,REP,-11.75,1.2,98.8,Safe R,-9.85,4.91,-11.75,-2.01,-4.4,-14.16,,,0,,12410,861105,,0.0,0.0,44.13,55.87,0.0
2026-07-23,SC-03,house,SC,03,Eunice Lehmacher,Sheri Biggs,REP,REP,-41.75,0.0,100.0,Safe R,-38.31,4.91,-41.75,-1.36,-6.42,-43.62,,,0,,40413,505333,,0.0,0.0,29.13,70.87,0.0
2026-07-23,SC-04,house,SC,04,Courtney McClain,William Timmons,REP,REP,-18.2,0.3,99.7,Safe R,-19.16,4.91,-18.2,-2.32,-1.32,-23.95,,,0,,31787,1598225,,0.0,0.0,40.9,59.1,0.0
2026-07-23,SC-05,house,SC,05,Mallory Dittmer,Wes Climer,,REP,-14.89,0.7,99.3,Safe R,-18.13,4.91,-14.89,-1.2,0.0,-23.1,,,0,,139717,884284,,0.0,0.0,42.56,57.44,0.0
2026-07-23,SC-06,house,SC,06,Jim Clyburn,Republican candidate (SC-06),DEM,DEM,36.02,100.0,0.0,Safe D,29.6,4.91,36.02,0.0,1.6,23.24,,,0,,1225051,0,,0.0,0.0,68.01,31.99,0.0
2026-07-23,SC-07,house,SC,07,John Vincent,Russell Fry,REP,REP,-21.64,0.2,99.8,Safe R,-20.73,4.91,-21.64,-1.22,-4.12,-26.62,,,0,,297264,1720803,,0.0,0.0,39.18,60.82,0.0
2026-07-23,SD-01,house,SD,01,Nicole Gronli,Marty Jackley,,REP,-25.66,0.1,99.9,Safe R,-28.35,4.91,-25.66,-1.2,0.0,-29.98,,,0,,261764,1438706,,0.0,0.0,37.17,62.83,0.0
2026-07-23,TN-01,house,TN,01,Kristi Burke,Diana Harshbarger,REP,REP,-56.47,0.0,100.0,Safe R,-56.36,4.91,-56.47,-1.65,-2.51,-58.44,,,0,,92445,1228936,,0.0,0.0,21.77,78.23,0.0
2026-07-23,TN-02,house,TN,02,Michaela Barnett,Tim Burchett,REP,REP,-33.8,0.0,100.0,Safe R,-32.2,4.91,-33.8,-1.3,-4.43,-34.33,,,0,,363437,2302907,,0.0,0.0,33.1,66.9,0.0
2026-07-23,TN-03,house,TN,03,Joel Hawn,Chuck Fleischmann,REP,REP,-36.12,0.0,100.0,Safe R,-34.02,4.91,-36.12,-2.9,-3.43,-36.21,,,0,,140,2330803,,0.0,0.0,31.94,68.06,0.0
2026-07-23,TN-04,house,TN,04,Victoria Broderick,Scott Desjarlais,REP,REP,-17.96,0.4,99.6,Safe R,-20.98,4.91,-17.96,-1.3,-0.33,-24.28,,,0,,52227,524813,,0.0,0.0,41.02,58.98,0.0
2026-07-23,TN-05,house,TN,05,Chaz Molder,Andy Ogles,REP,REP,-13.95,0.8,99.2,Safe R,-19.07,4.91,-15.17,0.93,-1.53,-23.39,41.0,47.0,1,-9.0,2490106,590480,,0.0,0.0,43.02,56.98,0.0
2026-07-23,TN-06,house,TN,06,Chaney Mosley,Van Hilleary,,REP,-21.56,0.2,99.8,Safe R,-24.02,4.91,-21.56,-1.82,0.0,-26.87,,,0,,77511,1502905,,0.0,0.0,39.22,60.78,0.0
2026-07-23,TN-07,house,TN,07,Darden Copeland,Matt Van Epps,REP,REP,-18.35,0.3,99.7,Safe R,-20.4,4.91,-18.35,-0.63,-1.67,-22.73,,,0,,794111,2262074,,0.0,0.0,40.83,59.17,0.0
2026-07-23,TN-08,house,TN,08,William Wicker,David Kustoff,REP,REP,-19.14,0.3,99.7,Safe R,-18.2,4.91,-19.14,0.0,-5.48,-20.43,,,0,,0,2220455,,0.0,0.0,40.43,59.57,0.0
2026-07-23,TN-09,house,TN,09,Justin Pearson,Brent Taylor,,REP,-12.2,1.1,98.9,Safe R,-17.05,4.91,-12.2,0.24,0.0,-21.42,,,0,,2201980,1426525,,0.0,0.0,43.9,56.1,0.0
2026-07-23,TX-01,house,TX,01,Democratic candidate (TX-01),Nathaniel Moran,REP,REP,-41.52,0.0,100.0,Safe R,-44.72,4.91,-41.52,0.0,-1.67,-49.91,,,0,,0,1797848,,0.0,0.0,29.24,70.76,0.0
2026-07-23,TX-02,house,TX,02,Shaun Finnie,Steve Toth,,REP,-13.26,0.9,99.1,Safe R,-19.52,4.91,-13.26,0.88,0.0,-23.13,,,0,,2729677,824450,,0.0,0.0,43.37,56.63,0.0
2026-07-23,TX-03,house,TX,03,Evan Hunt,Keith Self,REP,REP,-16.34,0.5,99.5,Safe R,-19.32,4.91,-16.34,-0.25,-1.67,-23.98,,,0,,446506,645503,,0.0,0.0,41.83,58.17,0.0
2026-07-23,TX-04,house,TX,04,Jason Pearce,Pat Fallon,REP,REP,-21.78,0.1,99.9,Safe R,-20.17,4.91,-21.78,-1.91,-4.23,-25.16,,,0,,16271,790505,,0.0,0.0,39.11,60.89,0.0
2026-07-23,TX-05,house,TX,05,Ruth Torres,Lance Gooden,REP,REP,-14.3,0.8,99.2,Safe R,-17.01,4.91,-14.3,-2.23,-0.52,-21.84,,,0,,20748,1341647,,0.0,0.0,42.85,57.15,0.0
2026-07-23,TX-06,house,TX,06,Danny Minton,Jake Ellzey,REP,REP,-19.68,0.2,99.8,Safe R,-19.09,4.91,-19.68,-2.94,-3.17,-23.28,,,0,,44283,4660385,,0.0,0.0,40.16,59.84,0.0
2026-07-23,TX-07,house,TX,07,Elizabeth Fletcher,Alexander Hale,DEM,DEM,40.08,100.0,0.0,Safe D,30.24,4.91,40.08,1.84,2.19,24.12,,,0,,1426057,76578,,0.0,0.0,70.04,29.96,0.0
2026-07-23,TX-08,house,TX,08,Keith Coleman,Jessica Steinmann,,REP,-18.89,0.3,99.7,Safe R,-21.8,4.91,-18.89,-2.83,0.0,-27.99,,,0,,11974,2064033,,0.0,0.0,40.56,59.44,0.0
2026-07-23,TX-09,house,TX,09,Leticia Gutierrez,Alexandra Mealer,,REP,-7.6,10.6,89.4,Likely R,-12.77,4.91,-7.6,-1.92,0.0,-20.07,,,0,,55358,2080514,,0.0,0.0,46.2,53.8,0.0
2026-07-23,TX-10,house,TX,10,Caitlin Rourk,Chris Gober,,REP,-13.99,0.8,99.2,Safe R,-17.45,4.91,-13.99,-1.52,0.0,-22.93,,,0,,363959,2559185,,0.0,0.0,43.0,57.0,0.0
2026-07-23,TX-11,house,TX,11,Claire Reynolds,August Pfluger,REP,REP,-28.35,0.0,100.0,Safe R,-30.14,4.91,-28.35,-2.36,-1.67,-34.78,,,0,,89281,3189023,,0.0,0.0,35.82,64.18,0.0
2026-07-23,TX-12,house,TX,12,Heli Rodriguez-Prilliman,Craig Goldman,REP,REP,-19.71,0.2,99.8,Safe R,-19.09,4.91,-19.71,0.0,-6.17,-24.15,,,0,,0,1756535,,0.0,0.0,40.15,59.85,0.0
2026-07-23,TX-13,house,TX,13,Mark Nair,Ronny Jackson,REP,REP,-41.65,0.0,100.0,Safe R,-42.74,4.91,-41.65,-2.49,-1.67,-46.67,,,0,,98355,4036265,,0.0,0.0,29.17,70.83,0.0
2026-07-23,TX-14,house,TX,14,Richard Davis,Randy Weber,REP,REP,-20.58,0.2,99.8,Safe R,-20.15,4.91,-20.58,-1.89,-3.76,-24.57,,,0,,31761,972561,,0.0,0.0,39.71,60.29,0.0
2026-07-23,TX-15,house,TX,15,Bobby Pulido,Monica De La Cruz,REP,REP,-2.76,27.4,72.6,Lean R,-8.84,4.91,-2.51,-0.33,-1.43,-18.02,46.98,47.49,2,-3.51,2960462,5273960,,0.0,0.0,48.62,51.38,0.0
2026-07-23,TX-16,house,TX,16,Veronica Escobar,Republican candidate (TX-16),DEM,DEM,35.62,100.0,0.0,Safe D,26.21,4.91,35.62,0.0,1.25,16.63,,,0,,858766,0,,0.0,0.0,67.81,32.19,0.0
2026-07-23,TX-17,house,TX,17,Democratic candidate (TX-17),Pete Sessions,REP,REP,-15.77,0.6,99.4,Safe R,-16.92,4.91,-15.77,0.0,-3.99,-21.95,,,0,,0,1050237,,0.0,0.0,42.11,57.89,0.0
2026-07-23,TX-18,house,TX,18,Christian Menefee,Republican candidate (TX-18),DEM,DEM,70.16,100.0,0.0,Safe D,62.3,4.91,70.16,0.0,1.67,55.72,,,0,,3637579,0,,0.0,0.0,85.08,14.92,0.0
2026-07-23,TX-19,house,TX,19,Kyle Rable,Tom Sell,,REP,-43.7,0.0,100.0,Safe R,-47.1,4.91,-43.7,-2.39,0.0,-52.17,,,0,,31276,2143025,,0.0,0.0,28.15,71.85,0.0
2026-07-23,TX-20,house,TX,20,Joaquin Castro,Edgardo Baez,DEM,DEM,48.3,100.0,0.0,Safe D,36.05,4.91,48.3,1.31,3.44,28.88,,,0,,514776,48536,,0.0,0.0,74.15,25.85,0.0
2026-07-23,TX-21,house,TX,21,Kristin Hook,Mark Teixeira,,REP,-13.26,0.9,99.1,Safe R,-17.43,4.91,-13.26,-2.06,0.63,-22.09,,,0,,243839,4177191,,0.0,0.0,43.37,56.63,0.0
2026-07-23,TX-22,house,TX,22,Marquette Greene-Scott,Trever Nehls,,REP,-13.97,0.8,99.2,Safe R,-18.01,4.91,-13.97,-0.81,-0.6,-22.66,,,0,,53761,206463,,0.0,0.0,43.01,56.99,0.0
2026-07-23,TX-23,house,TX,23,Katy Padilla Stout,Brandon Herrera,,REP,-3.27,25.5,74.5,Lean R,-9.01,4.91,-2.97,-0.91,0.0,-14.97,42.5,44.5,1,-5.0,484915,1937719,,0.0,0.0,48.36,51.64,0.0
2026-07-23,TX-24,house,TX,24,Democratic candidate (TX-24),Elizabeth Van Duyne,REP,REP,-11.9,1.2,98.8,Safe R,-12.34,4.91,-11.9,0.0,-4.34,-16.39,,,0,,0,2540738,,0.0,0.0,44.05,55.95,0.0
2026-07-23,TX-25,house,TX,25,Dione Sims,Roger Williams,REP,REP,-14.85,0.7,99.3,Safe R,-18.57,4.91,-14.85,0.0,-1.67,-24.34,,,0,,0,1424050,,0.0,0.0,42.58,57.42,0.0
2026-07-23,TX-26,house,TX,26,Steven Shook,Brandon Gill,REP,REP,-23.58,0.1,99.9,Safe R,-19.69,4.91,-23.58,-3.11,-5.71,-24.12,,,0,,17227,4217213,,0.0,0.0,38.21,61.79,0.0
2026-07-23,TX-27,house,TX,27,Tanya Lloyd,Michael Cloud,REP,REP,-14.85,0.7,99.3,Safe R,-16.93,4.91,-14.85,-1.33,-2.71,-21.44,,,0,,139788,1062241,,0.0,0.0,42.57,57.43,0.0
2026-07-23,TX-28,house,TX,28,Henry Cuellar,Tano Tijerina,DEM,DEM,10.54,97.1,2.9,Safe D,0.73,4.91,19.18,0.34,9.43,-10.45,35.5,44.0,1,-5.5,2231952,1399881,,0.0,0.0,55.27,44.73,0.0
2026-07-23,TX-29,house,TX,29,Sylvia Garcia,Martha Fierro,DEM,DEM,53.09,100.0,0.0,Safe D,38.57,4.91,53.09,0.0,7.38,30.84,,,0,,987402,0,,0.0,0.0,76.54,23.46,0.0
2026-07-23,TX-30,house,TX,30,Frederick Haynes,Sholdon Daniels,,DEM,60.71,100.0,0.0,Safe D,54.28,4.91,60.71,0.21,0.0,47.81,,,0,,420153,357415,,0.0,0.0,80.35,19.65,0.0
2026-07-23,TX-31,house,TX,31,Justin Early,John Carter,REP,REP,-19.73,0.2,99.8,Safe R,-17.85,4.91,-19.14,-1.61,-4.82,-22.14,,,0,,123522,1419042,,0.0,0.0,39.2,58.46,2.34
2026-07-23,TX-32,house,TX,32,Alex Cornwallis,Jace Yarbrough,,REP,-9.45,5.5,94.5,Likely R,-12.7,4.91,-9.45,-1.93,0.0,-18.11,,,0,,58931,865911,,0.0,0.0,45.27,54.73,0.0
2026-07-23,TX-33,house,TX,33,Colin Allred,Patrick Gillespie,,DEM,45.18,100.0,0.0,Safe D,40.44,4.91,45.18,0.0,-1.97,33.34,,,0,,7431941,0,,0.0,0.0,72.59,27.41,0.0
2026-07-23,TX-34,house,TX,34,Vicente Gonzalez,Eric Flores,DEM,DEM,7.4,88.7,11.3,Likely D,-2.12,4.91,10.27,0.16,4.39,-10.22,41.35,44.18,2,0.18,3773915,2874990,,0.0,0.0,53.7,46.3,0.0
2026-07-23,TX-35,house,TX,35,Johnny Garcia,Carlos De La Cruz,,REP,2.26,70.7,29.3,Lean D,-4.61,4.91,2.26,0.08,0.0,-10.56,,,0,,931699,1048751,,0.0,0.0,51.13,48.87,0.0
2026-07-23,TX-36,house,TX,36,Rhonda Hart,Brian Babin,REP,REP,-16.91,0.5,99.5,Safe R,-19.73,4.91,-16.91,0.0,-2.56,-25.28,,,0,,0,1006944,,0.0,0.0,41.55,58.45,0.0
2026-07-23,TX-37,house,TX,37,Greg Casar,Lauren Pena,DEM,DEM,70.24,100.0,0.0,Safe D,63.06,4.91,70.24,1.49,-0.07,57.7,,,0,,1172881,117890,,0.0,0.0,85.12,14.88,0.0
2026-07-23,TX-38,house,TX,38,Melissa McDonough,Jon Bonck,,REP,-14.99,0.7,99.3,Safe R,-17.17,4.91,-14.44,-2.01,-0.55,-21.3,,,0,,66929,1644127,,0.0,0.0,41.58,56.24,2.18
2026-07-23,UT-01,house,UT,01,Ben McAdams,Riley Owen,,DEM,35.4,100.0,0.0,Safe D,24.91,4.91,35.4,2.13,3.35,24.33,,,0,,2262255,132533,,0.0,0.0,67.7,32.3,0.0
2026-07-23,UT-02,house,UT,02,Peter Crosby,Blake Moore,REP,REP,-36.5,0.0,100.0,Safe R,-30.59,4.91,-36.5,-1.71,-8.71,-29.9,,,0,,60225,2536636,,0.0,0.0,31.75,68.25,0.0
2026-07-23,UT-03,house,UT,03,Kent Udell,Celeste Maloy,REP,REP,-44.66,0.0,100.0,Safe R,-42.81,4.91,-44.66,-1.72,-4.59,-42.42,,,0,,47533,1453861,,0.0,0.0,27.67,72.33,0.0
2026-07-23,UT-04,house,UT,04,Jonathan Larsen,Mike Kennedy,REP,REP,-42.88,0.0,100.0,Safe R,-34.05,4.91,-42.88,-1.72,-11.49,-33.43,,,0,,53579,971392,,0.0,0.0,28.56,71.44,0.0
2026-07-23,VA-01,house,VA,01,Shannon Taylor,Rob Wittman,REP,REP,-3.54,24.5,75.5,Likely R,-2.97,4.91,-4.73,-0.44,-5.6,-5.0,43.01,44.0,2,1.92,2054507,4016190,,0.0,0.0,48.23,51.77,0.0
2026-07-23,VA-02,house,VA,02,Elaine Luria,Jen Kiggans,REP,REP,5.42,82.3,17.7,Likely D,2.79,4.91,5.42,-0.21,-1.67,-0.27,,,0,,4443281,5843429,,0.0,0.0,52.71,47.29,0.0
2026-07-23,VA-03,house,VA,03,Bobby Scott,Republican candidate (VA-03),DEM,DEM,48.57,100.0,0.0,Safe D,38.88,4.91,48.57,0.0,4.81,35.17,,,0,,659665,0,,0.0,0.0,74.29,25.71,0.0
2026-07-23,VA-04,house,VA,04,Jennifer McClellan,Republican candidate (VA-04),DEM,DEM,46.91,100.0,0.0,Safe D,36.77,4.91,46.91,0.0,5.25,33.18,,,0,,1124945,0,,0.0,0.0,73.46,26.54,0.0
2026-07-23,VA-05,house,VA,05,Thomas Perriello,John McGuire,REP,REP,-5.79,16.4,83.6,Likely R,-8.61,4.91,-5.79,0.13,-1.67,-12.41,,,0,,2095712,1746971,,0.0,0.0,47.11,52.89,0.0
2026-07-23,VA-06,house,VA,06,Beth MacY,Ben Cline,REP,REP,-21.09,0.2,99.8,Safe R,-21.27,4.91,-21.09,0.08,-4.2,-24.47,,,0,,1590045,1413562,,0.0,0.0,39.46,60.54,0.0
2026-07-23,VA-07,house,VA,07,Yevgeny Vindman,Tara Durant,DEM,DEM,17.81,99.6,0.4,Safe D,6.62,4.91,17.81,2.49,3.73,2.91,,,0,,12056375,392454,,0.0,0.0,58.91,41.09,0.0
2026-07-23,VA-08,house,VA,08,Don Beyer,Heerak Kim,DEM,DEM,63.37,100.0,0.0,Safe D,55.35,4.91,63.37,2.77,0.24,50.9,,,0,,2086520,3300,,0.0,0.0,81.69,18.31,0.0
2026-07-23,VA-09,house,VA,09,Adam Murphy,Morgan Griffith,REP,REP,-40.5,0.0,100.0,Safe R,-40.93,4.91,-40.5,-2.18,-1.45,-44.43,,,0,,53280,1828839,,0.0,0.0,29.75,70.25,0.0
2026-07-23,VA-10,house,VA,10,Suhas Subramanyam,Michelle Wong,DEM,DEM,19.76,99.8,0.2,Safe D,13.32,4.91,19.76,1.11,0.51,8.58,,,0,,1153226,223056,,0.0,0.0,59.88,40.12,0.0
2026-07-23,VA-11,house,VA,11,James Walkinshaw,Stewart Whitson,DEM,DEM,47.62,100.0,0.0,Safe D,39.6,4.91,47.62,1.71,1.67,35.29,,,0,,2725747,268077,,0.0,0.0,73.81,26.19,0.0
2026-07-23,VT-01,house,VT,01,Rebecca Balint,Mark Coester,DEM,DEM,36.21,100.0,0.0,Safe D,20.63,4.91,36.12,1.82,9.71,32.77,61.62,25.34,2,36.29,911064,34786,,0.0,0.0,68.11,31.89,0.0
2026-07-23,WA-01,house,WA,01,Suzan Delbene,Republican candidate (WA-01),DEM,DEM,34.71,100.0,0.0,Safe D,30.07,4.91,34.71,0.0,0.33,29.71,,,0,,3472358,0,,0.0,0.0,67.36,32.64,0.0
2026-07-23,WA-02,house,WA,02,Rick Larsen,Republican candidate (WA-02),DEM,DEM,33.02,100.0,0.0,Safe D,24.1,4.91,33.02,0.0,4.54,24.45,,,0,,1992847,0,,0.0,0.0,66.51,33.49,0.0
2026-07-23,WA-03,house,WA,03,Marie Gluesenkamp Perez,John Braun,DEM,DEM,4.84,80.3,19.7,Likely D,-3.74,4.91,9.17,0.85,7.75,-3.4,41.8,42.96,2,-3.69,6183270,1980862,,0.0,0.0,52.42,47.58,0.0
2026-07-23,WA-04,house,WA,04,John Duresky,Jerrod Sessler,,REP,-15.69,0.6,99.4,Safe R,-20.54,4.91,-15.69,-0.78,0.0,-21.24,,,0,,168109,565896,,0.0,0.0,42.15,57.85,0.0
2026-07-23,WA-05,house,WA,05,Carmela Conroy,Michael Baumgartner,REP,REP,-22.79,0.1,99.9,Safe R,-11.1,4.91,-27.74,-0.86,-19.99,-11.11,47.0,53.0,1,-6.0,387475,1709514,,0.0,0.0,38.61,61.39,0.0
2026-07-23,WA-06,house,WA,06,Emily Randall,Teresa Fox,DEM,DEM,26.06,100.0,0.0,Safe D,19.18,4.91,26.06,2.12,0.51,19.89,,,0,,1175421,22907,,0.0,0.0,63.03,36.97,0.0
2026-07-23,WA-07,house,WA,07,Pramila Jayapal,Republican candidate (WA-07),DEM,DEM,79.08,100.0,0.0,Safe D,77.58,4.91,79.08,0.0,-2.85,77.56,,,0,,2474297,0,,0.0,0.0,89.54,10.46,0.0
2026-07-23,WA-08,house,WA,08,Kim Schrier,Trinh Ha,DEM,DEM,16.26,99.5,0.5,Safe D,6.12,4.91,16.26,2.01,3.8,5.97,,,0,,2931993,154590,,0.0,0.0,58.13,41.87,0.0
2026-07-23,WA-09,house,WA,09,Adam Smith,Janis Clark,DEM,DEM,48.88,100.0,0.0,Safe D,43.74,4.91,48.88,0.0,0.47,42.69,,,0,,1812862,0,,0.0,0.0,74.44,25.56,0.0
2026-07-23,WA-10,house,WA,10,Marilyn Strickland,Republican candidate (WA-10),DEM,DEM,24.83,99.9,0.1,Safe D,18.4,4.91,24.83,0.0,1.92,18.6,,,0,,1511304,0,,0.0,0.0,62.41,37.59,0.0
2026-07-23,WI-01,house,WI,01,Mitchell Berman,Bryan Steil,REP,REP,-3.99,22.8,77.2,Likely R,-2.69,4.91,-4.61,-1.52,-4.89,-4.58,42.5,46.0,1,-0.5,653922,5302289,,0.0,0.0,48.0,52.0,0.0
2026-07-23,WI-02,house,WI,02,Mark Pocan,Erik Olsen,DEM,DEM,50.36,100.0,0.0,Safe D,42.3,4.91,50.36,2.06,1.79,40.75,,,0,,777289,2840,,0.0,0.0,75.18,24.82,0.0
2026-07-23,WI-03,house,WI,03,Rebecca Cooke,Derrick Van Orden,REP,REP,3.81,76.6,23.4,Likely D,-5.52,4.91,5.85,0.09,7.27,-7.51,49.97,46.03,5,0.94,8305020,7289146,,0.0,0.0,51.91,48.09,0.0
2026-07-23,WI-04,house,WI,04,Gwen Moore,Purnima Nath,DEM,DEM,62.57,100.0,0.0,Safe D,54.02,4.91,62.57,0.0,3.43,52.47,,,0,,1029973,0,,0.0,0.0,81.28,18.72,0.0
2026-07-23,WI-05,house,WI,05,Andrew Beck,Scott Fitzgerald,REP,REP,-24.59,0.1,99.9,Safe R,-21.75,4.91,-24.59,-2.3,-4.66,-22.45,,,0,,14612,1345665,,0.0,0.0,37.71,62.29,0.0
2026-07-23,WI-06,house,WI,06,Aaron Wojciechowski,Glenn Grothman,REP,REP,-18.8,0.3,99.7,Safe R,-15.36,4.91,-17.8,-1.71,-4.83,-16.7,39.0,61.0,1,-22.0,44015,865241,,0.0,0.0,40.6,59.4,0.0
2026-07-23,WI-07,house,WI,07,Frederic Clark,Paul Wassgren,,REP,-18.6,0.3,99.7,Safe R,-20.98,4.91,-18.6,-1.54,0.0,-22.84,,,0,,392760,3403946,,0.0,0.0,40.7,59.3,0.0
2026-07-23,WI-08,house,WI,08,Mark Scheffler,Tony Wied,REP,REP,-14.23,0.8,99.2,Safe R,-15.16,4.91,-14.23,-1.34,-1.81,-16.46,,,0,,132784,1044881,,0.0,0.0,42.89,57.11,0.0
2026-07-23,WV-01,house,WV,01,Vince George,Carol Miller,REP,REP,-42.04,0.0,100.0,Safe R,-44.46,4.91,-42.04,-1.32,-0.22,-45.2,,,0,,258330,1746898,,0.0,0.0,28.98,71.02,0.0
2026-07-23,WV-02,house,WV,02,Ahsan Parsi,Riley Moore,REP,REP,-41.55,0.0,100.0,Safe R,-40.01,4.91,-41.55,-1.51,-4.03,-40.38,,,0,,134245,1325162,,0.0,0.0,29.23,70.77,0.0
2026-07-23,WY-01,house,WY,01,Lisa Kinney,Chuck Gray,,REP,-42.72,0.0,100.0,Safe R,-44.65,4.91,-42.72,-2.34,0.0,-46.96,,,0,,13270,1378842,,0.0,0.0,28.64,71.36,0.0
2026-07-23,AK-SEN,senate,AK,SEN,Mary Peltola,Dan Sullivan,REP,REP,-0.72,46.9,53.1,Toss-up,-10.62,4.91,-2.29,0.37,4.11,-13.8,46.31,46.61,12,-0.31,15575539,8501665,,0.0,0.0,45.34,46.66,8.0
2026-07-23,AL-SEN,senate,AL,SEN,Everett Wess,Barry Moore,,REP,-25.01,0.1,99.9,Safe R,-27.17,4.91,-25.01,-3.2,0.93,-30.88,,,0,,83341,3787330,,0.0,0.0,37.5,62.5,0.0
2026-07-23,AR-SEN,senate,AR,SEN,Hallie Shoffner,Tom Cotton,REP,REP,-26.16,0.0,100.0,Safe R,-29.31,4.91,-27.42,-0.84,-1.67,-31.57,36.0,58.0,1,-19.0,2269114,6233117,,0.0,0.0,36.92,63.08,0.0
2026-07-23,CO-SEN,senate,CO,SEN,John Hickenlooper,Mark Baisley,DEM,DEM,24.32,99.9,0.1,Safe D,13.02,4.91,24.32,2.84,3.55,11.29,,,0,,8119380,138597,,0.0,0.0,62.16,37.84,0.0
2026-07-23,DE-SEN,senate,DE,SEN,Chris Coons,Michael Katz,DEM,DEM,24.49,99.9,0.1,Safe D,15.57,4.91,24.49,2.63,1.67,14.84,,,0,,3940137,70152,,0.0,0.0,62.25,37.75,0.0
2026-07-23,FL-SEN,senate,FL,SEN,Alexander Vindman,Ashley Moody,REP,REP,-5.73,16.6,83.4,Likely R,-8.66,4.91,-4.7,0.21,-1.67,-13.22,41.56,47.23,11,-6.85,14595387,10802230,,0.0,0.0,47.13,52.87,0.0
2026-07-23,GA-SEN,senate,GA,SEN,Jon Ossoff,Mike Collins,DEM,DEM,12.39,98.9,1.1,Safe D,-0.53,4.91,12.69,1.71,6.73,-2.21,54.7,43.03,9,11.96,77279766,7409350,,0.0,0.0,56.19,43.81,0.0
2026-07-23,IA-SEN,senate,IA,SEN,Josh Turek,Ashley Hinson,,REP,-1.59,32.0,68.0,Lean R,-7.39,4.91,-4.22,-0.1,-0.93,-13.45,47.49,47.08,8,0.1,6276527,10217845,,0.0,0.0,47.91,49.46,2.63
2026-07-23,ID-SEN,senate,ID,SEN,David Roth,Jim Risch,REP,REP,-39.53,0.0,100.0,Safe R,-38.4,4.91,-40.0,-3.05,-2.97,-37.52,15.0,55.0,1,-37.0,8642,3357516,Todd Achilles,7.0,0.0,28.12,64.88,0.0
2026-07-23,IL-SEN,senate,IL,SEN,Juliana Stratton,Don Tracy,,DEM,20.28,99.8,0.2,Safe D,15.06,4.91,20.28,0.32,0.0,11.14,,,0,,5906599,2459890,,0.0,0.0,60.14,39.86,0.0
2026-07-23,KS-SEN,senate,KS,SEN,Adam Hamilton,Roger Marshall,REP,REP,-11.38,1.3,98.7,Safe R,-15.31,4.91,-11.98,-0.07,-1.09,-16.41,46.0,54.0,1,-8.0,3678710,3943411,,0.0,0.0,44.31,55.69,0.0
2026-07-23,KY-SEN,senate,KY,SEN,Charles Booker,Andy Barr,,REP,-29.21,0.0,100.0,Safe R,-30.07,4.91,-31.63,-0.86,-4.86,-31.03,37.0,49.5,1,-15.5,1099509,9981055,,0.0,0.0,35.4,64.6,0.0
2026-07-23,LA-SEN,senate,LA,SEN,Jamie Davis,Julia Letlow,,REP,-24.35,0.1,99.9,Safe R,-21.43,4.91,-24.35,-0.45,-7.1,-22.36,,,0,,1983548,6210122,,0.0,0.0,37.82,62.18,0.0
2026-07-23,MA-SEN,senate,MA,SEN,Ed Markey,John Deaton,DEM,DEM,29.57,100.0,0.0,Safe D,28.58,4.91,35.47,0.66,1.67,25.91,52.51,32.08,7,20.45,4848657,1498561,,0.0,0.0,64.78,35.22,0.0
2026-07-23,ME-SEN,senate,ME,SEN,Troy Jackson,Susan Collins,REP,REP,2.07,69.9,30.1,Lean D,8.72,4.91,-0.89,0.0,-13.55,7.09,49.99,44.89,5,4.57,0,16169827,,0.0,0.0,51.04,48.96,0.0
2026-07-23,MI-SEN,senate,MI,SEN,Abdul El-Sayed,Mike Rogers,,DEM,4.9,80.5,19.5,Likely D,3.03,4.91,7.47,-0.28,0.44,-1.44,45.51,43.03,14,2.42,12222407,10582463,,0.0,0.0,52.45,47.55,0.0
2026-07-23,MN-SEN,senate,MN,SEN,Peggy Flanagan,Michele Tafoya,,DEM,9.58,94.8,5.2,Likely D,6.83,4.91,10.97,-0.05,0.0,4.34,49.03,41.46,6,7.05,6044163,4669609,,0.0,0.0,54.79,45.21,0.0
2026-07-23,MS-SEN,senate,MS,SEN,Scott Colom,Cindy Hyde-Smith,REP,REP,-13.64,0.9,99.1,Safe R,-21.48,4.91,-14.63,-0.31,2.62,-23.15,39.0,42.0,1,-6.0,2384921,3825455,Ty Pinkins,6.0,0.0,40.59,53.41,0.0
2026-07-23,MT-SEN,senate,MT,SEN,Alani Bankhead,Kurt Alme,,REP,-20.75,5.1,94.9,Likely R,-13.86,4.91,-9.57,0.39,0.0,-20.58,33.42,46.39,4,-13.28,58829,1984861,Seth Bodnar,9.52,0.0,33.04,53.78,3.66
2026-07-23,NC-SEN,senate,NC,SEN,Roy Cooper,Michael Whatley,,REP,5.87,83.8,16.2,Likely D,-2.8,4.91,4.41,0.7,1.9,-3.27,49.17,40.43,21,8.4,34975789,11272504,,0.0,0.0,51.94,46.19,1.87
2026-07-23,NE-SEN,senate,NE,SEN,(No Democrat),Pete Ricketts,REP,REP,-6.7,30.6,69.4,Lean R,-19.22,4.91,-6.68,-0.53,8.63,-20.84,42.0,49.0,1,-7.0,0,11233507,Dan Osborn,46.65,30.6,0.0,53.35,0.0
2026-07-23,NH-SEN,senate,NH,SEN,Chris Pappas,John E. Sununu,,DEM,6.96,87.4,12.6,Likely D,0.25,4.91,9.26,0.75,4.2,2.82,46.63,42.63,16,4.2,13371607,3662252,,0.0,0.0,53.48,46.52,0.0
2026-07-23,NJ-SEN,senate,NJ,SEN,Cory Booker,Justin Murphy,DEM,DEM,19.42,99.7,0.3,Safe D,8.31,4.91,19.42,4.13,1.88,5.63,,,0,,18869341,27316,,0.0,0.0,59.71,40.29,0.0
2026-07-23,NM-SEN,senate,NM,SEN,Ben Ray Lujan,Larry Marker,DEM,DEM,18.99,99.7,0.3,Safe D,8.13,4.91,18.99,3.16,1.67,6.14,,,0,,5626629,33525,,0.0,0.0,59.49,40.51,0.0
2026-07-23,OH-SEN,senate,OH,SEN,Sherrod Brown,Jon Husted,REP,REP,-0.5,36.3,63.7,Lean R,-8.42,4.91,-2.2,0.6,1.39,-11.31,48.7,47.86,14,0.83,38566234,14360028,,0.0,0.0,48.97,49.46,1.57
2026-07-23,OK-SEN,senate,OK,SEN,Jasmine Thomas,Kevin Hern,,REP,-36.02,0.0,100.0,Safe R,-33.96,4.91,-36.02,-3.49,-2.78,-34.95,,,0,,52402,9953579,,0.0,0.0,31.99,68.01,0.0
2026-07-23,OR-SEN,senate,OR,SEN,Jeff Merkley,David Brock Smith,DEM,DEM,21.09,99.8,0.2,Safe D,12.51,4.91,21.09,2.47,1.67,14.89,,,0,,4540974,120760,,0.0,0.0,60.55,39.45,0.0
2026-07-23,RI-SEN,senate,RI,SEN,Jack Reed,Raymond McKay,DEM,DEM,22.5,99.9,0.1,Safe D,17.06,4.91,25.46,2.03,1.67,14.16,52.0,35.0,1,17.0,3126485,163439,,0.0,0.0,61.25,38.75,0.0
2026-07-23,SC-SEN,senate,SC,SEN,Annie Andrews,Generic Republican,,REP,-6.57,13.9,86.1,Likely R,-14.72,4.91,-6.94,0.0,3.25,-18.12,,,0,,10804040,0,,0.0,0.0,45.84,52.29,1.87
2026-07-23,SD-SEN,senate,SD,SEN,Julian Beaudion,Mike Rounds,REP,REP,-29.16,0.0,100.0,Safe R,-28.29,4.91,-30.68,-1.88,-4.39,-29.98,31.79,49.32,2,-20.53,228295,3176451,Brian Bengs,5.06,0.0,33.63,61.31,0.0
2026-07-23,TN-SEN,senate,TN,SEN,Marquita Bradshaw,Bill Hagerty,REP,REP,-32.0,0.0,100.0,Safe R,-26.4,4.91,-32.0,-3.72,-6.25,-30.12,,,0,,1502,7010097,,0.0,0.0,34.0,66.0,0.0
2026-07-23,TX-SEN,senate,TX,SEN,James Talarico,Ken Paxton,,REP,0.27,62.8,37.2,Lean D,-10.63,4.91,-1.13,1.51,2.05,-13.88,45.24,44.43,19,0.83,68555930,9248699,,0.0,0.0,49.13,48.86,2.01
2026-07-23,VA-SEN,senate,VA,SEN,Mark Warner,Bert Mizusawa,DEM,DEM,17.44,99.6,0.4,Safe D,6.82,4.91,17.44,2.86,3.15,5.89,,,0,,17651762,341219,,0.0,0.0,58.72,41.28,0.0
2026-07-23,WV-SEN,senate,WV,SEN,Rachel Fetty Anderson,Shelley Moore Capito,REP,REP,-42.92,0.0,100.0,Safe R,-42.1,4.91,-42.92,-3.14,-1.67,-42.69,,,0,,22447,4624145,,0.0,0.0,28.54,71.46,0.0
2026-07-23,WY-SEN,senate,WY,SEN,James Byrd,Harriet Hageman,,REP,-43.32,0.0,100.0,Safe R,-45.03,4.91,-43.32,-2.56,0.0,-46.96,,,0,,19576,2023908,,0.0,0.0,28.34,71.66,0.0
